telemetry_sequence,stm32_tick_ms,vision_frame_id,ball_x_px,error_px,velocity_px_s,p_term_us,i_term_us,d_term_us,control_offset_us,servo_target_us,servo_current_us,guard_state,measurement_status,control_flags,motion_state,motion_flags,motion_link_valid,acc_track_mg,yaw_rate_dps,vibration_level_mg,line_error,left_speed,right_speed,turn_command,motion_sequence,motion_age_ms,lost_grace,lost_age_ms,lost_recovery,pid_sum_raw_us,pid_sum_directed_us,acc_filtered_mg,af_raw_us,af_clamped_us,af_slewed_us,yaw_raw_dps,speed_average,speed_scale_x1000,yf_raw_us,yf_clamped_us,yf_slewed_us,hold_pwm_effective_us,feedforward_total_us,servo_prelimit_us,servo_flags,motion_bias_active_us,turn_scale,yaw_handover,turn_preview_raw_us,turn_preview_slewed_us
97,1962,0,0,0,0,0,0,0,0,1305,1305,0,255,65,0,0,0,0,0.0,0,0,0,0,0,0,101,0,0,0,0,0,0,0,0,0,0.0,0,0,0,0,0,1305,0,1305,0,0,0.0,0.0,0,0
100,2022,0,0,0,0,0,0,0,0,1305,1305,0,255,65,0,0,0,0,0.0,0,0,0,0,0,0,101,0,0,0,0,0,0,0,0,0,0.0,0,0,0,0,0,1305,0,1305,0,0,0.0,0.0,0,0
101,2042,0,0,0,0,0,0,0,0,1305,1305,0,255,65,0,0,0,0,0.0,0,0,0,0,0,0,101,0,0,0,0,0,0,0,0,0,0.0,0,0,0,0,0,1305,0,1305,0,0,0.0,0.0,0,0
102,2062,0,0,0,0,0,0,0,0,1305,1305,0,255,65,0,0,0,0,0.0,0,0,0,0,0,0,101,0,0,0,0,0,0,0,0,0,0.0,0,0,0,0,0,1305,0,1305,0,0,0.0,0.0,0,0
103,2082,0,0,0,0,0,0,0,0,1305,1305,0,255,65,0,0,0,0,0.0,0,0,0,0,0,0,101,0,0,0,0,0,0,0,0,0,0.0,0,0,0,0,0,1305,0,1305,0,0,0.0,0.0,0,0
104,2102,0,0,0,0,0,0,0,0,1305,1305,0,255,65,0,0,0,0,0.0,0,0,0,0,0,0,101,0,0,0,0,0,0,0,0,0,0.0,0,0,0,0,0,1305,0,1305,0,0,0.0,0.0,0,0
105,2122,0,0,0,0,0,0,0,0,1305,1305,0,255,65,0,0,0,0,0.0,0,0,0,0,0,0,101,0,0,0,0,0,0,0,0,0,0.0,0,0,0,0,0,1305,0,1305,0,0,0.0,0.0,0,0
106,2142,0,0,0,0,0,0,0,0,1305,1305,0,255,65,0,0,0,0,0.0,0,0,0,0,0,0,101,0,0,0,0,0,0,0,0,0,0.0,0,0,0,0,0,1305,0,1305,0,0,0.0,0.0,0,0
107,2162,0,0,0,0,0,0,0,0,1305,1305,0,255,65,0,0,0,0,0.0,0,0,0,0,0,0,101,0,0,0,0,0,0,0,0,0,0.0,0,0,0,0,0,1305,0,1305,0,0,0.0,0.0,0,0
108,2182,0,0,0,0,0,0,0,0,1305,1305,0,255,65,0,0,0,0,0.0,0,0,0,0,0,0,101,0,0,0,0,0,0,0,0,0,0.0,0,0,0,0,0,1305,0,1305,0,0,0.0,0.0,0,0
109,2202,0,0,0,0,0,0,0,0,1305,1305,0,255,65,0,0,0,0,0.0,0,0,0,0,0,0,101,0,0,0,0,0,0,0,0,0,0.0,0,0,0,0,0,1305,0,1305,0,0,0.0,0.0,0,0
110,2222,0,0,0,0,0,0,0,0,1305,1305,0,255,65,0,0,0,0,0.0,0,0,0,0,0,0,101,0,0,0,0,0,0,0,0,0,0.0,0,0,0,0,0,1305,0,1305,0,0,0.0,0.0,0,0
111,2242,0,0,0,0,0,0,0,0,1305,1305,0,255,65,0,0,0,0,0.0,0,0,0,0,0,0,101,0,0,0,0,0,0,0,0,0,0.0,0,0,0,0,0,1305,0,1305,0,0,0.0,0.0,0,0
112,2262,0,0,0,0,0,0,0,0,1305,1305,0,255,65,0,0,0,0,0.0,0,0,0,0,0,0,101,0,0,0,0,0,0,0,0,0,0.0,0,0,0,0,0,1305,0,1305,0,0,0.0,0.0,0,0
113,2282,0,0,0,0,0,0,0,0,1305,1305,0,255,65,0,0,0,0,0.0,0,0,0,0,0,0,101,0,0,0,0,0,0,0,0,0,0.0,0,0,0,0,0,1305,0,1305,0,0,0.0,0.0,0,0
114,2302,0,0,0,0,0,0,0,0,1305,1305,0,255,65,0,0,0,0,0.0,0,0,0,0,0,0,101,0,0,0,0,0,0,0,0,0,0.0,0,0,0,0,0,1305,0,1305,0,0,0.0,0.0,0,0
115,2322,0,0,0,0,0,0,0,0,1305,1305,0,255,65,0,0,0,0,0.0,0,0,0,0,0,0,101,0,0,0,0,0,0,0,0,0,0.0,0,0,0,0,0,1305,0,1305,0,0,0.0,0.0,0,0
116,2342,0,0,0,0,0,0,0,0,1305,1305,0,255,65,0,0,0,0,0.0,0,0,0,0,0,0,101,0,0,0,0,0,0,0,0,0,0.0,0,0,0,0,0,1305,0,1305,0,0,0.0,0.0,0,0
117,2362,0,0,0,0,0,0,0,0,1305,1305,0,255,65,0,0,0,0,0.0,0,0,0,0,0,0,101,0,0,0,0,0,0,0,0,0,0.0,0,0,0,0,0,1305,0,1305,0,0,0.0,0.0,0,0
118,2382,0,0,0,0,0,0,0,0,1305,1305,0,255,65,0,0,0,0,0.0,0,0,0,0,0,0,101,0,0,0,0,0,0,0,0,0,0.0,0,0,0,0,0,1305,0,1305,0,0,0.0,0.0,0,0
119,2402,0,0,0,0,0,0,0,0,1305,1305,0,255,65,0,0,0,0,0.0,0,0,0,0,0,0,101,0,0,0,0,0,0,0,0,0,0.0,0,0,0,0,0,1305,0,1305,0,0,0.0,0.0,0,0
120,2422,0,0,0,0,0,0,0,0,1305,1305,0,255,65,0,0,0,0,0.0,0,0,0,0,0,0,101,0,0,0,0,0,0,0,0,0,0.0,0,0,0,0,0,1305,0,1305,0,0,0.0,0.0,0,0
121,2442,0,0,0,0,0,0,0,0,1305,1305,0,255,65,0,0,0,0,0.0,0,0,0,0,0,0,101,0,0,0,0,0,0,0,0,0,0.0,0,0,0,0,0,1305,0,1305,0,0,0.0,0.0,0,0
122,2462,0,0,0,0,0,0,0,0,1305,1305,0,255,65,0,0,0,0,0.0,0,0,0,0,0,0,101,0,0,0,0,0,0,0,0,0,0.0,0,0,0,0,0,1305,0,1305,0,0,0.0,0.0,0,0
123,2482,0,0,0,0,0,0,0,0,1305,1305,0,255,65,0,1,1,0,-1.0,12,0,0,0,0,0,3,0,0,0,0,0,0,0,0,0,0.0,0,0,0,0,0,1305,0,1305,0,0,0.0,0.0,0,0
124,2502,0,0,0,0,0,0,0,0,1305,1305,0,255,65,0,1,1,0,-1.5,8,34,0,0,0,1,3,0,0,0,0,0,0,0,0,0,0.0,0,0,0,0,0,1305,0,1305,0,0,0.0,0.0,0,0
125,2522,0,0,0,0,0,0,0,0,1305,1305,0,255,65,0,1,1,0,-2.3000000000000003,7,33,0,0,0,2,3,0,0,0,0,0,0,0,0,0,0.0,0,0,0,0,0,1305,0,1305,0,0,0.0,0.0,0,0
126,2542,0,0,0,0,0,0,0,0,1305,1305,0,255,65,0,1,1,0,-2.1,6,33,0,0,0,3,3,0,0,0,0,0,0,0,0,0,0.0,0,0,0,0,0,1305,0,1305,0,0,0.0,0.0,0,0
127,2562,0,0,0,0,0,0,0,0,1305,1305,0,255,65,0,1,1,19,-3.3000000000000003,11,33,0,0,0,4,3,0,0,0,0,0,0,0,0,0,0.0,0,0,0,0,0,1305,0,1305,0,0,0.0,0.0,0,0
128,2582,0,0,0,0,0,0,0,0,1305,1305,0,255,65,0,1,1,19,-3.3000000000000003,11,33,0,0,0,4,23,0,0,0,0,0,0,0,0,0,0.0,0,0,0,0,0,1305,0,1305,0,0,0.0,0.0,0,0
129,2602,0,0,0,0,0,0,0,0,1305,1305,0,255,65,0,1,1,19,-3.3000000000000003,11,33,0,0,0,4,43,0,0,0,0,0,0,0,0,0,0.0,0,0,0,0,0,1305,0,1305,0,0,0.0,0.0,0,0
130,2622,0,0,0,0,0,0,0,0,1305,1305,0,255,65,5,1,1,20,-16.5,10,36,0,-8,0,5,12,0,0,0,0,0,20,30,30,20,0.0,0,0,0,0,0,1325,20,1325,4,0,0.0,0.0,0,0
131,2642,0,0,0,0,0,0,0,0,1305,1305,0,255,65,5,1,1,12,-21.8,11,28,0,-15,0,6,12,0,0,0,0,0,18,26,26,26,0.0,0,0,0,0,0,1331,26,1331,0,0,0.0,0.0,0,0
132,2662,0,0,0,0,0,0,0,0,1305,1305,0,255,65,5,1,1,0,-24.3,14,17,0,-19,0,7,12,0,0,0,0,0,12,18,18,18,0.0,0,0,0,0,0,1323,18,1323,0,0,0.0,0.0,0,0
133,2682,0,0,0,0,0,0,0,0,1305,1305,0,255,65,5,1,1,-12,-21.0,17,17,0,-32,0,8,12,0,0,0,0,0,5,8,8,8,0.0,0,0,0,0,0,1313,8,1313,0,0,0.0,0.0,0,0
134,2702,0,0,0,0,0,0,0,0,1305,1305,0,255,65,5,1,1,-19,-13.5,13,16,-1,-32,0,9,12,0,0,0,0,0,-2,-3,-3,-3,0.0,0,0,0,0,0,1302,-3,1302,0,0,0.0,0.0,0,0
135,2722,0,0,0,0,0,0,0,0,1305,1305,0,255,65,5,1,1,-10,-10.100000000000001,14,16,0,-20,0,10,1,0,0,0,0,0,-5,-7,-7,-7,0.0,0,0,0,0,0,1298,-7,1298,0,0,0.0,0.0,0,0
136,2742,0,0,0,0,0,0,0,0,1305,1305,0,255,65,0,1,1,-20,-7.5,15,16,-1,-5,0,11,1,0,0,0,0,0,-5,0,0,0,0.0,0,0,0,0,0,1305,0,1305,0,0,0.0,0.0,0,0
137,2762,0,0,0,0,0,0,0,0,1305,1305,0,255,65,0,1,1,-24,-4.1000000000000005,13,16,-1,0,0,12,1,0,0,0,0,0,-5,0,0,0,0.0,0,0,0,0,0,1305,0,1305,0,0,0.0,0.0,0,0
138,2782,0,0,0,0,0,0,0,0,1305,1305,0,255,65,0,1,1,-16,-1.2000000000000002,12,16,-1,0,0,13,1,0,0,0,0,0,-5,0,0,0,0.0,0,0,0,0,0,1305,0,1305,0,0,0.0,0.0,0,0
139,2802,0,0,0,0,0,0,0,0,1305,1305,0,255,65,0,1,1,-10,0.1,12,16,0,1,0,14,1,0,0,0,0,0,-5,0,0,0,0.0,0,0,0,0,0,1305,0,1305,0,0,0.0,0.0,0,0
140,2822,0,0,0,0,0,0,0,0,1305,1305,0,255,65,0,1,1,-10,0.1,12,16,0,1,0,14,21,0,0,0,0,0,-5,0,0,0,0.0,0,0,0,0,0,1305,0,1305,0,0,0.0,0.0,0,0
141,2842,0,0,0,0,0,0,0,0,1305,1305,0,255,65,0,1,1,0,0.5,10,16,0,4,0,15,10,0,0,0,0,0,-5,0,0,0,0.0,0,0,0,0,0,1305,0,1305,0,0,0.0,0.0,0,0
142,2862,0,0,0,0,0,0,0,0,1305,1305,0,255,65,0,1,1,0,0.1,9,16,0,2,0,16,10,0,0,0,0,0,-5,0,0,0,0.0,0,0,0,0,0,1305,0,1305,0,0,0.0,0.0,0,0
143,2882,0,0,0,0,0,0,0,0,1305,1305,0,255,65,0,1,1,0,-0.6000000000000001,9,16,0,0,0,17,10,0,0,0,0,0,-5,0,0,0,0.0,0,0,0,0,0,1305,0,1305,0,0,0.0,0.0,0,0
144,2902,0,0,0,0,0,0,0,0,1305,1305,0,255,65,0,1,1,0,-1.4000000000000001,7,16,0,0,0,18,10,0,0,0,0,0,-5,0,0,0,0.0,0,0,0,0,0,1305,0,1305,0,0,0.0,0.0,0,0
145,2922,0,0,0,0,0,0,0,0,1305,1305,0,255,65,0,1,1,0,-1.5,6,16,0,0,0,19,10,0,0,0,0,0,-5,0,0,0,0.0,0,0,0,0,0,1305,0,1305,0,0,0.0,0.0,0,0
146,2942,0,0,0,0,0,0,0,0,1305,1305,0,255,65,0,1,1,0,-1.5,6,16,0,0,0,19,30,0,0,0,0,0,-5,0,0,0,0.0,0,0,0,0,0,1305,0,1305,0,0,0.0,0.0,0,0
147,2962,0,0,0,0,0,0,0,0,1305,1305,0,255,65,0,1,1,0,-2.0,6,16,0,0,0,20,19,0,0,0,0,0,-5,0,0,0,0.0,0,0,0,0,0,1305,0,1305,0,0,0.0,0.0,0,0
148,2982,0,0,0,0,0,0,0,0,1305,1305,0,255,65,0,1,1,0,-2.3000000000000003,4,16,0,0,0,21,19,0,0,0,0,0,-5,0,0,0,0.0,0,0,0,0,0,1305,0,1305,0,0,0.0,0.0,0,0
149,3002,0,0,0,0,0,0,0,0,1305,1305,0,255,65,0,1,1,0,-1.9000000000000001,2,16,0,0,0,22,19,0,0,0,0,0,-5,0,0,0,0.0,0,0,0,0,0,1305,0,1305,0,0,0.0,0.0,0,0
150,3022,0,0,0,0,0,0,0,0,1305,1305,0,255,65,0,1,1,0,-1.2000000000000002,3,16,0,0,0,23,19,0,0,0,0,0,-5,0,0,0,0.0,0,0,0,0,0,1305,0,1305,0,0,0.0,0.0,0,0
151,3042,0,0,0,0,0,0,0,0,1305,1305,0,255,65,0,1,1,0,-1.0,3,16,0,0,0,24,19,0,0,0,0,0,-5,0,0,0,0.0,0,0,0,0,0,1305,0,1305,0,0,0.0,0.0,0,0
152,3062,0,0,0,0,0,0,0,0,1305,1305,0,255,65,0,1,1,0,-1.5,2,16,0,0,0,25,8,0,0,0,0,0,-5,0,0,0,0.0,0,0,0,0,0,1305,0,1305,0,0,0.0,0.0,0,0
153,3082,0,0,0,0,0,0,0,0,1305,1305,0,255,65,0,1,1,0,-1.7000000000000002,2,16,0,0,0,26,8,0,0,0,0,0,-5,0,0,0,0.0,0,0,0,0,0,1305,0,1305,0,0,0.0,0.0,0,0
154,3102,0,0,0,0,0,0,0,0,1305,1305,0,255,65,0,1,1,0,-1.8,2,16,0,0,0,27,8,0,0,0,0,0,-5,0,0,0,0.0,0,0,0,0,0,1305,0,1305,0,0,0.0,0.0,0,0
155,3122,0,0,0,0,0,0,0,0,1305,1305,0,255,65,0,1,1,8,-1.5,2,16,0,0,0,28,8,0,0,0,0,0,-5,0,0,0,0.0,0,0,0,0,0,1305,0,1305,0,0,0.0,0.0,0,0
156,3142,0,0,0,0,0,0,0,0,1305,1305,0,255,65,0,1,1,10,-1.2000000000000002,3,16,0,0,0,29,8,0,0,0,0,0,-5,0,0,0,0.0,0,0,0,0,0,1305,0,1305,0,0,0.0,0.0,0,0
157,3162,0,0,0,0,0,0,0,0,1305,1305,0,255,65,0,1,1,10,-1.2000000000000002,3,16,0,0,0,29,28,0,0,0,0,0,-5,0,0,0,0.0,0,0,0,0,0,1305,0,1305,0,0,0.0,0.0,0,0
158,3182,0,0,0,0,0,0,0,0,1305,1305,0,255,65,0,1,1,0,-1.1,4,16,0,0,0,30,18,0,0,0,0,0,-5,0,0,0,0.0,0,0,0,0,0,1305,0,1305,0,0,0.0,0.0,0,0
159,3202,0,0,0,0,0,0,0,0,1305,1305,0,255,65,0,1,1,0,-0.9,5,16,0,0,0,31,17,0,0,0,0,0,-5,0,0,0,0.0,0,0,0,0,0,1305,0,1305,0,0,0.0,0.0,0,0
160,3222,0,0,0,0,0,0,0,0,1305,1305,0,255,65,0,1,1,0,-1.0,5,16,0,0,0,32,17,0,0,0,0,0,-5,0,0,0,0.0,0,0,0,0,0,1305,0,1305,0,0,0.0,0.0,0,0
161,3242,0,0,0,0,0,0,0,0,1305,1305,0,255,65,0,1,1,0,-1.0,4,16,0,0,0,33,17,0,0,0,0,0,-5,0,0,0,0.0,0,0,0,0,0,1305,0,1305,0,0,0.0,0.0,0,0
162,3262,0,0,0,0,0,0,0,0,1305,1305,0,255,65,0,1,1,0,-0.8,3,16,0,0,0,34,17,0,0,0,0,0,-5,0,0,0,0.0,0,0,0,0,0,1305,0,1305,0,0,0.0,0.0,0,0
163,3282,0,0,0,0,0,0,0,0,1305,1305,0,255,65,0,1,1,0,-1.0,2,16,0,0,0,35,7,0,0,0,0,0,-5,0,0,0,0.0,0,0,0,0,0,1305,0,1305,0,0,0.0,0.0,0,0
164,3302,0,0,0,0,0,0,0,0,1305,1305,0,255,65,0,1,1,0,-1.1,2,16,0,0,0,36,6,0,0,0,0,0,-5,0,0,0,0.0,0,0,0,0,0,1305,0,1305,0,0,0.0,0.0,0,0
165,3322,0,0,0,0,0,0,0,0,1305,1305,0,255,65,0,1,1,0,-1.4000000000000001,1,16,0,0,0,37,6,0,0,0,0,0,-5,0,0,0,0.0,0,0,0,0,0,1305,0,1305,0,0,0.0,0.0,0,0
166,3342,0,0,0,0,0,0,0,0,1305,1305,0,255,65,0,1,1,0,-1.5,1,16,0,0,0,38,6,0,0,0,0,0,-5,0,0,0,0.0,0,0,0,0,0,1305,0,1305,0,0,0.0,0.0,0,0
167,3362,0,0,0,0,0,0,0,0,1305,1305,0,255,65,0,1,1,0,-1.4000000000000001,1,16,0,0,0,39,6,0,0,0,0,0,-5,0,0,0,0.0,0,0,0,0,0,1305,0,1305,0,0,0.0,0.0,0,0
168,3382,0,0,0,0,0,0,0,0,1305,1305,0,255,65,0,1,1,0,-1.4000000000000001,1,16,0,0,0,39,26,0,0,0,0,0,-5,0,0,0,0.0,0,0,0,0,0,1305,0,1305,0,0,0.0,0.0,0,0
169,3402,0,0,0,0,0,0,0,0,1305,1305,0,255,65,0,1,1,0,-1.4000000000000001,2,16,0,0,0,40,16,0,0,0,0,0,-5,0,0,0,0.0,0,0,0,0,0,1305,0,1305,0,0,0.0,0.0,0,0
170,3422,0,0,0,0,0,0,0,0,1305,1305,0,255,65,0,1,1,0,-1.4000000000000001,3,16,0,0,0,41,15,0,0,0,0,0,-5,0,0,0,0.0,0,0,0,0,0,1305,0,1305,0,0,0.0,0.0,0,0
171,3442,0,0,0,0,0,0,0,0,1305,1305,0,255,65,0,1,1,0,-1.4000000000000001,3,16,0,0,0,42,15,0,0,0,0,0,-5,0,0,0,0.0,0,0,0,0,0,1305,0,1305,0,0,0.0,0.0,0,0
172,3462,0,0,0,0,0,0,0,0,1305,1305,0,255,65,0,1,1,0,-1.6,3,16,0,0,0,43,15,0,0,0,0,0,-5,0,0,0,0.0,0,0,0,0,0,1305,0,1305,0,0,0.0,0.0,0,0
173,3482,0,0,0,0,0,0,0,0,1305,1305,0,255,65,0,1,1,0,-1.5,3,16,0,0,0,44,15,0,0,0,0,0,-5,0,0,0,0.0,0,0,0,0,0,1305,0,1305,0,0,0.0,0.0,0,0
174,3502,0,0,0,0,0,0,0,0,1305,1305,0,255,65,0,1,1,0,-1.6,3,16,0,0,0,45,5,0,0,0,0,0,-5,0,0,0,0.0,0,0,0,0,0,1305,0,1305,0,0,0.0,0.0,0,0
175,3522,0,0,0,0,0,0,0,0,1305,1305,0,255,65,0,1,1,0,-2.0,2,16,0,0,0,46,5,0,0,0,0,0,-5,0,0,0,0.0,0,0,0,0,0,1305,0,1305,0,0,0.0,0.0,0,0
176,3542,0,0,0,0,0,0,0,0,1305,1305,0,255,65,0,1,1,0,-2.1,3,16,0,0,0,47,4,0,0,0,0,0,-5,0,0,0,0.0,0,0,0,0,0,1305,0,1305,0,0,0.0,0.0,0,0
177,3562,0,0,0,0,0,0,0,0,1305,1305,0,255,65,0,1,1,0,-2.3000000000000003,4,14,0,0,0,48,4,0,0,0,0,0,-5,0,0,0,0.0,0,0,0,0,0,1305,0,1305,0,0,0.0,0.0,0,0
178,3582,0,0,0,0,0,0,0,0,1305,1305,0,255,65,0,1,1,0,-1.9000000000000001,3,14,0,0,0,49,4,0,0,0,0,0,-5,0,0,0,0.0,0,0,0,0,0,1305,0,1305,0,0,0.0,0.0,0,0
179,3602,0,0,0,0,0,0,0,0,1305,1305,0,255,65,0,1,1,0,-1.9000000000000001,3,14,0,0,0,49,24,0,0,0,0,0,-5,0,0,0,0.0,0,0,0,0,0,1305,0,1305,0,0,0.0,0.0,0,0
180,3622,0,0,0,0,0,0,0,0,1305,1305,0,255,65,0,1,1,0,-1.6,3,13,0,0,0,50,14,0,0,0,0,0,-5,0,0,0,0.0,0,0,0,0,0,1305,0,1305,0,0,0.0,0.0,0,0
181,3642,0,0,0,0,0,0,0,0,1305,1305,0,255,65,0,1,1,0,-1.3,3,12,0,0,0,51,14,0,0,0,0,0,-5,0,0,0,0.0,0,0,0,0,0,1305,0,1305,0,0,0.0,0.0,0,0
182,3662,0,0,0,0,0,0,0,0,1305,1305,0,255,65,0,1,1,0,-1.2000000000000002,2,12,0,0,0,52,13,0,0,0,0,0,-5,0,0,0,0.0,0,0,0,0,0,1305,0,1305,0,0,0.0,0.0,0,0
183,3682,0,0,0,0,0,0,0,0,1305,1305,0,255,65,0,1,1,11,-1.6,3,11,0,0,0,53,13,0,0,0,0,0,-5,0,0,0,0.0,0,0,0,0,0,1305,0,1305,0,0,0.0,0.0,0,0
184,3702,0,0,0,0,0,0,0,0,1305,1305,0,255,65,0,1,1,8,-1.4000000000000001,4,11,0,0,0,54,13,0,0,0,0,0,-5,0,0,0,0.0,0,0,0,0,0,1305,0,1305,0,0,0.0,0.0,0,0
185,3722,0,0,0,0,0,0,0,0,1305,1305,0,255,65,0,1,1,0,-2.1,6,11,0,0,0,55,3,0,0,0,0,0,-5,0,0,0,0.0,0,0,0,0,0,1305,0,1305,0,0,0.0,0.0,0,0
186,3742,0,0,0,0,0,0,0,0,1305,1305,0,255,65,0,1,1,0,-4.5,15,10,0,0,0,56,3,0,0,0,0,0,-5,0,0,0,0.0,0,0,0,0,0,1305,0,1305,0,0,0.0,0.0,0,0
187,3762,0,0,0,0,0,0,0,0,1305,1305,0,255,65,0,1,1,-18,-3.8000000000000003,18,8,0,0,0,57,2,0,0,0,0,0,-5,0,0,0,0.0,0,0,0,0,0,1305,0,1305,0,0,0.0,0.0,0,0
188,3782,0,0,0,0,0,0,0,0,1305,1305,0,255,65,0,1,1,-10,-2.7,20,6,0,0,0,58,2,0,0,0,0,0,-5,0,0,0,0.0,0,0,0,0,0,1305,0,1305,0,0,0.0,0.0,0,0
189,3802,0,0,0,0,0,0,0,0,1305,1305,0,255,65,0,1,1,-27,-2.5,24,3,0,0,0,59,2,0,0,0,0,0,-5,0,0,0,0.0,0,0,0,0,0,1305,0,1305,0,0,0.0,0.0,0,0
190,3822,0,0,0,0,0,0,0,0,1305,1305,0,255,65,0,1,1,-27,-2.5,24,3,0,0,0,59,22,0,0,0,0,0,-5,0,0,0,0.0,0,0,0,0,0,1305,0,1305,0,0,0.0,0.0,0,0
191,3842,0,0,0,0,0,0,0,0,1305,1305,0,255,65,0,1,1,-13,-4.1000000000000005,26,0,0,0,0,60,12,0,0,0,0,0,-5,0,0,0,0.0,0,0,0,0,0,1305,0,1305,0,0,0.0,0.0,0,0
192,3862,0,0,0,0,0,0,0,0,1305,1305,0,255,65,0,1,1,11,-5.4,24,-1,0,1,0,61,12,0,0,0,0,0,-5,0,0,0,0.0,0,0,0,0,0,1305,0,1305,0,0,0.0,0.0,0,0
193,3882,0,0,0,0,0,0,0,0,1305,1305,0,255,65,0,1,1,25,-5.800000000000001,25,-4,1,0,0,62,12,0,0,0,0,0,-5,0,0,0,0.0,0,0,0,0,0,1305,0,1305,0,0,0.0,0.0,0,0
194,3902,0,0,0,0,0,0,0,0,1305,1305,0,255,65,0,1,1,20,-5.0,25,-4,0,0,0,63,11,0,0,0,0,0,-5,0,0,0,0.0,0,0,0,0,0,1305,0,1305,0,0,0.0,0.0,0,0
195,3922,0,0,0,0,0,0,0,0,1305,1305,0,255,65,0,1,1,10,-4.1000000000000005,26,-4,0,0,0,64,11,0,0,0,0,0,-5,0,0,0,0.0,0,0,0,0,0,1305,0,1305,0,0,0.0,0.0,0,0
196,3942,0,0,0,0,0,0,0,0,1305,1305,0,255,65,0,1,1,0,-3.9000000000000004,27,-4,0,0,0,65,1,0,0,0,0,0,-5,0,0,0,0.0,0,0,0,0,0,1305,0,1305,0,0,0.0,0.0,0,0
197,3962,0,0,0,0,0,0,0,0,1305,1305,0,255,65,0,1,1,0,-4.5,22,-4,0,1,0,66,1,0,0,0,0,0,-5,0,0,0,0.0,0,0,0,0,0,1305,0,1305,0,0,0.0,0.0,0,0
198,3982,0,0,0,0,0,0,0,0,1305,1305,0,255,65,0,1,1,9,-5.2,25,-4,0,3,0,67,1,0,0,0,0,0,-5,0,0,0,0.0,0,0,0,0,0,1305,0,1305,0,0,0.0,0.0,0,0
199,4002,0,0,0,0,0,0,0,0,1305,1305,0,255,65,0,1,1,9,-5.2,25,-4,0,3,0,67,21,0,0,0,0,0,-5,0,0,0,0.0,0,0,0,0,0,1305,0,1305,0,0,0.0,0.0,0,0
200,4022,0,0,0,0,0,0,0,0,1305,1305,0,255,65,0,1,1,0,-5.300000000000001,26,-4,0,0,0,68,20,0,0,0,0,0,-5,0,0,0,0.0,0,0,0,0,0,1305,0,1305,0,0,0.0,0.0,0,0
201,4042,0,0,0,0,0,0,0,0,1305,1305,0,255,65,0,1,1,0,-5.0,25,-4,0,0,0,69,20,0,0,0,0,0,-5,0,0,0,0.0,0,0,0,0,0,1305,0,1305,0,0,0.0,0.0,0,0
202,4062,0,0,0,0,0,0,0,0,1305,1305,0,255,65,0,1,1,0,-1.7000000000000002,21,-3,0,2,0,70,10,0,0,0,0,0,-5,0,0,0,0.0,0,0,0,0,0,1305,0,1305,0,0,0.0,0.0,0,0
203,4082,0,0,0,0,0,0,0,0,1305,1305,0,255,65,0,1,1,0,-1.1,20,-2,0,5,0,71,10,0,0,0,0,0,-5,0,0,0,0.0,0,0,0,0,0,1305,0,1305,0,0,0.0,0.0,0,0
204,4102,0,0,0,0,0,0,0,0,1305,1305,0,255,65,0,1,1,0,-2.3000000000000003,16,0,0,2,0,72,10,0,0,0,0,0,-5,0,0,0,0.0,0,0,0,0,0,1305,0,1305,0,0,0.0,0.0,0,0
205,4122,0,0,0,0,0,0,0,0,1305,1305,0,255,65,0,1,1,0,-5.2,16,0,0,0,0,73,9,0,0,0,0,0,-5,0,0,0,0.0,0,0,0,0,0,1305,0,1305,0,0,0.0,0.0,0,0
206,4142,0,0,0,0,0,0,0,0,1305,1305,0,255,65,0,1,1,29,-7.5,18,0,0,0,0,74,9,0,0,0,0,0,-5,0,0,0,0.0,0,0,0,0,0,1305,0,1305,0,0,0.0,0.0,0,0
207,4162,0,0,0,0,0,0,0,0,1305,1305,0,255,65,0,1,1,29,-7.5,18,0,0,0,0,74,29,0,0,0,0,0,-5,0,0,0,0.0,0,0,0,0,0,1305,0,1305,0,0,0.0,0.0,0,0
208,4182,0,0,0,0,0,0,0,0,1305,1305,0,255,65,0,1,1,0,-8.6,26,0,0,0,0,75,19,0,0,0,0,0,-5,0,0,0,0.0,0,0,0,0,0,1305,0,1305,0,0,0.0,0.0,0,0
209,4202,0,0,0,0,0,0,0,0,1305,1305,0,255,65,0,1,1,0,-9.5,24,0,0,0,0,76,19,0,0,0,0,0,-5,0,0,0,0.0,0,0,0,0,0,1305,0,1305,0,0,0.0,0.0,0,0
210,4222,0,0,0,0,0,0,0,0,1305,1305,0,255,65,0,1,1,12,-7.800000000000001,25,-1,1,0,0,77,19,0,0,0,0,0,-5,0,0,0,0.0,0,0,0,0,0,1305,0,1305,0,0,0.0,0.0,0,0
211,4242,0,0,0,0,0,0,0,0,1305,1305,0,255,65,0,1,1,21,-4.9,23,-1,3,0,0,78,19,0,0,0,0,0,-5,0,0,0,0.0,0,0,0,0,0,1305,0,1305,0,0,0.0,0.0,0,0
212,4262,0,0,0,0,0,0,0,0,1305,1305,0,255,65,5,1,1,0,-3.0,22,0,7,0,0,79,18,0,0,0,0,0,-3,-5,-5,-5,0.0,0,0,0,0,0,1300,-5,1300,0,0,0.0,0.0,0,0
213,4282,0,0,0,0,0,0,0,0,1305,1305,0,255,65,5,1,1,0,-2.6,15,0,19,4,0,80,8,0,0,0,0,0,-2,-3,-3,-3,0.0,0,0,0,0,0,1302,-3,1302,0,0,0.0,0.0,0,0
214,4302,0,0,0,0,0,0,0,0,1305,1305,0,255,65,5,1,1,0,-2.1,14,0,7,8,0,81,8,0,0,0,0,0,-2,-2,-2,-2,0.0,0,0,0,0,0,1303,-2,1303,0,0,0.0,0.0,0,0
215,4322,0,0,0,0,0,0,0,0,1305,1305,0,255,65,5,1,1,-9,2.6,12,0,8,29,0,82,8,0,0,0,0,0,-4,-6,-6,-6,0.0,0,0,0,0,0,1299,-6,1299,0,0,0.0,0.0,0,0
216,4342,0,0,0,0,0,0,0,0,1305,1305,0,255,65,5,1,1,0,5.1000000000000005,12,-1,14,27,0,83,8,0,0,0,0,0,-3,-4,-4,-4,0.0,0,0,0,0,0,1301,-4,1301,0,0,0.0,0.0,0,0
217,4362,0,0,0,0,0,0,0,0,1305,1305,0,255,65,5,1,1,0,2.6,7,0,7,24,0,84,7,0,0,0,0,0,-2,-3,-3,-3,0.0,0,0,0,0,0,1302,-3,1302,0,0,0.0,0.0,0,0
218,4382,0,0,0,0,0,0,0,0,1305,1305,0,255,65,5,1,1,0,2.6,7,0,7,24,0,84,27,0,0,0,0,0,-1,-2,-2,-2,0.0,0,0,0,0,0,1303,-2,1303,0,0,0.0,0.0,0,0
219,4402,0,0,0,0,0,0,0,0,1305,1305,0,255,65,5,1,1,10,2.8000000000000003,10,1,0,17,0,85,17,0,0,0,0,0,2,3,3,3,0.0,0,0,0,0,0,1308,3,1308,0,0,0.0,0.0,0,0
220,4422,0,0,0,0,0,0,0,0,1305,1305,0,255,65,5,1,1,11,4.0,11,1,0,6,0,86,17,0,0,0,0,0,5,7,7,7,0.0,0,0,0,0,0,1312,7,1312,0,0,0.0,0.0,0,0
221,4442,0,0,0,0,0,0,0,0,1305,1305,0,255,65,0,1,1,23,3.0,14,2,0,0,0,87,17,0,0,0,0,0,5,0,0,0,0.0,0,0,0,0,0,1305,0,1305,0,0,0.0,0.0,0,0
222,4462,0,0,0,0,0,0,0,0,1305,1305,0,255,65,0,1,1,23,0.7000000000000001,12,2,0,0,0,88,17,0,0,0,0,0,5,0,0,0,0.0,0,0,0,0,0,1305,0,1305,0,0,0.0,0.0,0,0
223,4482,0,0,0,0,0,0,0,0,1305,1305,0,255,65,0,1,1,14,-0.5,12,1,0,0,0,89,16,0,0,0,0,0,5,0,0,0,0.0,0,0,0,0,0,1305,0,1305,0,0,0.0,0.0,0,0
224,4502,0,0,0,0,0,0,0,0,1305,1305,0,255,65,0,1,1,8,-1.7000000000000002,10,1,0,0,0,90,6,0,0,0,0,0,5,0,0,0,0.0,0,0,0,0,0,1305,0,1305,0,0,0.0,0.0,0,0
225,4522,0,0,0,0,0,0,0,0,1305,1305,0,255,65,0,1,1,0,-2.2,10,1,0,0,0,91,6,0,0,0,0,0,5,0,0,0,0.0,0,0,0,0,0,1305,0,1305,0,0,0.0,0.0,0,0
226,4542,0,0,0,0,0,0,0,0,1305,1305,0,255,65,0,1,1,0,-2.3000000000000003,7,1,0,0,0,92,6,0,0,0,0,0,5,0,0,0,0.0,0,0,0,0,0,1305,0,1305,0,0,0.0,0.0,0,0
227,4562,0,0,0,0,0,0,0,0,1305,1305,0,255,65,0,1,1,9,-2.7,8,1,0,-2,0,93,6,0,0,0,0,0,5,0,0,0,0.0,0,0,0,0,0,1305,0,1305,0,0,0.0,0.0,0,0
228,4582,0,0,0,0,0,0,0,0,1305,1305,0,255,65,0,1,1,0,-1.7000000000000002,7,1,0,-1,0,94,6,0,0,0,0,0,5,0,0,0,0.0,0,0,0,0,0,1305,0,1305,0,0,0.0,0.0,0,0
229,4602,0,0,0,0,0,0,0,0,1305,1305,0,255,65,0,1,1,0,-1.7000000000000002,7,1,0,-1,0,94,26,0,0,0,0,0,5,0,0,0,0.0,0,0,0,0,0,1305,0,1305,0,0,0.0,0.0,0,0
230,4622,0,0,0,0,0,0,0,0,1305,1305,0,255,65,0,1,1,0,-1.7000000000000002,6,1,0,0,0,95,15,0,0,0,0,0,5,0,0,0,0.0,0,0,0,0,0,1305,0,1305,0,0,0.0,0.0,0,0
231,4642,0,0,0,0,0,0,0,0,1305,1305,0,255,65,0,1,1,0,-1.4000000000000001,5,1,0,0,0,96,15,0,0,0,0,0,5,0,0,0,0.0,0,0,0,0,0,1305,0,1305,0,0,0.0,0.0,0,0
232,4662,0,0,0,0,0,0,0,0,1305,1305,0,255,65,0,1,1,0,0.4,5,1,0,0,0,97,15,0,0,0,0,0,5,0,0,0,0.0,0,0,0,0,0,1305,0,1305,0,0,0.0,0.0,0,0
233,4682,0,0,0,0,0,0,0,0,1305,1305,0,255,65,0,1,1,-10,5.7,7,1,0,3,0,98,15,0,0,0,0,0,5,0,0,0,0.0,0,0,0,0,0,1305,0,1305,0,0,0.0,0.0,0,0
234,4702,0,0,0,0,0,0,0,0,1305,1305,0,255,65,5,1,1,0,9.4,10,0,0,8,0,99,15,0,0,0,0,0,3,5,5,5,0.0,0,0,0,0,0,1310,5,1310,0,0,0.0,0.0,0,0
235,4722,0,0,0,0,0,0,0,0,1305,1305,0,255,65,5,1,1,0,1.4000000000000001,12,0,-1,15,0,100,4,0,0,0,0,0,2,4,4,4,0.0,0,0,0,0,0,1309,4,1309,0,0,0.0,0.0,0,0
236,4742,0,0,0,0,0,0,0,0,1305,1305,0,255,65,5,1,1,0,-3.0,12,1,0,18,0,101,4,0,0,0,0,0,2,2,2,2,0.0,0,0,0,0,0,1307,2,1307,0,0,0.0,0.0,0,0
237,4762,0,0,0,0,0,0,0,0,1305,1305,0,255,65,0,1,1,0,-4.7,19,2,2,2,0,102,4,0,0,0,0,0,2,0,0,0,0.0,0,0,0,0,0,1305,0,1305,0,0,0.0,0.0,0,0
238,4782,0,0,0,0,0,0,0,0,1305,1305,0,255,65,0,1,1,16,-4.1000000000000005,19,2,3,-4,0,103,4,0,0,0,0,0,2,0,0,0,0.0,0,0,0,0,0,1305,0,1305,0,0,0.0,0.0,0,0
239,4802,0,0,0,0,0,0,0,0,1305,1305,0,255,65,0,1,1,18,-3.5,16,2,0,-2,0,104,4,0,0,0,0,0,2,0,0,0,0.0,0,0,0,0,0,1305,0,1305,0,0,0.0,0.0,0,0
242,4862,0,0,0,0,0,0,0,0,1305,1305,0,255,65,0,1,1,0,-2.6,16,2,0,0,0,106,13,0,0,0,0,0,2,0,0,0,0.0,0,0,0,0,0,1305,0,1305,0,0,0.0,0.0,0,0
243,4882,0,0,0,0,0,0,0,0,1305,1305,0,255,65,0,1,1,0,-2.9000000000000004,10,2,0,0,0,107,13,0,0,0,0,0,2,0,0,0,0.0,0,0,0,0,0,1305,0,1305,0,0,0.0,0.0,0,0
244,4902,0,0,0,0,0,0,0,0,1305,1305,0,255,65,0,1,1,9,-3.4000000000000004,10,2,1,0,0,108,13,0,0,0,0,0,2,0,0,0,0.0,0,0,0,0,0,1305,0,1305,0,0,0.0,0.0,0,0
245,4922,0,0,0,0,0,0,0,0,1305,1305,0,255,65,0,1,1,21,-3.4000000000000004,12,2,0,0,0,109,13,0,0,0,0,0,2,0,0,0,0.0,0,0,0,0,0,1305,0,1305,0,0,0.0,0.0,0,0
246,4942,0,0,0,0,0,0,0,0,1305,1305,0,255,65,0,1,1,0,-2.1,16,2,0,0,0,110,2,0,0,0,0,0,2,0,0,0,0.0,0,0,0,0,0,1305,0,1305,0,0,0.0,0.0,0,0
247,4962,0,0,0,0,0,0,0,0,1305,1305,0,255,65,0,1,1,0,-0.7000000000000001,14,2,0,0,0,111,2,0,0,0,0,0,2,0,0,0,0.0,0,0,0,0,0,1305,0,1305,0,0,0.0,0.0,0,0
248,4982,0,0,0,0,0,0,0,0,1305,1305,0,255,65,0,1,1,0,-0.4,14,2,0,0,0,112,2,0,0,0,0,0,2,0,0,0,0.0,0,0,0,0,0,1305,0,1305,0,0,0.0,0.0,0,0
249,5002,0,0,0,0,0,0,0,0,1305,1305,0,255,65,0,1,1,0,-0.6000000000000001,13,2,0,0,0,113,2,0,0,0,0,0,2,0,0,0,0.0,0,0,0,0,0,1305,0,1305,0,0,0.0,0.0,0,0
250,5022,0,0,0,0,0,0,0,0,1305,1305,0,255,65,0,1,1,8,-0.5,12,2,0,0,0,114,2,0,0,0,0,0,2,0,0,0,0.0,0,0,0,0,0,1305,0,1305,0,0,0.0,0.0,0,0
251,5042,0,412,94,0,376,0,0,-376,929,1305,5,0,221,0,1,1,8,-0.5,12,2,0,0,0,114,22,0,0,0,376,-376,2,0,0,0,0.0,0,0,0,0,0,1305,0,929,2,0,0.0,0.0,0,0
252,5062,0,412,94,0,376,0,0,-376,929,1255,5,0,93,0,1,1,0,1.0,9,2,0,0,0,115,11,0,0,0,376,-376,2,0,0,0,0.0,0,0,0,0,0,1305,0,929,2,0,0.0,0.0,0,0
253,5082,0,412,94,0,376,0,0,-376,929,1205,5,0,93,0,1,1,20,2.3000000000000003,13,2,0,1,0,116,11,0,0,0,376,-376,2,0,0,0,0.0,0,0,0,0,0,1305,0,929,2,0,0.0,0.0,0,0
254,5102,0,412,94,0,376,0,0,-376,929,1155,5,0,93,0,1,1,20,0.4,12,1,0,0,0,117,11,0,0,0,376,-376,2,0,0,0,0.0,0,0,0,0,0,1305,0,929,2,0,0.0,0.0,0,0
255,5122,2,416,90,0,360,0,0,-360,945,1105,5,0,221,0,1,1,23,-1.2000000000000002,13,1,0,0,0,118,11,0,0,0,360,-360,2,0,0,0,0.0,0,0,0,0,0,1305,0,945,2,0,0.0,0.0,0,0
256,5142,2,416,90,0,360,0,0,-360,945,1055,5,0,93,0,1,1,10,-1.2000000000000002,15,1,0,0,0,119,11,0,0,0,360,-360,2,0,0,0,0.0,0,0,0,0,0,1305,0,945,2,0,0.0,0.0,0,0
257,5162,4,418,88,10,352,0,-10,-342,963,1005,5,0,221,0,1,1,8,-0.7000000000000001,14,1,0,0,0,120,1,0,0,0,342,-342,2,0,0,0,0.0,0,0,0,0,0,1305,0,963,2,0,0.0,0.0,0,0
258,5182,5,419,87,19,348,0,-19,-329,976,963,5,0,221,0,1,1,8,-0.7000000000000001,14,1,0,0,0,120,21,0,0,0,329,-329,2,0,0,0,0.0,0,0,0,0,0,1305,0,976,2,0,0.0,0.0,0,0
259,5202,7,421,85,26,340,0,-26,-314,991,976,5,0,221,0,1,1,0,-1.4000000000000001,11,1,0,0,0,121,20,0,0,0,314,-314,2,0,0,0,0.0,0,0,0,0,0,1305,0,991,2,0,0.0,0.0,0,0
260,5222,8,423,83,33,332,0,-33,-299,1006,991,5,0,221,0,1,1,8,-1.6,14,1,0,0,0,122,20,0,0,0,299,-299,2,0,0,0,0.0,0,0,0,0,0,1305,0,1006,2,0,0.0,0.0,0,0
261,5242,10,426,80,44,320,2,-44,-278,1027,1006,5,0,221,0,1,1,11,-1.8,10,2,0,0,0,124,1,0,0,0,278,-278,2,0,0,0,0.0,0,0,0,0,0,1305,0,1027,2,0,0.0,0.0,0,0
262,5262,12,429,77,54,308,4,-54,-258,1047,1027,5,0,221,0,1,1,11,-1.8,10,2,0,0,0,124,21,0,0,0,258,-258,2,0,0,0,0.0,0,0,0,0,0,1305,0,1047,2,0,0.0,0.0,0,0
263,5282,14,434,72,71,288,6,-71,-224,1081,1047,5,0,221,0,1,1,0,-2.2,11,2,0,0,0,125,11,0,0,0,224,-224,2,0,0,0,0.0,0,0,0,0,0,1305,0,1081,2,0,0.0,0.0,0,0
264,5302,15,436,70,85,280,7,-85,-202,1103,1081,5,0,221,0,1,1,8,-2.6,10,2,0,0,0,126,10,0,0,0,202,-202,2,0,0,0,0.0,0,0,0,0,0,1305,0,1103,2,0,0.0,0.0,0,0
265,5322,16,439,67,102,268,8,-102,-174,1131,1103,5,0,221,0,1,1,8,-2.5,7,2,0,0,0,127,10,0,0,0,174,-174,2,0,0,0,0.0,0,0,0,0,0,1305,0,1131,2,0,0.0,0.0,0,0
266,5342,18,447,59,122,236,11,-122,-125,1180,1131,5,0,221,0,1,1,9,-2.1,7,2,0,0,0,128,10,0,0,0,125,-125,2,0,0,0,0.0,0,0,0,0,0,1305,0,1180,2,0,0.0,0.0,0,0
267,5362,19,450,56,140,224,11,-140,-96,1209,1180,5,0,221,0,1,1,0,-1.8,8,2,0,0,0,129,10,0,0,0,96,-96,2,0,0,0,0.0,0,0,0,0,0,1305,0,1209,2,0,0.0,0.0,0,0
268,5382,21,453,53,153,212,13,-153,-72,1233,1209,5,0,221,0,1,1,0,-1.8,8,2,0,0,0,129,30,0,0,0,72,-72,2,0,0,0,0.0,0,0,0,0,0,1305,0,1233,2,0,0.0,0.0,0,0
269,5402,23,457,49,163,196,14,-163,-47,1258,1233,5,0,221,0,1,1,13,-2.0,8,2,0,0,0,131,0,0,0,0,47,-47,2,0,0,0,0.0,0,0,0,0,0,1305,0,1258,2,0,0.0,0.0,0,0
270,5422,25,463,43,170,172,16,-170,-17,1288,1258,5,0,221,0,1,1,13,-2.0,8,2,0,0,0,131,20,0,0,0,17,-17,2,0,0,0,0.0,0,0,0,0,0,1305,0,1288,2,0,0.0,0.0,0,0
271,5442,26,466,40,178,160,16,-178,2,1307,1288,5,0,221,0,1,1,10,-2.0,8,2,0,0,0,132,20,0,0,0,-2,2,2,0,0,0,0.0,0,0,0,0,0,1305,0,1307,2,0,0.0,0.0,0,0
272,5462,28,470,36,183,144,17,-183,22,1327,1307,5,0,221,0,1,1,9,-2.3000000000000003,7,2,0,0,0,134,1,0,0,0,-22,22,2,0,0,0,0.0,0,0,0,0,0,1305,0,1327,2,0,0.0,0.0,0,0
273,5482,30,476,30,191,120,18,-191,53,1358,1327,5,0,221,0,1,1,9,-2.3000000000000003,7,2,0,0,0,134,21,0,0,0,-53,53,2,0,0,0,0.0,0,0,0,0,0,1305,0,1358,2,0,0.0,0.0,0,0
274,5502,31,478,28,195,112,19,-195,64,1369,1358,5,0,221,0,1,1,15,-3.8000000000000003,6,2,0,0,0,135,11,0,0,0,-64,64,2,0,0,0,0.0,0,0,0,0,0,1305,0,1369,2,0,0.0,0.0,0,0
275,5522,33,484,22,198,88,19,-198,91,1396,1369,5,0,221,0,1,1,19,-5.800000000000001,6,3,0,0,0,136,11,0,0,0,-91,91,2,0,0,0,0.0,0,0,0,0,0,1305,0,1396,2,0,0.0,0.0,0,0
276,5542,35,490,16,201,64,20,-201,118,1423,1396,5,0,221,0,1,1,19,-6.9,5,3,0,0,0,137,10,0,0,0,-118,118,2,0,0,0,0.0,0,0,0,0,0,1305,0,1423,2,0,0.0,0.0,0,0
277,5562,36,492,14,205,56,20,-205,129,1434,1423,5,0,221,0,1,1,0,-6.4,10,2,0,-1,0,138,11,0,0,0,-129,129,2,0,0,0,0.0,0,0,0,0,0,1305,0,1434,2,0,0.0,0.0,0,0
278,5582,38,496,10,208,40,20,-208,148,1453,1434,5,0,221,0,1,1,0,-4.5,10,2,0,0,0,139,10,0,0,0,-148,148,2,0,0,0,0.0,0,0,0,0,0,1305,0,1453,2,0,0.0,0.0,0,0
279,5602,40,502,4,213,0,20,-213,193,1498,1453,5,0,221,0,1,1,0,-4.5,10,2,0,0,0,139,30,0,0,0,-193,193,2,0,0,0,0.0,0,0,0,0,0,1305,0,1498,2,0,0.0,0.0,0,0
280,5622,42,506,0,213,0,20,-213,193,1498,1498,5,0,221,0,1,1,0,-1.4000000000000001,11,2,0,0,0,141,1,0,0,0,-193,193,2,0,0,0,0.0,0,0,0,0,0,1305,0,1498,0,0,0.0,0.0,0,0
281,5642,43,509,-3,213,0,20,-213,193,1498,1498,5,0,221,0,1,1,0,-1.4000000000000001,11,2,0,0,0,141,21,0,0,0,-193,193,2,0,0,0,0.0,0,0,0,0,0,1305,0,1498,0,0,0.0,0.0,0,0
282,5662,45,514,-8,213,-32,20,-213,225,1530,1498,5,0,221,0,1,1,0,-0.4,8,2,0,0,0,143,1,0,0,0,-225,225,2,0,0,0,0.0,0,0,0,0,0,1305,0,1530,2,0,0.0,0.0,0,0
283,5682,47,517,-11,210,-44,19,-210,235,1540,1530,5,0,221,0,1,1,8,-0.7000000000000001,6,2,0,0,0,144,1,0,0,0,-235,235,2,0,0,0,0.0,0,0,0,0,0,1305,0,1540,2,0,0.0,0.0,0,0
284,5702,48,518,-12,205,-48,19,-205,234,1539,1540,5,0,221,0,1,1,8,-0.7000000000000001,6,2,0,0,0,144,21,0,0,0,-234,234,2,0,0,0,0.0,0,0,0,0,0,1305,0,1539,2,0,0.0,0.0,0,0
285,5722,50,522,-16,197,-64,19,-197,243,1548,1539,5,0,221,0,1,1,9,-1.0,3,2,0,0,0,145,11,0,0,0,-243,243,2,0,0,0,0.0,0,0,0,0,0,1305,0,1548,2,0,0.0,0.0,0,0
286,5742,52,526,-20,188,-80,18,-188,250,1555,1548,5,0,221,0,1,1,0,-1.0,3,2,0,0,0,146,11,0,0,0,-250,250,2,0,0,0,0.0,0,0,0,0,0,1305,0,1555,2,0,0.0,0.0,0,0
287,5762,54,529,-23,180,-92,18,-180,254,1559,1555,5,0,221,0,1,1,9,-1.1,3,2,0,0,0,147,10,0,0,0,-254,254,2,0,0,0,0.0,0,0,0,0,0,1305,0,1559,2,0,0.0,0.0,0,0
288,5782,55,531,-25,174,-100,17,-174,257,1562,1559,5,0,221,0,1,1,0,-1.1,2,2,0,0,0,148,10,0,0,0,-257,257,2,0,0,0,0.0,0,0,0,0,0,1305,0,1562,2,0,0.0,0.0,0,0
289,5802,57,533,-27,169,-108,17,-169,261,1566,1562,5,0,221,0,1,1,0,-1.2000000000000002,2,2,0,0,0,149,10,0,0,0,-261,261,2,0,0,0,0.0,0,0,0,0,0,1305,0,1566,2,0,0.0,0.0,0,0
290,5822,59,535,-29,161,-116,16,-161,261,1566,1566,5,0,221,0,1,1,0,-1.2000000000000002,2,2,0,0,0,149,30,0,0,0,-261,261,2,0,0,0,0.0,0,0,0,0,0,1305,0,1566,0,0,0.0,0.0,0,0
291,5842,61,537,-31,149,-124,15,-149,259,1564,1566,5,0,221,0,1,1,9,-1.1,2,2,0,0,0,151,1,0,0,0,-259,259,2,0,0,0,0.0,0,0,0,0,0,1305,0,1564,2,0,0.0,0.0,0,0
292,5862,62,539,-33,140,-132,14,-140,258,1563,1564,5,0,221,0,1,1,9,-1.1,2,2,0,0,0,151,21,0,0,0,-258,258,2,0,0,0,0.0,0,0,0,0,0,1305,0,1563,2,0,0.0,0.0,0,0
293,5882,63,541,-35,131,-140,13,-131,257,1562,1563,5,0,221,0,1,1,8,-1.0,2,2,0,0,0,152,20,0,0,0,-257,257,2,0,0,0,0.0,0,0,0,0,0,1305,0,1562,2,0,0.0,0.0,0,0
294,5902,65,542,-36,122,-144,12,-122,254,1559,1562,5,0,221,0,1,1,10,-1.0,1,2,0,0,0,154,1,0,0,0,-254,254,2,0,0,0,0.0,0,0,0,0,0,1305,0,1559,2,0,0.0,0.0,0,0
295,5922,66,543,-37,115,-148,12,-115,251,1556,1559,5,0,221,0,1,1,10,-1.0,1,2,0,0,0,154,21,0,0,0,-251,251,2,0,0,0,0.0,0,0,0,0,0,1305,0,1556,2,0,0.0,0.0,0,0
296,5942,68,545,-39,109,-156,11,-109,254,1559,1556,5,0,221,0,1,1,0,-1.2000000000000002,1,2,0,0,0,155,11,0,0,0,-254,254,2,0,0,0,0.0,0,0,0,0,0,1305,0,1559,2,0,0.0,0.0,0,0
297,5962,70,546,-40,101,-160,10,-101,251,1556,1559,5,0,221,0,1,1,0,-1.3,2,2,0,0,0,156,11,0,0,0,-251,251,2,0,0,0,0.0,0,0,0,0,0,1305,0,1556,2,0,0.0,0.0,0,0
298,5982,72,545,-39,90,-156,9,-90,237,1542,1556,5,0,221,0,1,1,8,-1.4000000000000001,2,2,0,0,0,157,10,0,0,0,-237,237,2,0,0,0,0.0,0,0,0,0,0,1305,0,1542,2,0,0.0,0.0,0,0
299,6002,73,544,-38,79,-152,8,-79,223,1528,1542,5,0,221,0,1,1,0,-1.5,2,2,0,0,0,158,10,0,0,0,-223,223,2,0,0,0,0.0,0,0,0,0,0,1305,0,1528,2,0,0.0,0.0,0,0
300,6022,75,544,-38,63,-152,7,-63,209,1514,1528,5,0,221,0,1,1,8,-1.4000000000000001,2,2,0,0,0,159,10,0,0,0,-209,209,2,0,0,0,0.0,0,0,0,0,0,1305,0,1514,2,0,0.0,0.0,0,0
301,6042,76,544,-38,51,-152,6,-51,196,1501,1514,5,0,221,0,1,1,8,-1.4000000000000001,2,2,0,0,0,159,30,0,0,0,-196,196,2,0,0,0,0.0,0,0,0,0,0,1305,0,1501,2,0,0.0,0.0,0,0
302,6062,78,544,-38,38,-152,5,-38,184,1489,1501,5,0,221,0,1,1,10,-1.2000000000000002,2,2,0,0,0,161,1,0,0,0,-184,184,2,0,0,0,0.0,0,0,0,0,0,1305,0,1489,2,0,0.0,0.0,0,0
303,6082,80,544,-38,27,-152,4,-27,175,1480,1489,5,0,221,0,1,1,43,0.6000000000000001,11,2,0,0,0,162,1,0,0,0,-175,175,2,0,0,0,0.0,0,0,0,0,0,1305,0,1480,2,0,0.0,0.0,0,0
304,6102,82,541,-35,18,-140,3,-18,154,1459,1480,5,0,221,0,1,1,43,0.6000000000000001,11,2,0,0,0,162,21,0,0,0,-154,154,2,0,0,0,0.0,0,0,0,0,0,1305,0,1459,2,0,0.0,0.0,0,0
305,6122,84,540,-34,6,-136,2,-6,140,1445,1459,5,0,221,0,1,1,0,4.6000000000000005,24,1,-5,0,0,163,20,0,0,0,-140,140,2,0,0,0,0.0,0,0,0,0,0,1305,0,1445,2,0,0.0,0.0,0,0
306,6142,86,541,-35,-2,-140,2,2,136,1423,1445,5,0,221,5,1,1,-43,2.7,37,0,-6,0,0,164,20,0,0,0,-136,136,-12,-18,-18,-18,0.0,0,0,0,0,0,1287,-18,1423,2,0,0.0,0.0,0,0
307,6162,87,542,-36,-8,-144,1,8,135,1440,1423,5,0,221,0,1,1,0,1.0,49,1,5,0,0,165,11,0,0,0,-135,135,-12,0,0,0,0.0,0,0,0,0,0,1305,0,1440,2,0,0.0,0.0,0,0
308,6182,89,542,-36,-10,-144,0,10,134,1439,1440,5,0,221,0,1,1,0,1.2000000000000002,50,2,0,0,0,166,11,0,0,0,-134,134,-12,0,0,0,0.0,0,0,0,0,0,1305,0,1439,2,0,0.0,0.0,0,0
309,6202,91,541,-35,-6,-140,-1,6,135,1440,1439,5,0,221,0,1,1,11,0.30000000000000004,42,2,0,0,0,167,11,0,0,0,-135,135,-12,0,0,0,0.0,0,0,0,0,0,1305,0,1440,2,0,0.0,0.0,0,0
310,6222,92,540,-34,-5,-136,-1,5,132,1437,1440,5,0,221,0,1,1,18,-1.4000000000000001,31,2,0,0,0,168,10,0,0,0,-132,132,-12,0,0,0,0.0,0,0,0,0,0,1305,0,1437,2,0,0.0,0.0,0,0
311,6242,94,537,-31,-9,-124,-2,9,117,1422,1437,5,0,221,0,1,1,37,-0.8,26,2,0,0,0,169,10,0,0,0,-117,117,-12,0,0,0,0.0,0,0,0,0,0,1305,0,1422,2,0,0.0,0.0,0,0
312,6262,96,532,-26,-26,-104,-3,26,81,1386,1422,5,0,221,0,1,1,37,-0.8,26,2,0,0,0,169,30,0,0,0,-81,81,-12,0,0,0,0.0,0,0,0,0,0,1305,0,1386,2,0,0.0,0.0,0,0
313,6282,98,529,-23,-48,-92,-4,48,48,1353,1386,5,0,221,0,1,1,0,0.1,24,1,0,0,0,171,1,0,0,0,-48,48,-12,0,0,0,0.0,0,0,0,0,0,1305,0,1353,2,0,0.0,0.0,0,0
314,6302,100,527,-21,-68,-84,-4,68,21,1326,1353,5,0,221,0,1,1,0,0.1,25,2,0,0,0,172,1,0,0,0,-21,21,-12,0,0,0,0.0,0,0,0,0,0,1305,0,1326,2,0,0.0,0.0,0,0
315,6322,101,527,-21,-81,-84,-4,81,8,1313,1326,5,0,221,0,1,1,0,0.1,25,2,0,0,0,172,21,0,0,0,-8,8,-12,0,0,0,0.0,0,0,0,0,0,1305,0,1313,2,0,0.0,0.0,0,0
316,6342,103,526,-20,-85,-80,-5,85,0,1305,1313,5,0,221,0,1,1,10,-0.7000000000000001,26,2,0,0,0,173,20,0,0,0,0,0,-12,0,0,0,0.0,0,0,0,0,0,1305,0,1305,2,0,0.0,0.0,0,0
317,6362,105,526,-20,-79,-80,-6,79,6,1311,1305,5,0,221,0,1,1,11,-1.5,23,2,0,0,0,174,20,0,0,0,-6,6,-12,0,0,0,0.0,0,0,0,0,0,1305,0,1311,2,0,0.0,0.0,0,0
318,6382,106,525,-19,-74,-76,-6,74,8,1313,1311,5,0,221,0,1,1,0,-1.2000000000000002,14,2,0,0,0,175,10,0,0,0,-8,8,-12,0,0,0,0.0,0,0,0,0,0,1305,0,1313,2,0,0.0,0.0,0,0
319,6402,108,524,-18,-66,-72,-6,66,12,1317,1313,5,0,221,0,1,1,0,-1.5,12,2,1,0,0,176,10,0,0,0,-12,12,-12,0,0,0,0.0,0,0,0,0,0,1305,0,1317,2,0,0.0,0.0,0,0
320,6422,110,521,-15,-64,-60,-7,64,3,1308,1317,5,0,221,0,1,1,0,-1.5,11,2,0,0,0,177,10,0,0,0,-3,3,-12,0,0,0,0.0,0,0,0,0,0,1305,0,1308,2,0,0.0,0.0,0,0
321,6442,112,519,-13,-66,-52,-7,66,-6,1299,1308,5,0,221,0,1,1,0,-1.3,7,2,0,0,0,178,10,0,0,0,6,-6,-12,0,0,0,0.0,0,0,0,0,0,1305,0,1299,2,0,0.0,0.0,0,0
322,6462,113,517,-11,-69,-44,-7,69,-18,1287,1299,5,0,221,0,1,1,0,-1.0,4,2,0,0,0,179,9,0,0,0,18,-18,-12,0,0,0,0.0,0,0,0,0,0,1305,0,1287,2,0,0.0,0.0,0,0
323,6482,115,515,-9,-76,-36,-8,76,-32,1273,1287,5,0,221,0,1,1,0,-1.0,4,2,0,0,0,179,29,0,0,0,32,-32,-12,0,0,0,0.0,0,0,0,0,0,1305,0,1273,2,0,0.0,0.0,0,0
324,6502,117,512,-6,-83,-24,-8,83,-51,1254,1273,5,0,221,0,1,1,13,-0.9,4,2,0,0,0,180,20,0,0,0,51,-51,-12,0,0,0,0.0,0,0,0,0,0,1305,0,1254,2,0,0.0,0.0,0,0
325,6522,119,510,-4,-88,0,-8,88,-81,1224,1254,5,0,221,0,1,1,12,-1.3,4,3,0,0,0,182,1,0,0,0,81,-81,-12,0,0,0,0.0,0,0,0,0,0,1305,0,1224,2,0,0.0,0.0,0,0
326,6542,121,508,-2,-92,0,-8,92,-84,1221,1224,5,0,221,0,1,1,12,-1.3,5,3,0,0,0,183,1,0,0,0,84,-84,-12,0,0,0,0.0,0,0,0,0,0,1305,0,1221,2,0,0.0,0.0,0,0
327,6562,122,507,-1,-94,0,-8,94,-86,1219,1221,5,0,221,0,1,1,12,-1.3,5,3,0,0,0,184,2,0,0,0,86,-86,-12,0,0,0,0.0,0,0,0,0,0,1305,0,1219,2,0,0.0,0.0,0,0
328,6582,124,506,0,-94,0,-8,94,-86,1219,1219,5,0,221,0,1,1,12,-1.3,5,3,0,0,0,184,22,0,0,0,86,-86,-12,0,0,0,0.0,0,0,0,0,0,1305,0,1219,0,0,0.0,0.0,0,0
329,6602,126,506,0,-87,0,-8,87,-79,1226,1219,5,0,221,0,1,1,12,-1.3,3,2,0,0,0,185,11,0,0,0,79,-79,-12,0,0,0,0.0,0,0,0,0,0,1305,0,1226,2,0,0.0,0.0,0,0
330,6622,127,506,0,-80,0,-8,80,-72,1233,1226,5,0,221,0,1,1,11,-1.3,2,2,0,0,0,186,11,0,0,0,72,-72,-12,0,0,0,0.0,0,0,0,0,0,1305,0,1233,2,0,0.0,0.0,0,0
331,6642,129,505,1,-71,0,-8,71,-64,1241,1233,5,0,221,0,1,1,8,-1.1,3,2,0,0,0,187,11,0,0,0,64,-64,-12,0,0,0,0.0,0,0,0,0,0,1305,0,1241,2,0,0.0,0.0,0,0
332,6662,131,505,1,-61,0,-8,61,-53,1252,1241,5,0,221,0,1,1,8,-1.0,2,2,0,0,0,188,11,0,0,0,53,-53,-12,0,0,0,0.0,0,0,0,0,0,1305,0,1252,2,0,0.0,0.0,0,0
333,6682,133,504,2,-53,0,-8,53,-45,1260,1252,5,0,221,0,1,1,9,-1.1,2,2,0,0,0,189,11,0,0,0,45,-45,-12,0,0,0,0.0,0,0,0,0,0,1305,0,1260,2,0,0.0,0.0,0,0
334,6702,134,504,2,-46,0,-8,46,-38,1267,1260,5,0,221,0,1,1,9,-1.1,2,2,0,0,0,189,31,0,0,0,38,-38,-12,0,0,0,0.0,0,0,0,0,0,1305,0,1267,2,0,0.0,0.0,0,0
335,6722,136,502,4,-44,0,-8,44,-36,1269,1267,5,0,221,0,1,1,10,-1.3,3,2,0,0,0,190,20,0,0,0,36,-36,-12,0,0,0,0.0,0,0,0,0,0,1305,0,1269,2,0,0.0,0.0,0,0
336,6742,138,501,5,-43,20,-8,43,-56,1249,1269,5,0,221,0,1,1,8,-1.3,3,2,0,0,0,191,20,0,0,0,56,-56,-12,0,0,0,0.0,0,0,0,0,0,1305,0,1249,2,0,0.0,0.0,0,0
337,6762,140,501,5,-43,20,-7,43,-56,1249,1249,5,0,221,0,1,1,9,-1.2000000000000002,3,2,0,0,0,193,1,0,0,0,56,-56,-12,0,0,0,0.0,0,0,0,0,0,1305,0,1249,0,0,0.0,0.0,0,0
338,6782,141,501,5,-42,20,-7,42,-55,1250,1249,5,0,221,0,1,1,9,-1.2000000000000002,4,2,0,0,0,194,1,0,0,0,55,-55,-12,0,0,0,0.0,0,0,0,0,0,1305,0,1250,2,0,0.0,0.0,0,0
339,6802,143,500,6,-41,24,-7,41,-57,1248,1250,5,0,221,0,1,1,9,-1.2000000000000002,4,2,0,0,0,194,21,0,0,0,57,-57,-12,0,0,0,0.0,0,0,0,0,0,1305,0,1248,2,0,0.0,0.0,0,0
340,6822,145,498,8,-39,32,-7,39,-64,1241,1248,5,0,221,0,1,1,11,-1.2000000000000002,3,2,0,0,0,195,12,0,0,0,64,-64,-12,0,0,0,0.0,0,0,0,0,0,1305,0,1241,2,0,0.0,0.0,0,0
341,6842,147,498,8,-39,32,-7,39,-64,1241,1241,5,0,221,0,1,1,9,-1.1,4,2,0,0,0,196,11,0,0,0,64,-64,-12,0,0,0,0.0,0,0,0,0,0,1305,0,1241,0,0,0.0,0.0,0,0
342,6862,148,498,8,-37,32,-7,37,-63,1242,1241,5,0,221,0,1,1,9,-1.1,4,2,0,0,0,197,11,0,0,0,63,-63,-12,0,0,0,0.0,0,0,0,0,0,1305,0,1242,2,0,0.0,0.0,0,0
343,6882,150,498,8,-36,32,-6,36,-62,1243,1242,5,0,221,0,1,1,9,-1.2000000000000002,3,2,0,0,0,198,11,0,0,0,62,-62,-12,0,0,0,0.0,0,0,0,0,0,1305,0,1243,2,0,0.0,0.0,0,0
344,6902,152,498,8,-32,32,-6,32,-58,1247,1243,5,0,221,0,1,1,11,-1.2000000000000002,2,2,0,0,0,199,11,0,0,0,58,-58,-12,0,0,0,0.0,0,0,0,0,0,1305,0,1247,2,0,0.0,0.0,0,0
345,6922,154,498,8,-25,32,-6,25,-51,1254,1247,5,0,221,0,1,1,9,-1.2000000000000002,2,2,0,0,0,200,1,0,0,0,51,-51,-12,0,0,0,0.0,0,0,0,0,0,1305,0,1254,2,0,0.0,0.0,0,0
346,6942,155,499,7,-19,28,-6,19,-41,1264,1254,5,0,221,0,1,1,9,-1.2000000000000002,2,2,0,0,0,200,21,0,0,0,41,-41,-12,0,0,0,0.0,0,0,0,0,0,1305,0,1264,2,0,0.0,0.0,0,0
347,6962,157,498,8,-15,32,-6,15,-41,1264,1264,5,0,221,0,1,1,10,-1.2000000000000002,2,2,0,0,0,201,20,0,0,0,41,-41,-12,0,0,0,0.0,0,0,0,0,0,1305,0,1264,0,0,0.0,0.0,0,0
348,6982,159,498,8,-12,32,-5,12,-38,1267,1264,5,0,221,0,1,1,10,-1.2000000000000002,1,2,0,0,0,202,20,0,0,0,38,-38,-12,0,0,0,0.0,0,0,0,0,0,1305,0,1267,2,0,0.0,0.0,0,0
349,7002,161,499,7,-8,28,-5,8,-31,1274,1267,5,0,221,0,1,1,10,-1.2000000000000002,2,2,0,0,0,204,1,0,0,0,31,-31,-12,0,0,0,0.0,0,0,0,0,0,1305,0,1274,2,0,0.0,0.0,0,0
350,7022,162,500,6,-4,24,-5,4,-23,1282,1274,5,0,221,0,1,1,10,-1.2000000000000002,2,2,0,0,0,204,21,0,0,0,23,-23,-12,0,0,0,0.0,0,0,0,0,0,1305,0,1282,2,0,0.0,0.0,0,0
351,7042,164,500,6,0,24,-5,0,-19,1286,1282,5,0,221,0,1,1,10,-1.3,1,2,0,0,0,205,11,0,0,0,19,-19,-12,0,0,0,0.0,0,0,0,0,0,1305,0,1286,2,0,0.0,0.0,0,0
352,7062,166,501,5,6,20,-5,-6,-9,1296,1286,5,0,221,0,1,1,9,-1.3,2,2,0,0,0,206,11,0,0,0,9,-9,-12,0,0,0,0.0,0,0,0,0,0,1305,0,1296,2,0,0.0,0.0,0,0
353,7082,167,500,6,10,24,-5,-10,-10,1295,1296,5,0,221,0,1,1,10,-1.3,2,2,0,0,0,207,11,0,0,0,10,-10,-12,0,0,0,0.0,0,0,0,0,0,1305,0,1295,2,0,0.0,0.0,0,0
354,7102,169,502,4,13,0,-5,-13,18,1323,1295,5,0,221,0,1,1,9,-1.2000000000000002,2,2,0,0,0,208,10,0,0,0,-18,18,-12,0,0,0,0.0,0,0,0,0,0,1305,0,1323,2,0,0.0,0.0,0,0
355,7122,171,502,4,15,0,-5,-15,20,1325,1323,5,0,221,0,1,1,9,-1.1,1,2,0,0,0,209,10,0,0,0,-20,20,-12,0,0,0,0.0,0,0,0,0,0,1305,0,1325,2,0,0.0,0.0,0,0
356,7142,173,502,4,16,0,-5,-16,21,1326,1325,5,0,221,0,1,1,9,-1.1,1,2,0,0,0,209,30,0,0,0,-21,21,-12,0,0,0,0.0,0,0,0,0,0,1305,0,1326,2,0,0.0,0.0,0,0
357,7162,174,502,4,17,0,-5,-17,22,1327,1326,5,0,221,0,1,1,11,-1.3,3,2,0,0,0,211,1,0,0,0,-22,22,-12,0,0,0,0.0,0,0,0,0,0,1305,0,1327,2,0,0.0,0.0,0,0
358,7182,176,502,4,17,0,-5,-17,21,1326,1327,5,0,221,0,1,1,10,-1.3,4,2,0,0,0,212,1,0,0,0,-21,21,-12,0,0,0,0.0,0,0,0,0,0,1305,0,1326,2,0,0.0,0.0,0,0
359,7202,178,502,4,16,0,-5,-16,20,1325,1326,5,0,221,0,1,1,11,-1.2000000000000002,4,2,0,0,0,213,1,0,0,0,-20,20,-12,0,0,0,0.0,0,0,0,0,0,1305,0,1325,2,0,0.0,0.0,0,0
360,7222,180,502,4,12,0,-5,-12,17,1322,1325,5,0,221,0,1,1,9,-1.3,5,2,0,0,0,214,1,0,0,0,-17,17,-12,0,0,0,0.0,0,0,0,0,0,1305,0,1322,2,0,0.0,0.0,0,0
361,7242,181,502,4,10,0,-5,-10,15,1320,1322,5,0,221,0,1,1,9,-1.3,5,2,0,0,0,214,21,0,0,0,-15,15,-12,0,0,0,0.0,0,0,0,0,0,1305,0,1320,2,0,0.0,0.0,0,0
362,7262,183,502,4,8,0,-5,-8,13,1318,1320,5,0,221,0,1,1,10,-1.3,4,2,0,0,0,215,11,0,0,0,-13,13,-12,0,0,0,0.0,0,0,0,0,0,1305,0,1318,2,0,0.0,0.0,0,0
363,7282,185,502,4,6,0,-5,-6,11,1316,1318,5,0,221,0,1,1,11,-1.3,2,2,0,0,0,216,11,0,0,0,-11,11,-12,0,0,0,0.0,0,0,0,0,0,1305,0,1316,2,0,0.0,0.0,0,0
364,7302,187,502,4,5,0,-5,-5,10,1315,1316,5,0,221,0,1,1,11,-1.3,2,2,0,0,0,217,11,0,0,0,-10,10,-12,0,0,0,0.0,0,0,0,0,0,1305,0,1315,2,0,0.0,0.0,0,0
365,7322,188,502,4,4,0,-5,-4,9,1314,1315,5,0,221,0,1,1,10,-1.2000000000000002,1,2,0,0,0,218,10,0,0,0,-9,9,-12,0,0,0,0.0,0,0,0,0,0,1305,0,1314,2,0,0.0,0.0,0,0
366,7342,190,502,4,3,0,-5,-3,8,1313,1314,5,0,221,0,1,1,10,-1.3,1,2,0,0,0,219,10,0,0,0,-8,8,-12,0,0,0,0.0,0,0,0,0,0,1305,0,1313,2,0,0.0,0.0,0,0
367,7362,192,502,4,3,0,-5,-3,7,1312,1313,5,0,221,0,1,1,10,-1.3,1,2,0,0,0,219,30,0,0,0,-7,7,-12,0,0,0,0.0,0,0,0,0,0,1305,0,1312,2,0,0.0,0.0,0,0
368,7382,194,502,4,2,0,-5,-2,7,1312,1312,5,0,221,0,1,1,10,-1.3,0,2,0,0,0,221,1,0,0,0,-7,7,-12,0,0,0,0.0,0,0,0,0,0,1305,0,1312,0,0,0.0,0.0,0,0
369,7402,195,502,4,2,0,-5,-2,6,1311,1312,5,0,221,0,1,1,10,-1.3,0,2,0,0,0,222,1,0,0,0,-6,6,-12,0,0,0,0.0,0,0,0,0,0,1305,0,1311,2,0,0.0,0.0,0,0
370,7422,197,502,4,1,0,-5,-1,6,1311,1311,5,0,221,0,1,1,9,-1.2000000000000002,0,2,0,0,0,223,1,0,0,0,-6,6,-12,0,0,0,0.0,0,0,0,0,0,1305,0,1311,0,0,0.0,0.0,0,0
371,7442,199,502,4,1,0,-5,-1,6,1311,1311,5,0,221,0,1,1,10,-1.2000000000000002,0,2,0,0,0,224,1,0,0,0,-6,6,-12,0,0,0,0.0,0,0,0,0,0,1305,0,1311,0,0,0.0,0.0,0,0
372,7462,201,502,4,1,0,-5,-1,6,1311,1311,5,0,221,0,1,1,10,-1.2000000000000002,0,2,0,0,0,224,21,0,0,0,-6,6,-12,0,0,0,0.0,0,0,0,0,0,1305,0,1311,0,0,0.0,0.0,0,0
373,7482,202,502,4,1,0,-5,-1,5,1310,1311,5,0,221,0,1,1,11,-1.2000000000000002,0,2,0,0,0,225,11,0,0,0,-5,5,-12,0,0,0,0.0,0,0,0,0,0,1305,0,1310,2,0,0.0,0.0,0,0
374,7502,204,502,4,1,0,-5,-1,5,1310,1310,5,0,221,0,1,1,10,-1.3,0,2,0,0,0,226,11,0,0,0,-5,5,-12,0,0,0,0.0,0,0,0,0,0,1305,0,1310,0,0,0.0,0.0,0,0
375,7522,206,502,4,0,0,-5,0,5,1310,1310,5,0,221,0,1,1,10,-1.2000000000000002,0,2,0,0,0,227,11,0,0,0,-5,5,-12,0,0,0,0.0,0,0,0,0,0,1305,0,1310,0,0,0.0,0.0,0,0
376,7542,208,502,4,0,0,-5,0,5,1310,1310,5,0,221,0,1,1,10,-1.3,0,2,0,0,0,228,11,0,0,0,-5,5,-12,0,0,0,0.0,0,0,0,0,0,1305,0,1310,0,0,0.0,0.0,0,0
377,7562,209,502,4,0,0,-5,0,5,1310,1310,5,0,221,0,1,1,10,-1.3,0,2,0,0,0,229,11,0,0,0,-5,5,-12,0,0,0,0.0,0,0,0,0,0,1305,0,1310,0,0,0.0,0.0,0,0
378,7582,211,502,4,0,0,-5,0,5,1310,1310,5,0,221,0,1,1,10,-1.3,0,2,0,0,0,229,31,0,0,0,-5,5,-12,0,0,0,0.0,0,0,0,0,0,1305,0,1310,0,0,0.0,0.0,0,0
379,7602,213,502,4,0,0,-5,0,5,1310,1310,5,0,221,0,1,1,9,-1.2000000000000002,0,2,0,0,0,231,1,0,0,0,-5,5,-12,0,0,0,0.0,0,0,0,0,0,1305,0,1310,0,0,0.0,0.0,0,0
380,7622,215,502,4,0,0,-5,0,5,1310,1310,5,0,221,0,1,1,10,-1.2000000000000002,0,2,0,0,0,232,1,0,0,0,-5,5,-12,0,0,0,0.0,0,0,0,0,0,1305,0,1310,0,0,0.0,0.0,0,0
381,7642,216,502,4,0,0,-5,0,5,1310,1310,5,0,221,0,1,1,10,-1.3,0,2,0,0,0,233,1,0,0,0,-5,5,-12,0,0,0,0.0,0,0,0,0,0,1305,0,1310,0,0,0.0,0.0,0,0
382,7662,218,502,4,0,0,-5,0,5,1310,1310,5,0,221,0,1,1,10,-1.2000000000000002,0,2,0,0,0,234,1,0,0,0,-5,5,-12,0,0,0,0.0,0,0,0,0,0,1305,0,1310,0,0,0.0,0.0,0,0
383,7682,220,502,4,0,0,-5,0,5,1310,1310,5,0,221,0,1,1,10,-1.2000000000000002,0,2,0,0,0,234,21,0,0,0,-5,5,-12,0,0,0,0.0,0,0,0,0,0,1305,0,1310,0,0,0.0,0.0,0,0
384,7702,221,502,4,0,0,-5,0,5,1310,1310,5,0,221,0,1,1,10,-1.2000000000000002,0,2,0,0,0,235,10,0,0,0,-5,5,-12,0,0,0,0.0,0,0,0,0,0,1305,0,1310,0,0,0.0,0.0,0,0
385,7722,223,502,4,0,0,-5,0,5,1310,1310,5,0,221,0,1,1,10,-1.3,0,2,0,0,0,236,10,0,0,0,-5,5,-12,0,0,0,0.0,0,0,0,0,0,1305,0,1310,0,0,0.0,0.0,0,0
386,7742,225,502,4,0,0,-5,0,5,1310,1310,5,0,221,0,1,1,10,-1.3,0,2,0,0,0,237,10,0,0,0,-5,5,-12,0,0,0,0.0,0,0,0,0,0,1305,0,1310,0,0,0.0,0.0,0,0
387,7762,227,502,4,0,0,-5,0,5,1310,1310,5,0,221,0,1,1,10,-1.3,0,2,0,0,0,238,10,0,0,0,-5,5,-12,0,0,0,0.0,0,0,0,0,0,1305,0,1310,0,0,0.0,0.0,0,0
388,7782,228,502,4,0,0,-5,0,5,1310,1310,5,0,221,0,1,1,9,-1.3,0,2,0,0,0,239,10,0,0,0,-5,5,-12,0,0,0,0.0,0,0,0,0,0,1305,0,1310,0,0,0.0,0.0,0,0
389,7802,230,502,4,0,0,-5,0,5,1310,1310,5,0,221,0,1,1,9,-1.3,0,2,0,0,0,239,30,0,0,0,-5,5,-12,0,0,0,0.0,0,0,0,0,0,1305,0,1310,0,0,0.0,0.0,0,0
390,7822,232,503,3,2,0,-5,-2,6,1311,1310,5,0,221,0,1,1,9,-1.2000000000000002,0,2,0,0,0,240,20,0,0,0,-6,6,-12,0,0,0,0.0,0,0,0,0,0,1305,0,1311,2,0,0.0,0.0,0,0
391,7842,234,502,4,2,0,-5,-2,7,1312,1311,5,0,221,0,1,1,10,-1.1,0,2,0,0,0,242,1,0,0,0,-7,7,-12,0,0,0,0.0,0,0,0,0,0,1305,0,1312,2,0,0.0,0.0,0,0
392,7862,236,504,2,5,0,-5,-5,10,1315,1312,5,0,221,0,1,1,9,-1.1,0,2,0,0,0,243,1,0,0,0,-10,10,-12,0,0,0,0.0,0,0,0,0,0,1305,0,1315,2,0,0.0,0.0,0,0
393,7882,237,503,3,7,0,-5,-7,11,1316,1315,5,0,221,0,1,1,11,-1.2000000000000002,1,2,0,0,0,244,1,0,0,0,-11,11,-12,0,0,0,0.0,0,0,0,0,0,1305,0,1316,2,0,0.0,0.0,0,0
394,7902,239,502,4,6,0,-5,-6,11,1316,1316,5,0,221,0,1,1,11,-1.2000000000000002,1,2,0,0,0,244,21,0,0,0,-11,11,-12,0,0,0,0.0,0,0,0,0,0,1305,0,1316,0,0,0.0,0.0,0,0
395,7922,241,502,4,5,0,-5,-5,9,1314,1316,5,0,221,0,1,1,10,-1.2000000000000002,1,2,0,0,0,245,10,0,0,0,-9,9,-12,0,0,0,0.0,0,0,0,0,0,1305,0,1314,2,0,0.0,0.0,0,0
396,7942,242,502,4,2,0,-5,-2,7,1312,1314,5,0,221,0,1,1,9,-1.4000000000000001,1,2,0,0,0,246,10,0,0,0,-7,7,-12,0,0,0,0.0,0,0,0,0,0,1305,0,1312,2,0,0.0,0.0,0,0
397,7962,244,502,4,0,0,-5,0,4,1309,1312,5,0,221,0,1,1,10,-1.2000000000000002,1,2,0,0,0,247,10,0,0,0,-4,4,-12,0,0,0,0.0,0,0,0,0,0,1305,0,1309,2,0,0.0,0.0,0,0
398,7982,246,502,4,-2,0,-5,2,3,1308,1309,5,0,221,0,1,1,10,-1.3,1,2,0,0,0,248,10,0,0,0,-3,3,-12,0,0,0,0.0,0,0,0,0,0,1305,0,1308,2,0,0.0,0.0,0,0
399,8002,248,502,4,-1,0,-5,1,3,1308,1308,5,0,221,0,1,1,10,-1.3,1,2,0,0,0,249,10,0,0,0,-3,3,-12,0,0,0,0.0,0,0,0,0,0,1305,0,1308,0,0,0.0,0.0,0,0
400,8022,249,502,4,-1,0,-5,1,4,1309,1308,5,0,221,0,1,1,10,-1.3,1,2,0,0,0,249,30,0,0,0,-4,4,-12,0,0,0,0.0,0,0,0,0,0,1305,0,1309,2,0,0.0,0.0,0,0
401,8042,251,502,4,-1,0,-5,1,4,1309,1309,5,0,221,0,1,1,10,-1.1,1,2,0,0,0,250,20,0,0,0,-4,4,-12,0,0,0,0.0,0,0,0,0,0,1305,0,1309,0,0,0.0,0.0,0,0
402,8062,253,502,4,-1,0,-5,1,4,1309,1309,5,0,221,0,1,1,11,-1.3,1,2,0,0,0,251,20,0,0,0,-4,4,-12,0,0,0,0.0,0,0,0,0,0,1305,0,1309,0,0,0.0,0.0,0,0
403,8082,254,502,4,-1,0,-5,1,4,1309,1309,5,0,221,0,1,1,9,-1.2000000000000002,1,2,0,0,0,252,20,0,0,0,-4,4,-12,0,0,0,0.0,0,0,0,0,0,1305,0,1309,0,0,0.0,0.0,0,0
404,8102,256,502,4,0,0,-5,0,4,1309,1309,5,0,221,0,1,1,9,-1.3,1,2,0,0,0,254,1,0,0,0,-4,4,-12,0,0,0,0.0,0,0,0,0,0,1305,0,1309,0,0,0.0,0.0,0,0
405,8122,258,502,4,0,0,-5,0,4,1309,1309,5,0,221,0,1,1,9,-1.3,1,2,0,0,0,254,21,0,0,0,-4,4,-12,0,0,0,0.0,0,0,0,0,0,1305,0,1309,0,0,0.0,0.0,0,0
406,8142,260,502,4,0,0,-5,0,4,1309,1309,5,0,221,0,1,1,9,-1.3,1,2,0,0,0,255,11,0,0,0,-4,4,-12,0,0,0,0.0,0,0,0,0,0,1305,0,1309,0,0,0.0,0.0,0,0
407,8162,262,502,4,0,0,-5,0,5,1310,1309,5,0,221,0,1,1,9,-1.3,1,2,0,0,0,256,11,0,0,0,-5,5,-12,0,0,0,0.0,0,0,0,0,0,1305,0,1310,2,0,0.0,0.0,0,0
408,8182,263,502,4,0,0,-5,0,5,1310,1310,5,0,221,0,1,1,9,-1.3,0,2,0,0,0,257,10,0,0,0,-5,5,-12,0,0,0,0.0,0,0,0,0,0,1305,0,1310,0,0,0.0,0.0,0,0
409,8202,265,502,4,0,0,-5,0,5,1310,1310,5,0,221,0,1,1,10,-1.2000000000000002,0,2,0,0,0,258,10,0,0,0,-5,5,-12,0,0,0,0.0,0,0,0,0,0,1305,0,1310,0,0,0.0,0.0,0,0
410,8222,267,502,4,0,0,-5,0,5,1310,1310,5,0,221,0,1,1,10,-1.2000000000000002,0,2,0,0,0,259,10,0,0,0,-5,5,-12,0,0,0,0.0,0,0,0,0,0,1305,0,1310,0,0,0.0,0.0,0,0
411,8242,269,502,4,0,0,-5,0,5,1310,1310,5,0,221,0,1,1,10,-1.2000000000000002,0,2,0,0,0,259,30,0,0,0,-5,5,-12,0,0,0,0.0,0,0,0,0,0,1305,0,1310,0,0,0.0,0.0,0,0
412,8262,270,502,4,0,0,-5,0,5,1310,1310,5,0,221,0,1,1,10,-1.2000000000000002,0,2,0,0,0,261,1,0,0,0,-5,5,-12,0,0,0,0.0,0,0,0,0,0,1305,0,1310,0,0,0.0,0.0,0,0
413,8282,272,502,4,0,0,-5,0,5,1310,1310,5,0,221,0,1,1,10,-1.2000000000000002,0,2,0,0,0,261,21,0,0,0,-5,5,-12,0,0,0,0.0,0,0,0,0,0,1305,0,1310,0,0,0.0,0.0,0,0
414,8302,274,502,4,0,0,-5,0,5,1310,1310,5,0,221,0,1,1,10,-1.3,0,2,0,0,0,262,20,0,0,0,-5,5,-12,0,0,0,0.0,0,0,0,0,0,1305,0,1310,0,0,0.0,0.0,0,0
415,8322,276,502,4,0,0,-5,0,5,1310,1310,5,0,221,0,1,1,10,-1.3,0,2,0,0,0,263,20,0,0,0,-5,5,-12,0,0,0,0.0,0,0,0,0,0,1305,0,1310,0,0,0.0,0.0,0,0
416,8342,277,502,4,0,0,-5,0,5,1310,1310,5,0,221,0,1,1,10,-1.3,0,2,0,0,0,264,20,0,0,0,-5,5,-12,0,0,0,0.0,0,0,0,0,0,1305,0,1310,0,0,0.0,0.0,0,0
417,8362,279,502,4,0,0,-5,0,5,1310,1310,5,0,221,0,1,1,9,-1.3,0,2,0,0,0,265,11,0,0,0,-5,5,-12,0,0,0,0.0,0,0,0,0,0,1305,0,1310,0,0,0.0,0.0,0,0
418,8382,281,502,4,0,0,-5,0,5,1310,1310,5,0,221,0,1,1,10,-1.4000000000000001,0,2,0,0,0,266,11,0,0,0,-5,5,-12,0,0,0,0.0,0,0,0,0,0,1305,0,1310,0,0,0.0,0.0,0,0
419,8402,282,502,4,0,0,-5,0,5,1310,1310,5,0,221,0,1,1,10,-1.3,0,2,0,0,0,267,11,0,0,0,-5,5,-12,0,0,0,0.0,0,0,0,0,0,1305,0,1310,0,0,0.0,0.0,0,0
420,8422,284,502,4,0,0,-5,0,5,1310,1310,5,0,221,0,1,1,10,-1.3,0,2,0,0,0,268,10,0,0,0,-5,5,-12,0,0,0,0.0,0,0,0,0,0,1305,0,1310,0,0,0.0,0.0,0,0
421,8442,286,502,4,0,0,-5,0,5,1310,1310,5,0,221,0,1,1,11,-1.2000000000000002,1,2,0,0,0,269,10,0,0,0,-5,5,-12,0,0,0,0.0,0,0,0,0,0,1305,0,1310,0,0,0.0,0.0,0,0
422,8462,288,502,4,0,0,-5,0,5,1310,1310,5,0,221,0,1,1,11,-1.2000000000000002,1,2,0,0,0,269,30,0,0,0,-5,5,-12,0,0,0,0.0,0,0,0,0,0,1305,0,1310,0,0,0.0,0.0,0,0
423,8482,290,502,4,0,0,-5,0,5,1310,1310,5,0,221,0,1,1,10,-1.3,1,2,0,0,0,271,1,0,0,0,-5,5,-12,0,0,0,0.0,0,0,0,0,0,1305,0,1310,0,0,0.0,0.0,0,0
424,8502,291,502,4,0,0,-5,0,5,1310,1310,5,0,221,0,1,1,10,-1.3,1,2,0,0,0,272,1,0,0,0,-5,5,-12,0,0,0,0.0,0,0,0,0,0,1305,0,1310,0,0,0.0,0.0,0,0
425,8522,293,502,4,0,0,-5,0,5,1310,1310,5,0,221,0,1,1,10,-1.3,1,2,0,0,0,272,21,0,0,0,-5,5,-12,0,0,0,0.0,0,0,0,0,0,1305,0,1310,0,0,0.0,0.0,0,0
426,8542,294,502,4,0,0,-5,0,5,1310,1310,5,0,221,0,1,1,10,-1.3,1,2,0,0,0,273,20,0,0,0,-5,5,-12,0,0,0,0.0,0,0,0,0,0,1305,0,1310,0,0,0.0,0.0,0,0
427,8562,296,502,4,0,0,-5,0,5,1310,1310,5,0,221,0,1,1,10,-1.3,1,2,0,0,0,274,20,0,0,0,-5,5,-12,0,0,0,0.0,0,0,0,0,0,1305,0,1310,0,0,0.0,0.0,0,0
428,8582,298,502,4,0,0,-5,0,5,1310,1310,5,0,221,0,1,1,9,-1.3,1,2,0,0,0,275,10,0,0,0,-5,5,-12,0,0,0,0.0,0,0,0,0,0,1305,0,1310,0,0,0.0,0.0,0,0
429,8602,300,502,4,0,0,-5,0,5,1310,1310,5,0,221,0,1,1,9,-1.2000000000000002,1,2,0,0,0,276,10,0,0,0,-5,5,-12,0,0,0,0.0,0,0,0,0,0,1305,0,1310,0,0,0.0,0.0,0,0
430,8622,302,502,4,0,0,-5,0,5,1310,1310,5,0,221,0,1,1,10,-1.1,1,2,0,0,0,277,10,0,0,0,-5,5,-12,0,0,0,0.0,0,0,0,0,0,1305,0,1310,0,0,0.0,0.0,0,0
431,8642,303,502,4,0,0,-5,0,5,1310,1310,5,0,221,0,1,1,10,-1.2000000000000002,1,2,0,0,0,278,10,0,0,0,-5,5,-12,0,0,0,0.0,0,0,0,0,0,1305,0,1310,0,0,0.0,0.0,0,0
432,8662,305,502,4,0,0,-5,0,5,1310,1310,5,0,221,0,1,1,9,-1.2000000000000002,1,2,0,0,0,279,9,0,0,0,-5,5,-12,0,0,0,0.0,0,0,0,0,0,1305,0,1310,0,0,0.0,0.0,0,0
433,8682,307,502,4,0,0,-5,0,5,1310,1310,5,0,221,0,1,1,9,-1.2000000000000002,1,2,0,0,0,279,29,0,0,0,-5,5,-12,0,0,0,0.0,0,0,0,0,0,1305,0,1310,0,0,0.0,0.0,0,0
434,8702,309,502,4,0,0,-5,0,5,1310,1310,5,0,221,0,1,1,10,-1.1,1,2,0,0,0,280,20,0,0,0,-5,5,-12,0,0,0,0.0,0,0,0,0,0,1305,0,1310,0,0,0.0,0.0,0,0
435,8722,310,502,4,0,0,-5,0,5,1310,1310,5,0,221,0,1,1,10,-1.0,0,2,0,0,0,282,1,0,0,0,-5,5,-12,0,0,0,0.0,0,0,0,0,0,1305,0,1310,0,0,0.0,0.0,0,0
436,8742,312,502,4,0,0,-5,0,5,1310,1310,5,0,221,0,1,1,10,-1.1,0,2,0,0,0,283,1,0,0,0,-5,5,-12,0,0,0,0.0,0,0,0,0,0,1305,0,1310,0,0,0.0,0.0,0,0
437,8762,314,502,4,0,0,-5,0,5,1310,1310,5,0,221,0,1,1,12,-1.1,1,2,0,0,0,284,0,0,0,0,-5,5,-12,0,0,0,0.0,0,0,0,0,0,1305,0,1310,0,0,0.0,0.0,0,0
438,8782,316,502,4,0,0,-5,0,5,1310,1310,5,0,221,0,1,1,12,-1.1,1,2,0,0,0,284,20,0,0,0,-5,5,-12,0,0,0,0.0,0,0,0,0,0,1305,0,1310,0,0,0.0,0.0,0,0
439,8802,317,502,4,0,0,-5,0,5,1310,1310,5,0,221,0,1,1,9,-1.2000000000000002,1,2,0,0,0,285,11,0,0,0,-5,5,-12,0,0,0,0.0,0,0,0,0,0,1305,0,1310,0,0,0.0,0.0,0,0
440,8822,319,502,4,0,0,-5,0,5,1310,1310,5,0,221,0,1,1,9,-1.2000000000000002,1,2,0,0,0,286,11,0,0,0,-5,5,-12,0,0,0,0.0,0,0,0,0,0,1305,0,1310,0,0,0.0,0.0,0,0
441,8842,321,502,4,0,0,-5,0,5,1310,1310,5,0,221,0,1,1,9,-1.3,2,2,0,0,0,287,11,0,0,0,-5,5,-12,0,0,0,0.0,0,0,0,0,0,1305,0,1310,0,0,0.0,0.0,0,0
442,8862,323,502,4,0,0,-5,0,5,1310,1310,5,0,221,0,1,1,10,-1.3,2,2,0,0,0,288,11,0,0,0,-5,5,-12,0,0,0,0.0,0,0,0,0,0,1305,0,1310,0,0,0.0,0.0,0,0
443,8882,324,502,4,0,0,-5,0,5,1310,1310,5,0,221,0,1,1,11,-1.4000000000000001,2,2,0,0,0,289,11,0,0,0,-5,5,-12,0,0,0,0.0,0,0,0,0,0,1305,0,1310,0,0,0.0,0.0,0,0
444,8902,326,502,4,0,0,-5,0,5,1310,1310,5,0,221,0,1,1,10,-1.4000000000000001,1,2,0,0,0,290,1,0,0,0,-5,5,-12,0,0,0,0.0,0,0,0,0,0,1305,0,1310,0,0,0.0,0.0,0,0
445,8922,328,502,4,0,0,-5,0,5,1310,1310,5,0,221,0,1,1,11,-1.3,1,2,0,0,0,291,1,0,0,0,-5,5,-12,0,0,0,0.0,0,0,0,0,0,1305,0,1310,0,0,0.0,0.0,0,0
446,8942,330,502,4,0,0,-5,0,5,1310,1310,5,0,221,0,1,1,9,-1.4000000000000001,1,2,0,0,0,292,1,0,0,0,-5,5,-12,0,0,0,0.0,0,0,0,0,0,1305,0,1310,0,0,0.0,0.0,0,0
447,8962,331,502,4,0,0,-5,0,5,1310,1310,5,0,221,0,1,1,9,-1.2000000000000002,1,2,0,0,0,293,1,0,0,0,-5,5,-12,0,0,0,0.0,0,0,0,0,0,1305,0,1310,0,0,0.0,0.0,0,0
448,8982,333,502,4,0,0,-5,0,5,1310,1310,5,0,221,0,1,1,10,-1.2000000000000002,1,2,0,0,0,294,1,0,0,0,-5,5,-12,0,0,0,0.0,0,0,0,0,0,1305,0,1310,0,0,0.0,0.0,0,0
449,9002,335,502,4,0,0,-5,0,5,1310,1310,5,0,221,0,1,1,10,-1.2000000000000002,1,2,0,0,0,294,21,0,0,0,-5,5,-12,0,0,0,0.0,0,0,0,0,0,1305,0,1310,0,0,0.0,0.0,0,0
450,9022,337,502,4,0,0,-5,0,5,1310,1310,5,0,221,0,1,1,9,-1.2000000000000002,1,2,0,0,0,295,10,0,0,0,-5,5,-12,0,0,0,0.0,0,0,0,0,0,1305,0,1310,0,0,0.0,0.0,0,0
451,9042,338,502,4,0,0,-5,0,5,1310,1310,5,0,221,0,1,1,10,-1.3,1,2,0,0,0,296,10,0,0,0,-5,5,-12,0,0,0,0.0,0,0,0,0,0,1305,0,1310,0,0,0.0,0.0,0,0
452,9062,340,502,4,0,0,-5,0,5,1310,1310,5,0,221,0,1,1,9,-1.4000000000000001,1,2,0,0,0,297,10,0,0,0,-5,5,-12,0,0,0,0.0,0,0,0,0,0,1305,0,1310,0,0,0.0,0.0,0,0
453,9082,342,502,4,0,0,-5,0,5,1310,1310,5,0,221,0,1,1,9,-1.4000000000000001,0,2,0,0,0,298,10,0,0,0,-5,5,-12,0,0,0,0.0,0,0,0,0,0,1305,0,1310,0,0,0.0,0.0,0,0
454,9102,343,502,4,0,0,-5,0,5,1310,1310,5,0,221,0,1,1,9,-1.4000000000000001,0,2,0,0,0,299,10,0,0,0,-5,5,-12,0,0,0,0.0,0,0,0,0,0,1305,0,1310,0,0,0.0,0.0,0,0
455,9122,345,502,4,0,0,-5,0,5,1310,1310,5,0,221,0,1,1,9,-1.4000000000000001,0,2,0,0,0,299,30,0,0,0,-5,5,-12,0,0,0,0.0,0,0,0,0,0,1305,0,1310,0,0,0.0,0.0,0,0
456,9142,347,502,4,0,0,-5,0,5,1310,1310,5,0,221,0,1,1,10,-1.4000000000000001,0,2,0,0,0,300,20,0,0,0,-5,5,-12,0,0,0,0.0,0,0,0,0,0,1305,0,1310,0,0,0.0,0.0,0,0
457,9162,349,502,4,0,0,-5,0,5,1310,1310,5,0,221,0,1,1,10,-1.3,0,2,0,0,0,301,20,0,0,0,-5,5,-12,0,0,0,0.0,0,0,0,0,0,1305,0,1310,0,0,0.0,0.0,0,0
458,9182,350,502,4,0,0,-5,0,5,1310,1310,5,0,221,0,1,1,10,-1.3,0,2,0,0,0,302,20,0,0,0,-5,5,-12,0,0,0,0.0,0,0,0,0,0,1305,0,1310,0,0,0.0,0.0,0,0
459,9202,352,502,4,0,0,-5,0,5,1310,1310,5,0,221,0,1,1,11,-1.3,1,2,0,0,0,304,1,0,0,0,-5,5,-12,0,0,0,0.0,0,0,0,0,0,1305,0,1310,0,0,0.0,0.0,0,0
460,9222,354,502,4,0,0,-5,0,5,1310,1310,5,0,221,0,1,1,11,-1.3,1,2,0,0,0,304,21,0,0,0,-5,5,-12,0,0,0,0.0,0,0,0,0,0,1305,0,1310,0,0,0.0,0.0,0,0
461,9242,356,502,4,0,0,-5,0,5,1310,1310,5,0,221,0,1,1,10,-1.3,1,2,0,0,0,305,11,0,0,0,-5,5,-12,0,0,0,0.0,0,0,0,0,0,1305,0,1310,0,0,0.0,0.0,0,0
462,9262,357,502,4,0,0,-5,0,5,1310,1310,5,0,221,0,1,1,10,-1.3,1,2,0,0,0,306,10,0,0,0,-5,5,-12,0,0,0,0.0,0,0,0,0,0,1305,0,1310,0,0,0.0,0.0,0,0
463,9282,359,502,4,0,0,-5,0,5,1310,1310,5,0,221,0,1,1,10,-1.2000000000000002,1,2,0,0,0,307,10,0,0,0,-5,5,-12,0,0,0,0.0,0,0,0,0,0,1305,0,1310,0,0,0.0,0.0,0,0
464,9302,361,502,4,0,0,-5,0,5,1310,1310,5,0,221,0,1,1,9,-1.3,1,2,0,0,0,308,10,0,0,0,-5,5,-12,0,0,0,0.0,0,0,0,0,0,1305,0,1310,0,0,0.0,0.0,0,0
465,9322,363,502,4,0,0,-5,0,5,1310,1310,5,0,221,0,1,1,11,-1.3,1,2,0,0,0,309,10,0,0,0,-5,5,-12,0,0,0,0.0,0,0,0,0,0,1305,0,1310,0,0,0.0,0.0,0,0
466,9342,364,502,4,0,0,-5,0,5,1310,1310,5,0,221,0,1,1,11,-1.3,1,2,0,0,0,309,30,0,0,0,-5,5,-12,0,0,0,0.0,0,0,0,0,0,1305,0,1310,0,0,0.0,0.0,0,0
467,9362,366,502,4,0,0,-5,0,5,1310,1310,5,0,221,0,1,1,10,-1.3,1,2,0,0,0,311,1,0,0,0,-5,5,-12,0,0,0,0.0,0,0,0,0,0,1305,0,1310,0,0,0.0,0.0,0,0
468,9382,368,502,4,0,0,-5,0,5,1310,1310,5,0,221,0,1,1,10,-1.3,1,2,0,0,0,311,21,0,0,0,-5,5,-12,0,0,0,0.0,0,0,0,0,0,1305,0,1310,0,0,0.0,0.0,0,0
469,9402,370,502,4,0,0,-5,0,5,1310,1310,5,0,221,0,1,1,11,-1.3,1,2,0,0,0,312,20,0,0,0,-5,5,-12,0,0,0,0.0,0,0,0,0,0,1305,0,1310,0,0,0.0,0.0,0,0
470,9422,371,502,4,0,0,-5,0,5,1310,1310,5,0,221,0,1,1,9,-1.3,2,2,0,0,0,313,20,0,0,0,-5,5,-12,0,0,0,0.0,0,0,0,0,0,1305,0,1310,0,0,0.0,0.0,0,0
471,9442,373,502,4,0,0,-5,0,5,1310,1310,5,0,221,0,1,1,8,-1.3,1,2,0,0,0,314,20,0,0,0,-5,5,-12,0,0,0,0.0,0,0,0,0,0,1305,0,1310,0,0,0.0,0.0,0,0
472,9462,375,502,4,0,0,-5,0,5,1310,1310,5,0,221,0,1,1,9,-1.3,1,2,0,0,0,315,11,0,0,0,-5,5,-12,0,0,0,0.0,0,0,0,0,0,1305,0,1310,0,0,0.0,0.0,0,0
473,9482,377,502,4,0,0,-5,0,5,1310,1310,5,0,221,0,1,1,8,-1.3,1,2,0,0,0,316,11,0,0,0,-5,5,-12,0,0,0,0.0,0,0,0,0,0,1305,0,1310,0,0,0.0,0.0,0,0
474,9502,378,502,4,0,0,-5,0,5,1310,1310,5,0,221,0,1,1,9,-1.3,1,2,0,0,0,317,11,0,0,0,-5,5,-12,0,0,0,0.0,0,0,0,0,0,1305,0,1310,0,0,0.0,0.0,0,0
475,9522,380,502,4,0,0,-5,0,5,1310,1310,5,0,221,0,1,1,8,-1.3,1,2,0,0,0,318,10,0,0,0,-5,5,-12,0,0,0,0.0,0,0,0,0,0,1305,0,1310,0,0,0.0,0.0,0,0
476,9542,382,502,4,0,0,-5,0,5,1310,1310,5,0,221,0,1,1,0,-1.3,2,2,0,0,0,319,10,0,0,0,-5,5,-12,0,0,0,0.0,0,0,0,0,0,1305,0,1310,0,0,0.0,0.0,0,0
477,9562,384,502,4,0,0,-5,0,5,1310,1310,5,0,221,0,1,1,0,-1.3,2,2,0,0,0,319,30,0,0,0,-5,5,-12,0,0,0,0.0,0,0,0,0,0,1305,0,1310,0,0,0.0,0.0,0,0
478,9582,385,503,3,1,0,-5,-1,6,1311,1310,5,0,221,0,1,1,13,-1.1,5,2,0,0,0,321,1,0,0,0,-6,6,-12,0,0,0,0.0,0,0,0,0,0,1305,0,1311,2,0,0.0,0.0,0,0
479,9602,387,502,4,2,0,-5,-2,6,1311,1311,5,0,221,0,1,1,9,-1.2000000000000002,6,2,0,0,0,322,2,0,0,0,-6,6,-12,0,0,0,0.0,0,0,0,0,0,1305,0,1311,0,0,0.0,0.0,0,0
480,9622,389,502,4,1,0,-5,-1,6,1311,1311,5,0,221,0,1,1,11,-1.2000000000000002,6,2,0,0,0,323,1,0,0,0,-6,6,-12,0,0,0,0.0,0,0,0,0,0,1305,0,1311,0,0,0.0,0.0,0,0
481,9642,391,502,4,1,0,-5,-1,5,1310,1311,5,0,221,0,1,1,12,-1.1,5,2,0,-1,0,324,1,0,0,0,-5,5,-12,0,0,0,0.0,0,0,0,0,0,1305,0,1310,2,0,0.0,0.0,0,0
482,9662,392,502,4,0,0,-5,0,5,1310,1310,5,0,221,0,1,1,12,-1.1,5,2,0,-1,0,324,21,0,0,0,-5,5,-12,0,0,0,0.0,0,0,0,0,0,1305,0,1310,0,0,0.0,0.0,0,0
483,9682,394,502,4,-1,0,-5,1,3,1308,1310,5,0,221,0,1,1,10,-1.2000000000000002,4,2,0,0,0,325,11,0,0,0,-3,3,-12,0,0,0,0.0,0,0,0,0,0,1305,0,1308,2,0,0.0,0.0,0,0
484,9702,396,502,4,-1,0,-5,1,4,1309,1308,5,0,221,0,1,1,14,-1.2000000000000002,4,2,0,0,0,326,11,0,0,0,-4,4,-12,0,0,0,0.0,0,0,0,0,0,1305,0,1309,2,0,0.0,0.0,0,0
485,9722,398,502,4,-1,0,-5,1,4,1309,1309,5,0,221,0,1,1,14,-1.3,3,2,0,0,0,327,11,0,0,0,-4,4,-12,0,0,0,0.0,0,0,0,0,0,1305,0,1309,0,0,0.0,0.0,0,0
486,9742,399,502,4,-1,0,-5,1,4,1309,1309,5,0,221,0,1,1,8,-1.4000000000000001,4,2,0,0,0,328,11,0,0,0,-4,4,-12,0,0,0,0.0,0,0,0,0,0,1305,0,1309,0,0,0.0,0.0,0,0
487,9762,401,502,4,-1,0,-5,1,4,1309,1309,5,0,221,0,1,1,0,-1.3,4,2,0,0,0,329,10,0,0,0,-4,4,-12,0,0,0,0.0,0,0,0,0,0,1305,0,1309,0,0,0.0,0.0,0,0
488,9782,403,505,1,4,0,-5,-4,9,1314,1309,5,0,221,0,1,1,0,-1.3,4,2,0,0,0,329,30,0,0,0,-9,9,-12,0,0,0,0.0,0,0,0,0,0,1305,0,1314,2,0,0.0,0.0,0,0
489,9802,405,503,3,7,0,-5,-7,12,1317,1314,5,0,221,0,1,1,0,-0.9,4,2,0,0,0,331,1,0,0,0,-12,12,-12,0,0,0,0.0,0,0,0,0,0,1305,0,1317,2,0,0.0,0.0,0,0
490,9822,406,503,3,9,0,-5,-9,13,1318,1317,5,0,221,0,1,1,10,-0.9,5,2,0,0,0,332,1,0,0,0,-13,13,-12,0,0,0,0.0,0,0,0,0,0,1305,0,1318,2,0,0.0,0.0,0,0
491,9842,408,503,3,9,0,-5,-9,14,1319,1318,5,0,221,0,1,1,12,-1.1,4,2,0,0,0,333,1,0,0,0,-14,14,-12,0,0,0,0.0,0,0,0,0,0,1305,0,1319,2,0,0.0,0.0,0,0
492,9862,410,502,4,6,0,-5,-6,10,1315,1319,5,0,221,0,1,1,12,-1.1,4,2,0,0,0,333,21,0,0,0,-10,10,-12,0,0,0,0.0,0,0,0,0,0,1305,0,1315,2,0,0.0,0.0,0,0
493,9882,411,502,4,2,0,-5,-2,7,1312,1315,5,0,221,0,1,1,9,-1.3,3,2,0,0,0,334,20,0,0,0,-7,7,-12,0,0,0,0.0,0,0,0,0,0,1305,0,1312,2,0,0.0,0.0,0,0
494,9902,413,502,4,-3,0,-5,3,2,1307,1312,5,0,221,0,1,1,10,-1.4000000000000001,3,2,0,0,0,335,10,0,0,0,-2,2,-12,0,0,0,0.0,0,0,0,0,0,1305,0,1307,2,0,0.0,0.0,0,0
495,9922,415,502,4,-4,0,-5,4,0,1305,1307,5,0,221,0,1,1,9,-1.4000000000000001,3,2,0,0,0,336,10,0,0,0,0,0,-12,0,0,0,0.0,0,0,0,0,0,1305,0,1305,2,0,0.0,0.0,0,0
496,9942,417,502,4,-5,0,-5,5,0,1305,1305,5,0,221,0,1,1,13,-1.0,3,2,0,0,0,337,10,0,0,0,0,0,-12,0,0,0,0.0,0,0,0,0,0,1305,0,1305,0,0,0.0,0.0,0,0
497,9962,418,502,4,-5,0,-5,5,0,1305,1305,5,0,221,0,1,1,12,-1.1,3,2,0,0,0,338,10,0,0,0,0,0,-12,0,0,0,0.0,0,0,0,0,0,1305,0,1305,0,0,0.0,0.0,0,0
498,9982,419,502,4,-4,0,-5,4,1,1306,1305,5,0,221,0,1,1,9,-1.4000000000000001,3,2,0,0,0,339,10,0,0,0,-1,1,-12,0,0,0,0.0,0,0,0,0,0,1305,0,1306,2,0,0.0,0.0,0,0
499,10002,422,502,4,-3,0,-5,3,2,1307,1306,5,0,221,0,1,1,9,-1.4000000000000001,3,2,0,0,0,339,30,0,0,0,-2,2,-12,0,0,0,0.0,0,0,0,0,0,1305,0,1307,2,0,0.0,0.0,0,0
500,10022,424,503,3,-1,0,-5,1,4,1309,1307,5,0,221,0,1,1,8,-1.4000000000000001,3,2,0,0,0,340,20,0,0,0,-4,4,-12,0,0,0,0.0,0,0,0,0,0,1305,0,1309,2,0,0.0,0.0,0,0
501,10042,426,503,3,1,0,-5,-1,6,1311,1309,5,0,221,0,1,1,11,-1.2000000000000002,2,2,0,0,0,342,1,0,0,0,-6,6,-12,0,0,0,0.0,0,0,0,0,0,1305,0,1311,2,0,0.0,0.0,0,0
502,10062,427,504,2,4,0,-5,-4,9,1314,1311,5,0,221,0,1,1,11,-1.1,2,2,0,0,0,343,1,0,0,0,-9,9,-12,0,0,0,0.0,0,0,0,0,0,1305,0,1314,2,0,0.0,0.0,0,0
503,10082,429,502,4,5,0,-5,-5,10,1315,1314,5,0,221,0,1,1,11,-0.9,1,2,0,0,0,344,1,0,0,0,-10,10,-12,0,0,0,0.0,0,0,0,0,0,1305,0,1315,2,0,0.0,0.0,0,0
504,10102,431,502,4,3,0,-5,-3,8,1313,1315,5,0,221,0,1,1,11,-0.9,1,2,0,0,0,344,21,0,0,0,-8,8,-12,0,0,0,0.0,0,0,0,0,0,1305,0,1313,2,0,0.0,0.0,0,0
505,10122,432,502,4,2,0,-5,-2,6,1311,1313,5,0,221,0,1,1,10,-1.1,1,2,0,0,0,345,10,0,0,0,-6,6,-12,0,0,0,0.0,0,0,0,0,0,1305,0,1311,2,0,0.0,0.0,0,0
506,10142,434,502,4,-2,0,-5,2,3,1308,1311,5,0,221,0,1,1,12,-1.3,2,2,0,0,0,346,10,0,0,0,-3,3,-12,0,0,0,0.0,0,0,0,0,0,1305,0,1308,2,0,0.0,0.0,0,0
507,10162,436,502,4,-4,0,-5,4,1,1306,1308,5,0,221,0,1,1,11,-1.3,1,2,0,0,0,347,10,0,0,0,-1,1,-12,0,0,0,0.0,0,0,0,0,0,1305,0,1306,2,0,0.0,0.0,0,0
508,10182,438,502,4,-3,0,-5,3,1,1306,1306,5,0,221,0,1,1,8,-1.3,2,2,0,0,0,348,10,0,0,0,-1,1,-12,0,0,0,0.0,0,0,0,0,0,1305,0,1306,0,0,0.0,0.0,0,0
509,10202,439,502,4,-3,0,-5,3,2,1307,1306,5,0,221,0,1,1,0,-1.7000000000000002,3,2,0,0,0,349,10,0,0,0,-2,2,-12,0,0,0,0.0,0,0,0,0,0,1305,0,1307,2,0,0.0,0.0,0,0
510,10222,441,502,4,-2,0,-5,2,3,1308,1307,5,0,221,0,1,1,12,-1.4000000000000001,4,2,0,0,0,350,1,0,0,0,-3,3,-12,0,0,0,0.0,0,0,0,0,0,1305,0,1308,2,0,0.0,0.0,0,0
511,10242,443,503,3,0,0,-5,0,5,1310,1308,5,0,221,0,1,1,12,-1.4000000000000001,4,2,0,0,0,350,21,0,0,0,-5,5,-12,0,0,0,0.0,0,0,0,0,0,1305,0,1310,2,0,0.0,0.0,0,0
512,10262,445,503,3,2,0,-5,-2,7,1312,1310,5,0,221,0,1,1,11,-1.6,4,2,0,0,0,351,20,0,0,0,-7,7,-12,0,0,0,0.0,0,0,0,0,0,1305,0,1312,2,0,0.0,0.0,0,0
513,10282,446,504,2,5,0,-5,-5,10,1315,1312,5,0,221,0,1,1,0,-1.2000000000000002,5,2,0,0,0,353,1,0,0,0,-10,10,-12,0,0,0,0.0,0,0,0,0,0,1305,0,1315,2,0,0.0,0.0,0,0
514,10302,448,502,4,6,0,-5,-6,10,1315,1315,5,0,221,0,1,1,9,-1.4000000000000001,6,2,0,0,0,354,1,0,0,0,-10,10,-12,0,0,0,0.0,0,0,0,0,0,1305,0,1315,0,0,0.0,0.0,0,0
515,10322,450,503,3,5,0,-5,-5,10,1315,1315,5,0,221,0,1,1,9,-1.4000000000000001,6,2,0,0,0,354,21,0,0,0,-10,10,-12,0,0,0,0.0,0,0,0,0,0,1305,0,1315,0,0,0.0,0.0,0,0
516,10342,452,502,4,2,0,-5,-2,7,1312,1315,5,0,221,0,1,1,0,-1.5,5,2,0,0,0,355,11,0,0,0,-7,7,-12,0,0,0,0.0,0,0,0,0,0,1305,0,1312,2,0,0.0,0.0,0,0
517,10362,453,502,4,-1,0,-5,1,4,1309,1312,5,0,221,0,1,1,9,-1.2000000000000002,6,2,0,0,0,356,11,0,0,0,-4,4,-12,0,0,0,0.0,0,0,0,0,0,1305,0,1309,2,0,0.0,0.0,0,0
518,10382,455,502,4,-4,0,-5,4,1,1306,1309,5,0,221,0,1,1,10,-0.9,5,2,0,0,0,357,10,0,0,0,-1,1,-12,0,0,0,0.0,0,0,0,0,0,1305,0,1306,2,0,0.0,0.0,0,0
519,10402,457,502,4,-4,0,-5,4,1,1306,1306,5,0,221,0,1,1,8,-1.3,4,2,0,0,0,358,10,0,0,0,-1,1,-12,0,0,0,0.0,0,0,0,0,0,1305,0,1306,0,0,0.0,0.0,0,0
520,10422,458,502,4,-4,0,-5,4,1,1306,1306,5,0,221,0,1,1,16,-1.4000000000000001,5,2,0,0,0,359,10,0,0,0,-1,1,-12,0,0,0,0.0,0,0,0,0,0,1305,0,1306,0,0,0.0,0.0,0,0
521,10442,460,502,4,-4,0,-5,4,1,1306,1306,5,0,221,0,1,1,16,-1.4000000000000001,5,2,0,0,0,359,30,0,0,0,-1,1,-12,0,0,0,0.0,0,0,0,0,0,1305,0,1306,0,0,0.0,0.0,0,0
522,10462,462,502,4,-3,0,-5,3,2,1307,1306,5,0,221,0,1,1,12,-1.5,5,2,0,0,0,361,1,0,0,0,-2,2,-12,0,0,0,0.0,0,0,0,0,0,1305,0,1307,2,0,0.0,0.0,0,0
523,10482,464,502,4,-3,0,-5,3,2,1307,1307,5,0,221,0,1,1,12,-1.5,5,2,0,0,0,361,21,0,0,0,-2,2,-12,0,0,0,0.0,0,0,0,0,0,1305,0,1307,0,0,0.0,0.0,0,0
524,10502,466,503,3,-1,0,-5,1,4,1309,1307,5,0,221,0,1,1,12,-1.3,4,2,0,0,0,362,20,0,0,0,-4,4,-12,0,0,0,0.0,0,0,0,0,0,1305,0,1309,2,0,0.0,0.0,0,0
525,10522,467,502,4,0,0,-5,0,5,1310,1309,5,0,221,0,1,1,12,-1.3,4,2,0,0,0,363,20,0,0,0,-5,5,-12,0,0,0,0.0,0,0,0,0,0,1305,0,1310,2,0,0.0,0.0,0,0
526,10542,469,503,3,2,0,-5,-2,7,1312,1310,5,0,221,0,1,1,12,-1.3,2,2,0,0,0,364,20,0,0,0,-7,7,-12,0,0,0,0.0,0,0,0,0,0,1305,0,1312,2,0,0.0,0.0,0,0
527,10562,471,502,4,2,0,-5,-2,7,1312,1312,5,0,221,0,1,1,9,-0.9,1,2,0,0,0,365,11,0,0,0,-7,7,-12,0,0,0,0.0,0,0,0,0,0,1305,0,1312,0,0,0.0,0.0,0,0
528,10582,473,503,3,3,0,-5,-3,7,1312,1312,5,0,221,0,1,1,11,-1.0,1,2,0,0,0,366,11,0,0,0,-7,7,-12,0,0,0,0.0,0,0,0,0,0,1305,0,1312,0,0,0.0,0.0,0,0
529,10602,474,504,2,4,0,-5,-4,9,1314,1312,5,0,221,0,1,1,12,-1.2000000000000002,1,2,0,0,0,367,10,0,0,0,-9,9,-12,0,0,0,0.0,0,0,0,0,0,1305,0,1314,2,0,0.0,0.0,0,0
530,10622,476,502,4,4,0,-5,-4,9,1314,1314,5,0,221,0,1,1,10,-1.2000000000000002,2,2,0,0,0,368,10,0,0,0,-9,9,-12,0,0,0,0.0,0,0,0,0,0,1305,0,1314,0,0,0.0,0.0,0,0
531,10642,478,502,4,2,0,-5,-2,7,1312,1314,5,0,221,0,1,1,12,-1.2000000000000002,3,2,0,0,0,369,10,0,0,0,-7,7,-12,0,0,0,0.0,0,0,0,0,0,1305,0,1312,2,0,0.0,0.0,0,0
532,10662,479,502,4,0,0,-5,0,5,1310,1312,5,0,221,0,1,1,12,-1.2000000000000002,3,2,0,0,0,369,30,0,0,0,-5,5,-12,0,0,0,0.0,0,0,0,0,0,1305,0,1310,2,0,0.0,0.0,0,0
533,10682,481,502,4,-2,0,-5,2,3,1308,1310,5,0,221,0,1,1,8,-1.1,2,2,0,0,0,371,1,0,0,0,-3,3,-12,0,0,0,0.0,0,0,0,0,0,1305,0,1308,2,0,0.0,0.0,0,0
534,10702,483,502,4,-4,0,-5,4,1,1306,1308,5,0,221,0,1,1,8,-1.2000000000000002,2,2,0,0,0,372,1,0,0,0,-1,1,-12,0,0,0,0.0,0,0,0,0,0,1305,0,1306,2,0,0.0,0.0,0,0
535,10722,485,502,4,-3,0,-5,3,1,1306,1306,5,0,221,0,1,1,9,-1.3,2,2,0,0,0,373,1,0,0,0,-1,1,-12,0,0,0,0.0,0,0,0,0,0,1305,0,1306,0,0,0.0,0.0,0,0
536,10742,486,502,4,-3,0,-5,3,2,1307,1306,5,0,221,0,1,1,10,-1.4000000000000001,2,2,0,0,0,374,1,0,0,0,-2,2,-12,0,0,0,0.0,0,0,0,0,0,1305,0,1307,2,0,0.0,0.0,0,0
537,10762,488,502,4,-2,0,-5,2,3,1308,1307,5,0,221,0,1,1,10,-1.4000000000000001,2,2,0,0,0,374,21,0,0,0,-3,3,-12,0,0,0,0.0,0,0,0,0,0,1305,0,1308,2,0,0.0,0.0,0,0
538,10782,490,503,3,0,0,-5,0,5,1310,1308,5,0,221,0,1,1,0,-1.3,2,2,0,0,0,375,11,0,0,0,-5,5,-12,0,0,0,0.0,0,0,0,0,0,1305,0,1310,2,0,0.0,0.0,0,0
539,10802,492,502,4,1,0,-5,-1,5,1310,1310,5,0,221,0,1,1,0,-1.2000000000000002,2,2,0,0,0,376,11,0,0,0,-5,5,-12,0,0,0,0.0,0,0,0,0,0,1305,0,1310,0,0,0.0,0.0,0,0
540,10822,493,502,4,1,0,-5,-1,6,1311,1310,5,0,221,0,1,1,9,-1.1,2,2,0,0,0,377,11,0,0,0,-6,6,-12,0,0,0,0.0,0,0,0,0,0,1305,0,1311,2,0,0.0,0.0,0,0
541,10842,495,502,4,0,0,-5,0,5,1310,1311,5,0,221,0,1,1,11,-1.2000000000000002,2,2,0,0,0,378,11,0,0,0,-5,5,-12,0,0,0,0.0,0,0,0,0,0,1305,0,1310,2,0,0.0,0.0,0,0
542,10862,497,502,4,0,0,-5,0,4,1309,1310,5,0,221,0,1,1,11,-1.4000000000000001,2,2,0,0,0,379,10,0,0,0,-4,4,-12,0,0,0,0.0,0,0,0,0,0,1305,0,1309,2,0,0.0,0.0,0,0
543,10882,499,502,4,-2,0,-5,2,3,1308,1309,5,0,221,0,1,1,11,-1.4000000000000001,2,2,0,0,0,379,30,0,0,0,-3,3,-12,0,0,0,0.0,0,0,0,0,0,1305,0,1308,2,0,0.0,0.0,0,0
544,10902,500,502,4,-2,0,-5,2,2,1307,1308,5,0,221,0,1,1,10,-1.5,1,2,0,0,0,381,1,0,0,0,-2,2,-12,0,0,0,0.0,0,0,0,0,0,1305,0,1307,2,0,0.0,0.0,0,0
545,10922,502,502,4,-2,0,-5,2,3,1308,1307,5,0,221,0,1,1,9,-1.4000000000000001,1,2,0,0,0,382,1,0,0,0,-3,3,-12,0,0,0,0.0,0,0,0,0,0,1305,0,1308,2,0,0.0,0.0,0,0
546,10942,504,502,4,-2,0,-5,2,3,1308,1308,5,0,221,0,1,1,10,-1.3,1,2,0,0,0,383,1,0,0,0,-3,3,-12,0,0,0,0.0,0,0,0,0,0,1305,0,1308,0,0,0.0,0.0,0,0
547,10962,506,502,4,-1,0,-5,1,4,1309,1308,5,0,221,0,1,1,10,-1.3,1,2,0,0,0,383,21,0,0,0,-4,4,-12,0,0,0,0.0,0,0,0,0,0,1305,0,1309,2,0,0.0,0.0,0,0
548,10982,507,502,4,-1,0,-5,1,4,1309,1309,5,0,221,0,1,1,11,-1.2000000000000002,1,2,0,0,0,384,20,0,0,0,-4,4,-12,0,0,0,0.0,0,0,0,0,0,1305,0,1309,0,0,0.0,0.0,0,0
549,11002,509,502,4,-1,0,-5,1,4,1309,1309,5,0,221,0,1,1,10,-1.2000000000000002,1,2,0,0,0,385,10,0,0,0,-4,4,-12,0,0,0,0.0,0,0,0,0,0,1305,0,1309,0,0,0.0,0.0,0,0
550,11022,511,503,3,1,0,-5,-1,6,1311,1309,5,0,221,0,1,1,10,-1.3,1,2,0,0,0,386,10,0,0,0,-6,6,-12,0,0,0,0.0,0,0,0,0,0,1305,0,1311,2,0,0.0,0.0,0,0
551,11042,513,503,3,3,0,-5,-3,8,1313,1311,5,0,221,0,1,1,9,-1.3,1,2,0,0,0,387,10,0,0,0,-8,8,-12,0,0,0,0.0,0,0,0,0,0,1305,0,1313,2,0,0.0,0.0,0,0
552,11062,514,503,3,5,0,-5,-5,9,1314,1313,5,0,221,0,1,1,8,-1.3,1,2,0,0,0,388,10,0,0,0,-9,9,-12,0,0,0,0.0,0,0,0,0,0,1305,0,1314,2,0,0.0,0.0,0,0
553,11082,516,502,4,5,0,-5,-5,9,1314,1314,5,0,221,0,1,1,10,-1.1,1,2,0,0,0,389,11,0,0,0,-9,9,-12,0,0,0,0.0,0,0,0,0,0,1305,0,1314,0,0,0.0,0.0,0,0
554,11102,518,502,4,3,0,-5,-3,8,1313,1314,5,0,221,0,1,1,10,-1.1,1,2,0,0,0,389,31,0,0,0,-8,8,-12,0,0,0,0.0,0,0,0,0,0,1305,0,1313,2,0,0.0,0.0,0,0
555,11122,520,502,4,0,0,-5,0,5,1310,1313,5,0,221,0,1,1,10,-1.2000000000000002,1,2,0,0,0,390,20,0,0,0,-5,5,-12,0,0,0,0.0,0,0,0,0,0,1305,0,1310,2,0,0.0,0.0,0,0
556,11142,521,502,4,-2,0,-5,2,2,1307,1310,5,0,221,0,1,1,0,-1.2000000000000002,2,2,0,0,0,392,1,0,0,0,-2,2,-12,0,0,0,0.0,0,0,0,0,0,1305,0,1307,2,0,0.0,0.0,0,0
557,11162,523,502,4,-3,0,-5,3,1,1298,1307,5,0,221,1,23,1,9,-1.3,3,2,0,0,0,393,1,0,0,0,-1,1,-6,-8,-8,-8,0.0,0,0,0,0,0,1297,-8,1298,2,0,0.0,0.0,0,0
558,11182,525,502,4,-3,0,-5,3,2,1306,1298,5,0,221,1,23,1,11,-1.2000000000000002,3,2,0,0,0,394,1,0,0,0,-2,2,-1,-1,-1,-1,0.0,0,0,0,0,0,1304,-1,1306,2,0,0.0,0.0,0,0
559,11202,526,502,4,-2,0,-5,2,3,1312,1306,5,0,221,1,23,1,11,-1.2000000000000002,3,2,0,0,0,394,21,0,0,0,-3,3,3,4,4,4,0.0,0,0,0,0,0,1309,4,1312,2,0,0.0,0.0,0,0
560,11222,528,502,4,-2,0,-5,2,3,1311,1312,5,0,221,1,23,1,0,-1.1,4,2,0,0,0,395,10,0,0,0,-3,3,2,3,3,3,0.0,0,0,0,0,0,1308,3,1311,2,0,0.0,0.0,0,0
561,11242,530,502,4,-1,0,-5,1,3,1314,1311,5,0,221,1,23,1,8,-1.1,3,2,0,0,0,396,10,0,0,0,-3,3,4,6,6,6,0.0,0,0,0,0,0,1311,6,1314,2,0,0.0,0.0,0,0
562,11262,532,502,4,-1,0,-5,1,4,1318,1314,5,0,221,1,23,1,10,-1.1,4,2,0,0,0,397,10,0,0,0,-4,4,6,9,9,9,0.0,0,0,0,0,0,1314,9,1318,2,0,0.0,0.0,0,0
563,11282,533,502,4,-1,0,-5,1,4,1319,1318,5,0,221,1,7,1,9,-1.0,3,2,0,0,0,398,10,0,0,0,-4,4,7,10,10,10,0.0,0,0,0,0,0,1315,10,1319,2,0,0.0,0.0,0,0
564,11302,535,502,4,-1,0,-5,1,4,1322,1319,5,0,221,1,7,1,13,-1.4000000000000001,4,2,0,0,0,399,10,0,0,0,-4,4,9,13,13,13,0.0,0,0,0,0,0,1318,13,1322,2,0,0.0,0.0,0,0
565,11322,537,502,4,-1,0,-5,1,4,1324,1322,5,0,221,1,7,1,13,-1.4000000000000001,4,2,0,0,0,399,30,0,0,0,-4,4,10,15,15,15,0.0,0,0,0,0,0,1320,15,1324,2,0,0.0,0.0,0,0
566,11342,539,502,4,0,0,-5,0,4,1324,1324,5,0,221,1,7,1,11,-1.8,3,2,0,0,0,400,20,0,0,0,-4,4,10,15,15,15,0.0,0,0,0,0,0,1320,15,1324,0,0,0.0,0.0,0,0
567,11362,540,502,4,0,0,-5,0,4,1320,1324,5,0,221,1,7,1,0,-1.8,5,1,0,1,0,401,20,0,0,0,-4,4,7,11,11,11,0.0,0,0,0,0,0,1316,11,1320,2,0,0.0,0.0,0,0
568,11382,542,502,4,0,0,-5,0,4,1321,1320,5,0,221,1,7,1,11,-1.3,9,2,0,0,0,403,1,0,0,0,-4,4,8,12,12,12,0.0,0,0,0,0,0,1317,12,1321,2,0,0.0,0.0,0,0
569,11402,544,502,4,0,0,-5,0,5,1325,1321,5,0,221,1,7,1,15,-1.0,9,2,0,0,0,404,1,0,0,0,-5,5,10,15,15,15,0.0,0,0,0,0,0,1320,15,1325,2,0,0.0,0.0,0,0
570,11422,546,502,4,0,0,-5,0,5,1328,1325,5,0,221,1,7,1,15,-1.0,9,2,0,0,0,404,21,0,0,0,-5,5,12,18,18,18,0.0,0,0,0,0,0,1323,18,1328,2,0,0.0,0.0,0,0
571,11442,548,502,4,0,0,-5,0,5,1326,1328,5,0,221,1,7,1,9,-1.2000000000000002,10,2,0,2,0,405,11,0,0,0,-5,5,11,16,16,16,0.0,0,0,0,0,0,1321,16,1326,2,0,0.0,0.0,0,0
572,11462,549,502,4,0,0,-5,0,5,1327,1326,5,0,221,1,7,1,13,-1.3,8,2,0,3,0,406,11,0,0,0,-5,5,12,17,17,17,0.0,0,0,0,0,0,1322,17,1327,2,0,0.0,0.0,0,0
573,11482,551,502,4,0,0,-5,0,5,1327,1327,5,0,221,1,7,1,10,-1.3,8,2,0,0,0,407,11,0,0,0,-5,5,11,17,17,17,0.0,0,0,0,0,0,1322,17,1327,0,0,0.0,0.0,0,0
574,11502,553,502,4,0,0,-5,0,5,1326,1327,5,0,221,1,7,1,9,-1.4000000000000001,6,2,9,0,0,408,11,0,0,0,-5,5,10,16,16,16,0.0,0,0,0,0,0,1321,16,1326,2,0,0.0,0.0,0,0
575,11522,554,502,4,0,0,-5,0,5,1327,1326,5,0,221,1,7,1,14,-1.2000000000000002,6,2,2,0,0,409,11,0,0,0,-5,5,12,17,17,17,0.0,0,0,0,0,0,1322,17,1327,2,0,0.0,0.0,0,0
576,11542,556,502,4,0,0,-5,0,5,1326,1327,5,0,221,1,7,1,9,-1.4000000000000001,6,2,20,0,0,410,1,0,0,0,-5,5,11,16,16,16,0.0,0,0,0,0,0,1321,16,1326,2,0,0.0,0.0,0,0
577,11562,558,502,4,0,0,-5,0,5,1325,1326,5,0,221,1,7,1,9,-1.2000000000000002,5,2,9,1,0,411,1,0,0,0,-5,5,10,15,15,15,0.0,0,0,0,0,0,1320,15,1325,2,0,0.0,0.0,0,0
578,11582,560,500,6,-3,24,-5,3,-22,1298,1325,5,0,221,1,7,1,9,-1.2000000000000002,5,2,9,1,0,411,21,0,0,0,22,-22,10,15,15,15,0.0,0,0,0,0,0,1320,15,1298,2,0,0.0,0.0,0,0
579,11602,561,501,5,-5,20,-5,5,-21,1299,1298,5,0,221,1,7,1,10,-1.3,5,2,4,5,0,412,20,0,0,0,21,-21,10,15,15,15,0.0,0,0,0,0,0,1320,15,1299,2,0,0.0,0.0,0,0
580,11622,563,501,5,-7,20,-4,7,-23,1292,1299,5,0,221,1,7,1,0,-1.4000000000000001,6,2,17,20,-1,414,1,0,0,0,23,-23,7,10,10,10,0.0,0,0,0,0,0,1315,10,1292,2,0,0.0,0.0,0,0
581,11642,565,501,5,-8,20,-4,8,-23,1289,1292,5,0,221,1,7,1,0,-1.4000000000000001,6,2,17,20,-1,414,21,0,0,0,23,-23,5,7,7,7,0.0,0,0,0,0,0,1312,7,1289,2,0,0.0,0.0,0,0
582,11662,567,500,6,-8,24,-4,8,-28,1287,1289,5,0,221,1,7,1,10,-0.5,7,2,7,21,0,415,11,0,0,0,28,-28,6,10,10,10,0.0,0,0,0,0,0,1315,10,1287,2,0,0.0,0.0,0,0
583,11682,568,500,6,-9,24,-4,9,-29,1276,1287,5,0,221,1,7,1,-15,0.5,14,2,22,10,0,416,11,0,0,0,29,-29,0,0,0,0,0.0,0,0,0,0,0,1305,0,1276,2,0,0.0,0.0,0,0
584,11702,570,500,6,-10,24,-4,10,-30,1275,1276,5,0,221,1,7,1,0,-1.7000000000000002,18,3,5,6,-1,417,10,0,0,0,30,-30,0,0,0,0,0.0,0,0,0,0,0,1305,0,1275,2,0,0.0,0.0,0,0
585,11722,572,500,6,-10,24,-4,10,-30,1275,1275,5,0,221,1,7,1,0,-1.3,23,3,11,26,-1,418,10,0,0,0,30,-30,0,0,0,0,0.0,0,0,0,0,0,1305,0,1275,0,0,0.0,0.0,0,0
586,11742,574,500,6,-9,24,-3,9,-30,1271,1275,5,0,221,1,7,1,-8,0.4,23,2,14,13,0,419,10,0,0,0,30,-30,-2,-4,-4,-4,0.0,0,0,0,0,0,1301,-4,1271,2,0,0.0,0.0,0,0
587,11762,575,499,7,-10,28,-3,10,-34,1265,1271,5,0,221,1,7,1,-8,0.4,23,2,14,13,0,419,30,0,0,0,34,-34,-4,-6,-6,-6,0.0,0,0,0,0,0,1299,-6,1265,2,0,0.0,0.0,0,0
588,11782,577,498,8,-11,32,-3,11,-40,1261,1265,5,0,221,1,7,1,0,-1.3,17,0,17,21,0,421,1,0,0,0,40,-40,-3,-4,-4,-4,0.0,0,0,0,0,0,1301,-4,1261,2,0,0.0,0.0,0,0
589,11802,579,498,8,-14,32,-3,14,-43,1259,1261,5,0,221,1,7,1,0,-1.7000000000000002,13,1,21,11,-1,422,1,0,0,0,43,-43,-2,-3,-3,-3,0.0,0,0,0,0,0,1302,-3,1259,2,0,0.0,0.0,0,0
590,11822,581,496,10,-18,40,-3,18,-56,1247,1259,5,0,221,1,7,1,0,-1.7000000000000002,13,1,21,11,-1,422,21,0,0,0,56,-56,-1,-2,-2,-2,0.0,0,0,0,0,0,1303,-2,1247,2,0,0.0,0.0,0,0
591,11842,582,496,10,-22,40,-3,22,-60,1244,1247,5,0,221,1,7,1,0,-1.4000000000000001,12,2,14,26,0,423,20,0,0,0,60,-60,-1,-1,-1,-1,0.0,0,0,0,0,0,1304,-1,1244,2,0,0.0,0.0,0,0
592,11862,584,495,11,-26,44,-2,26,-68,1236,1244,5,0,221,1,7,1,0,-1.0,9,3,28,12,0,424,20,0,0,0,68,-68,-1,-1,-1,-1,0.0,0,0,0,0,0,1304,-1,1236,2,0,0.0,0.0,0,0
593,11882,586,494,12,-29,48,-2,29,-75,1229,1236,5,0,221,1,7,1,0,0.6000000000000001,13,3,29,15,-1,425,11,0,0,0,75,-75,0,-1,-1,-1,0.0,0,0,0,0,0,1304,-1,1229,2,0,0.0,0.0,0,0
594,11902,588,494,12,-31,48,-2,31,-77,1232,1229,5,0,221,1,7,1,9,-2.3000000000000003,16,2,21,35,0,426,11,0,0,0,77,-77,2,4,4,4,0.0,0,0,0,0,0,1309,4,1232,2,0,0.0,0.0,0,0
595,11922,589,494,12,-31,48,-1,31,-78,1234,1232,5,0,221,1,7,1,9,-1.4000000000000001,21,1,35,19,0,427,11,0,0,0,78,-78,4,7,7,7,0.0,0,0,0,0,0,1312,7,1234,2,0,0.0,0.0,0,0
596,11942,591,494,12,-29,48,-1,29,-76,1234,1234,5,0,221,1,7,1,0,-2.9000000000000004,21,1,28,31,0,428,11,0,0,0,76,-76,3,5,5,5,0.0,0,0,0,0,0,1310,5,1234,0,0,0.0,0.0,0,0
597,11962,593,493,13,-26,52,-1,26,-77,1231,1234,5,0,221,1,7,1,0,-1.9000000000000001,28,1,24,34,0,429,11,0,0,0,77,-77,2,3,3,3,0.0,0,0,0,0,0,1308,3,1231,2,0,0.0,0.0,0,0
598,11982,595,493,13,-23,52,0,23,-75,1232,1231,5,0,221,1,7,1,0,-1.7000000000000002,22,3,30,32,-1,430,1,0,0,0,75,-75,1,2,2,2,0.0,0,0,0,0,0,1307,2,1232,2,0,0.0,0.0,0,0
599,12002,596,491,15,-23,60,0,23,-82,1225,1232,5,0,221,1,7,1,0,-1.5,18,2,32,34,0,431,1,0,0,0,82,-82,1,2,2,2,0.0,0,0,0,0,0,1307,2,1225,2,0,0.0,0.0,0,0
600,12022,598,492,14,-23,56,0,23,-79,1227,1225,5,0,221,1,7,1,0,-1.5,15,6,34,32,-2,432,1,0,0,0,79,-79,1,1,1,1,0.0,0,0,0,0,0,1306,1,1227,2,0,0.0,0.0,0,0
601,12042,600,490,16,-26,64,1,26,-90,1216,1227,5,0,221,1,7,1,0,-1.9000000000000001,12,15,38,28,-4,433,1,0,0,0,90,-90,1,1,1,1,0.0,0,0,0,0,0,1306,1,1216,2,0,0.0,0.0,0,0
602,12062,602,489,17,-28,68,1,28,-97,1212,1216,5,0,221,1,7,1,8,-2.6,7,1,38,38,0,434,1,0,0,0,97,-97,3,4,4,4,0.0,0,0,0,0,0,1309,4,1212,2,0,0.0,0.0,0,0
603,12082,603,488,18,-31,72,1,31,-104,1207,1212,5,0,221,1,7,1,8,-2.6,7,1,38,38,0,434,21,0,0,0,104,-104,4,6,6,6,0.0,0,0,0,0,0,1311,6,1207,2,0,0.0,0.0,0,0
604,12102,605,486,20,-35,80,2,35,-117,1193,1207,5,0,221,1,7,1,0,-2.3000000000000003,10,-2,36,31,0,435,11,0,0,0,117,-117,3,5,5,5,0.0,0,0,0,0,0,1310,5,1193,2,0,0.0,0.0,0,0
605,12122,607,486,20,-40,80,3,40,-123,1185,1193,5,0,221,1,7,1,0,-1.6,14,-3,41,42,0,436,11,0,0,0,123,-123,2,3,3,3,0.0,0,0,0,0,0,1308,3,1185,2,0,0.0,0.0,0,0
606,12142,608,486,20,-43,80,3,43,-126,1181,1185,5,0,221,1,7,1,0,-0.8,14,0,40,37,0,437,11,0,0,0,126,-126,1,2,2,2,0.0,0,0,0,0,0,1307,2,1181,2,0,0.0,0.0,0,0
607,12162,610,486,20,-42,80,3,42,-125,1182,1181,5,0,221,1,7,1,0,-1.1,15,-10,43,40,4,438,11,0,0,0,125,-125,1,2,2,2,0.0,0,0,0,0,0,1307,2,1182,2,0,0.0,0.0,0,0
608,12182,612,486,20,-36,80,4,36,-120,1186,1182,5,0,221,1,7,1,0,-1.2000000000000002,13,-4,40,44,1,439,11,0,0,0,120,-120,1,1,1,1,0.0,0,0,0,0,0,1306,1,1186,2,0,0.0,0.0,0,0
609,12202,614,484,22,-32,88,4,32,-124,1182,1186,5,0,221,1,7,1,0,-1.2000000000000002,13,-4,40,44,1,439,31,0,0,0,124,-124,1,1,1,1,0.0,0,0,0,0,0,1306,1,1182,2,0,0.0,0.0,0,0
610,12222,616,484,22,-30,88,5,30,-123,1183,1182,5,0,221,1,7,1,0,-2.1,13,-14,37,46,4,441,1,0,0,0,123,-123,0,1,1,1,0.0,0,0,0,0,0,1306,1,1183,2,0,0.0,0.0,0,0
611,12242,617,484,22,-29,88,5,29,-122,1183,1183,5,0,221,1,7,1,0,-1.0,17,-13,44,45,4,442,1,0,0,0,122,-122,0,0,0,0,0.0,0,0,0,0,0,1305,0,1183,0,0,0.0,0.0,0,0
612,12262,619,484,22,-27,88,6,27,-121,1184,1183,5,0,221,2,7,1,0,-1.2000000000000002,16,-7,44,50,1,443,1,0,0,0,121,-121,0,0,0,0,0.0,0,0,0,0,0,1305,0,1184,2,0,0.0,0.0,0,0
613,12282,621,484,22,-25,88,7,25,-119,1186,1184,5,0,221,2,7,1,0,-0.5,17,-13,45,47,4,444,1,0,0,0,119,-119,0,0,0,0,0.0,0,0,0,0,0,1305,0,1186,2,0,0.0,0.0,0,0
614,12302,622,485,21,-21,84,7,21,-112,1193,1186,5,0,221,2,7,1,0,-0.5,17,-13,45,47,4,444,21,0,0,0,112,-112,0,0,0,0,0.0,0,0,0,0,0,1305,0,1193,2,0,0.0,0.0,0,0
615,12322,624,484,22,-16,88,7,16,-112,1193,1193,5,0,221,2,7,1,0,-0.5,15,-12,50,51,4,445,10,0,0,0,112,-112,0,0,0,0,0.0,0,0,0,0,0,1305,0,1193,0,0,0.0,0.0,0,0
616,12342,626,482,24,-16,96,8,16,-120,1185,1193,5,0,221,2,7,1,0,-0.5,13,-14,44,54,5,446,10,0,0,0,120,-120,0,0,0,0,0.0,0,0,0,0,0,1305,0,1185,2,0,0.0,0.0,0,0
617,12362,628,482,24,-18,96,9,18,-122,1187,1185,5,0,221,2,7,1,8,0.0,9,-14,51,50,5,447,10,0,0,0,122,-122,2,4,4,4,0.0,0,0,0,0,0,1309,4,1187,2,0,0.0,0.0,0,0
618,12382,629,482,24,-19,96,9,19,-124,1184,1187,5,0,221,2,7,1,0,-0.7000000000000001,9,-10,51,52,3,448,10,0,0,0,124,-124,2,3,3,3,0.0,0,0,0,0,0,1308,3,1184,2,0,0.0,0.0,0,0
619,12402,631,482,24,-21,96,10,21,-127,1180,1184,5,0,221,2,7,1,0,-1.4000000000000001,10,-12,48,50,4,449,10,0,0,0,127,-127,1,2,2,2,0.0,0,0,0,0,0,1307,2,1180,2,0,0.0,0.0,0,0
620,12422,633,482,24,-20,96,10,20,-126,1180,1180,5,0,221,2,7,1,0,-1.4000000000000001,10,-12,48,50,4,449,30,0,0,0,126,-126,1,1,1,1,0.0,0,0,0,0,0,1306,1,1180,0,0,0.0,0.0,0,0
621,12442,635,482,24,-16,96,11,16,-123,1183,1180,5,0,221,2,7,1,0,-1.7000000000000002,10,-7,53,52,1,450,20,0,0,0,123,-123,1,1,1,1,0.0,0,0,0,0,0,1306,1,1183,2,0,0.0,0.0,0,0
622,12462,636,482,24,-13,96,11,13,-120,1186,1183,5,0,221,2,7,1,0,-1.0,7,-5,52,54,0,452,1,0,0,0,120,-120,0,1,1,1,0.0,0,0,0,0,0,1306,1,1186,2,0,0.0,0.0,0,0
623,12482,638,483,23,-9,92,12,9,-113,1196,1186,5,0,221,2,7,1,8,-0.9,10,-10,57,53,4,453,1,0,0,0,113,-113,3,4,4,4,0.0,0,0,0,0,0,1309,4,1196,2,0,0.0,0.0,0,0
624,12502,640,483,23,-5,92,13,5,-109,1205,1196,5,0,221,2,7,1,14,-0.6000000000000001,10,-7,56,59,2,454,1,0,0,0,109,-109,6,9,9,9,0.0,0,0,0,0,0,1314,9,1205,2,0,0.0,0.0,0,0
625,12522,642,484,22,0,88,13,0,-101,1217,1205,5,0,221,2,7,1,14,-0.6000000000000001,10,-7,56,59,2,454,21,0,0,0,101,-101,8,13,13,13,0.0,0,0,0,0,0,1318,13,1217,2,0,0.0,0.0,0,0
626,12542,643,484,22,4,88,14,-4,-97,1225,1217,5,0,221,2,7,1,19,-0.8,12,-7,53,59,3,455,11,0,0,0,97,-97,12,17,17,17,0.0,0,0,0,0,0,1322,17,1225,2,0,0.0,0.0,0,0
627,12562,645,484,22,7,88,14,-7,-95,1226,1225,5,0,221,2,7,1,9,-0.30000000000000004,14,-6,57,56,2,456,10,0,0,0,95,-95,11,16,16,16,0.0,0,0,0,0,0,1321,16,1226,2,0,0.0,0.0,0,0
628,12582,647,484,22,8,88,15,-8,-95,1221,1226,5,0,221,2,7,1,0,-0.6000000000000001,15,-8,58,60,4,457,10,0,0,0,95,-95,8,11,11,11,0.0,0,0,0,0,0,1316,11,1221,2,0,0.0,0.0,0,0
629,12602,649,484,22,8,88,15,-8,-96,1217,1221,5,0,221,2,7,1,0,-0.5,11,-9,59,60,4,458,10,0,0,0,96,-96,5,8,8,8,0.0,0,0,0,0,0,1313,8,1217,2,0,0.0,0.0,0,0
630,12622,650,485,21,8,84,16,-8,-91,1220,1217,5,0,221,2,7,1,0,-0.30000000000000004,11,-7,57,63,3,459,10,0,0,0,91,-91,4,6,6,6,0.0,0,0,0,0,0,1311,6,1220,2,0,0.0,0.0,0,0
631,12642,652,485,21,9,84,16,-9,-92,1217,1220,5,0,221,2,7,1,0,-0.30000000000000004,11,-7,57,63,3,459,30,0,0,0,92,-92,3,4,4,4,0.0,0,0,0,0,0,1309,4,1217,2,0,0.0,0.0,0,0
632,12662,654,486,20,11,80,17,-11,-86,1222,1217,5,0,221,2,7,1,0,0.0,9,-11,60,66,6,460,20,0,0,0,86,-86,2,3,3,3,0.0,0,0,0,0,0,1308,3,1222,2,0,0.0,0.0,0,0
633,12682,656,487,19,15,76,17,-15,-79,1228,1222,5,0,221,2,7,1,0,-0.5,7,-7,61,63,4,461,20,0,0,0,79,-79,1,2,2,2,0.0,0,0,0,0,0,1307,2,1228,2,0,0.0,0.0,0,0
634,12702,657,488,18,19,72,18,-19,-71,1235,1228,5,0,221,2,7,1,0,0.30000000000000004,9,-4,62,67,2,463,1,0,0,0,71,-71,1,1,1,1,0.0,0,0,0,0,0,1306,1,1235,2,0,0.0,0.0,0,0
635,12722,659,486,20,19,80,18,-19,-79,1232,1235,5,0,221,2,7,1,12,1.0,10,-8,65,72,3,464,1,0,0,0,79,-79,4,6,6,6,0.0,0,0,0,0,0,1311,6,1232,2,0,0.0,0.0,0,0
636,12742,661,486,20,17,80,19,-17,-82,1233,1232,5,0,221,2,7,1,12,1.0,10,-8,65,72,3,464,21,0,0,0,82,-82,7,10,10,10,0.0,0,0,0,0,0,1315,10,1233,2,0,0.0,0.0,0,0
637,12762,662,486,20,14,80,19,-14,-85,1230,1233,5,0,221,2,7,1,8,0.9,10,-5,66,67,2,465,11,0,0,0,85,-85,7,10,10,10,0.0,0,0,0,0,0,1315,10,1230,2,0,0.0,0.0,0,0
638,12782,664,487,19,11,76,19,-11,-84,1228,1230,5,0,221,2,7,1,0,-0.1,13,-8,62,70,4,466,11,0,0,0,84,-84,5,7,7,7,0.0,0,0,0,0,0,1312,7,1228,2,0,0.0,0.0,0,0
639,12802,666,488,18,10,72,20,-10,-82,1228,1228,5,0,221,2,7,1,0,-0.1,13,3,71,70,0,467,11,0,0,0,82,-82,3,5,5,5,0.0,0,0,0,0,0,1310,5,1228,0,0,0.0,0.0,0,0
640,12822,668,488,18,13,72,20,-13,-80,1229,1228,5,0,221,2,7,1,0,-0.4,11,-9,70,72,0,468,11,0,0,0,80,-80,2,4,4,4,0.0,0,0,0,0,0,1309,4,1229,2,0,0.0,0.0,0,0
641,12842,670,488,18,15,72,21,-15,-78,1230,1229,5,0,221,2,7,1,0,-0.4,13,-9,73,73,5,469,11,0,0,0,78,-78,2,3,3,3,0.0,0,0,0,0,0,1308,3,1230,2,0,0.0,0.0,0,0
642,12862,671,488,18,15,72,21,-15,-78,1233,1230,5,0,221,2,7,1,9,-0.1,14,-10,70,75,5,470,1,0,0,0,78,-78,4,6,6,6,0.0,0,0,0,0,0,1311,6,1233,2,0,0.0,0.0,0,0
643,12882,673,488,18,13,72,22,-13,-80,1229,1233,5,0,221,2,7,1,0,0.5,11,-4,70,73,1,471,1,0,0,0,80,-80,3,4,4,4,0.0,0,0,0,0,0,1309,4,1229,2,0,0.0,0.0,0,0
644,12902,675,487,19,9,76,22,-9,-89,1219,1229,5,0,221,2,7,1,0,0.5,11,-4,70,73,1,471,21,0,0,0,89,-89,2,3,3,3,0.0,0,0,0,0,0,1308,3,1219,2,0,0.0,0.0,0,0
645,12922,676,486,20,5,80,23,-5,-98,1204,1219,5,0,221,2,7,1,-10,0.0,12,-9,75,76,5,472,20,0,0,0,98,-98,-2,-3,-3,-3,0.0,0,0,0,0,0,1302,-3,1204,2,0,0.0,0.0,0,0
646,12942,678,488,18,2,72,23,-2,-93,1214,1204,5,0,221,2,7,1,9,0.30000000000000004,19,-4,78,75,2,474,1,0,0,0,93,-93,2,2,2,2,0.0,0,0,0,0,0,1307,2,1214,2,0,0.0,0.0,0,0
647,12962,680,486,20,-2,80,24,2,-105,1206,1214,5,0,221,2,7,1,9,0.30000000000000004,19,-4,78,75,2,474,21,0,0,0,105,-105,4,6,6,6,0.0,0,0,0,0,0,1311,6,1206,2,0,0.0,0.0,0,0
648,12982,682,486,20,-4,80,24,4,-108,1201,1206,5,0,221,2,7,1,0,0.0,21,-3,77,79,1,475,11,0,0,0,108,-108,3,4,4,4,0.0,0,0,0,0,0,1309,4,1201,2,0,0.0,0.0,0,0
649,13002,684,488,18,-3,72,25,3,-99,1215,1201,5,0,221,2,7,1,14,-0.7000000000000001,25,-4,74,81,1,476,11,0,0,0,99,-99,6,9,9,9,0.0,0,0,0,0,0,1314,9,1215,2,0,0.0,0.0,0,0
650,13022,685,488,18,1,72,25,-1,-96,1215,1215,5,0,221,2,7,1,0,-0.4,27,-5,79,77,3,477,12,0,0,0,96,-96,4,6,6,6,0.0,0,0,0,0,0,1311,6,1215,0,0,0.0,0.0,0,0
651,13042,687,488,18,3,72,25,-3,-95,1223,1215,5,0,221,2,7,1,18,-0.4,30,-8,79,85,6,478,11,0,0,0,95,-95,8,13,13,13,0.0,0,0,0,0,0,1318,13,1223,2,0,0.0,0.0,0,0
652,13062,689,489,17,8,68,26,-8,-86,1228,1223,5,0,221,2,7,1,0,-0.2,30,-6,76,82,2,479,11,0,0,0,86,-86,6,9,9,9,0.0,0,0,0,0,0,1314,9,1228,2,0,0.0,0.0,0,0
653,13082,690,488,18,11,72,26,-11,-87,1216,1228,5,0,221,2,7,1,-17,0.1,31,-8,79,81,5,480,1,0,0,0,87,-87,-1,-2,-2,-2,0.0,0,0,0,0,0,1303,-2,1216,2,0,0.0,0.0,0,0
654,13102,692,489,17,13,68,27,-13,-82,1222,1216,5,0,221,2,7,1,0,0.6000000000000001,30,-4,82,86,2,481,1,0,0,0,82,-82,-1,-1,-1,-1,0.0,0,0,0,0,0,1304,-1,1222,2,0,0.0,0.0,0,0
655,13122,694,490,16,14,64,27,-14,-77,1227,1222,5,0,221,2,7,1,0,0.9,30,-4,78,84,2,482,1,0,0,0,77,-77,0,-1,-1,-1,0.0,0,0,0,0,0,1304,-1,1227,2,0,0.0,0.0,0,0
656,13142,696,490,16,15,64,27,-15,-76,1228,1227,5,0,221,2,7,1,0,0.9,30,-4,78,84,2,482,21,0,0,0,76,-76,0,-1,-1,-1,0.0,0,0,0,0,0,1304,-1,1228,2,0,0.0,0.0,0,0
657,13162,697,490,16,16,64,28,-16,-76,1229,1228,5,0,221,2,7,1,0,0.30000000000000004,26,-10,84,86,6,483,20,0,0,0,76,-76,0,0,0,0,0.0,0,0,0,0,0,1305,0,1229,2,0,0.0,0.0,0,0
658,13182,699,490,16,16,64,28,-16,-76,1229,1229,5,0,221,2,7,1,0,0.6000000000000001,20,-7,81,88,3,484,20,0,0,0,76,-76,0,0,0,0,0.0,0,0,0,0,0,1305,0,1229,0,0,0.0,0.0,0,0
659,13202,701,490,16,15,64,29,-15,-78,1234,1229,5,0,221,2,7,1,17,0.5,17,-5,84,89,2,485,11,0,0,0,78,-78,5,7,7,7,0.0,0,0,0,0,0,1312,7,1234,2,0,0.0,0.0,0,0
660,13222,703,490,16,12,64,29,-12,-81,1229,1234,5,0,221,2,7,1,0,0.30000000000000004,19,-3,85,85,2,486,11,0,0,0,81,-81,3,5,5,5,0.0,0,0,0,0,0,1310,5,1229,2,0,0.0,0.0,0,0
661,13242,704,490,16,9,64,29,-9,-84,1225,1229,5,0,221,2,7,1,0,0.0,16,-3,84,94,2,487,11,0,0,0,84,-84,2,4,4,4,0.0,0,0,0,0,0,1309,4,1225,2,0,0.0,0.0,0,0
662,13262,706,489,17,6,68,30,-6,-92,1216,1225,5,0,221,2,7,1,0,0.4,15,6,88,87,-4,488,11,0,0,0,92,-92,2,3,3,3,0.0,0,0,0,0,0,1308,3,1216,2,0,0.0,0.0,0,0
663,13282,708,490,16,4,64,30,-4,-90,1217,1216,5,0,221,2,7,1,0,-0.4,21,-1,90,94,0,489,10,0,0,0,90,-90,1,2,2,2,0.0,0,0,0,0,0,1307,2,1217,2,0,0.0,0.0,0,0
664,13302,710,490,16,3,64,31,-3,-92,1214,1217,5,0,221,2,7,1,0,-0.4,21,-1,90,94,0,489,30,0,0,0,92,-92,1,1,1,1,0.0,0,0,0,0,0,1306,1,1214,2,0,0.0,0.0,0,0
665,13322,711,489,17,1,68,31,-1,-97,1209,1214,5,0,221,2,7,1,0,-0.30000000000000004,20,-5,89,93,3,491,1,0,0,0,97,-97,1,1,1,1,0.0,0,0,0,0,0,1306,1,1209,2,0,0.0,0.0,0,0
666,13342,713,489,17,0,68,31,0,-99,1207,1209,5,0,221,2,7,1,0,0.30000000000000004,20,-8,90,98,4,492,1,0,0,0,99,-99,0,1,1,1,0.0,0,0,0,0,0,1306,1,1207,2,0,0.0,0.0,0,0
667,13362,715,488,18,-3,72,32,3,-106,1199,1207,5,0,221,2,7,1,0,0.30000000000000004,20,-4,92,97,1,493,1,0,0,0,106,-106,0,0,0,0,0.0,0,0,0,0,0,1305,0,1199,2,0,0.0,0.0,0,0
668,13382,717,488,18,-6,72,32,6,-111,1194,1199,5,0,221,2,7,1,0,0.30000000000000004,20,-4,92,97,1,493,21,0,0,0,111,-111,0,0,0,0,0.0,0,0,0,0,0,1305,0,1194,2,0,0.0,0.0,0,0
669,13402,718,488,18,-9,72,33,9,-114,1199,1194,5,0,221,2,7,1,18,0.30000000000000004,19,-1,96,97,1,494,20,0,0,0,114,-114,6,8,8,8,0.0,0,0,0,0,0,1313,8,1199,2,0,0.0,0.0,0,0
670,13422,720,488,18,-10,72,33,10,-115,1202,1199,5,0,221,2,7,1,13,-0.2,16,-6,94,93,5,495,10,0,0,0,115,-115,8,12,12,12,0.0,0,0,0,0,0,1317,12,1202,2,0,0.0,0.0,0,0
671,13442,722,488,18,-9,72,34,9,-115,1198,1202,5,0,221,2,7,1,0,-0.4,15,2,93,98,0,496,10,0,0,0,115,-115,5,8,8,8,0.0,0,0,0,0,0,1313,8,1198,2,0,0.0,0.0,0,0
672,13462,723,488,18,-8,72,34,8,-114,1203,1198,5,0,221,2,7,1,14,0.2,16,-5,98,100,5,497,10,0,0,0,114,-114,8,12,12,12,0.0,0,0,0,0,0,1317,12,1203,2,0,0.0,0.0,0,0
673,13482,725,488,18,-7,72,34,7,-113,1205,1203,5,0,221,2,7,1,10,-0.30000000000000004,14,0,98,102,0,498,10,0,0,0,113,-113,9,13,13,13,0.0,0,0,0,0,0,1318,13,1205,2,0,0.0,0.0,0,0
674,13502,727,489,17,-4,68,35,4,-107,1207,1205,5,0,221,2,7,1,0,0.9,11,0,100,102,0,499,11,0,0,0,107,-107,6,9,9,9,0.0,0,0,0,0,0,1314,9,1207,2,0,0.0,0.0,0,0
675,13522,729,490,16,1,64,35,-1,-98,1213,1207,5,0,221,2,7,1,0,0.9,11,0,100,102,0,499,31,0,0,0,98,-98,4,6,6,6,0.0,0,0,0,0,0,1311,6,1213,2,0,0.0,0.0,0,0
676,13542,730,490,16,5,64,35,-5,-95,1214,1213,5,0,221,2,7,1,0,0.0,9,3,101,105,-3,501,1,0,0,0,95,-95,3,4,4,4,0.0,0,0,0,0,0,1309,4,1214,2,0,0.0,0.0,0,0
677,13562,732,489,17,7,68,36,-7,-97,1211,1214,5,0,221,2,7,1,0,0.0,12,2,100,103,-1,502,1,0,0,0,97,-97,2,3,3,3,0.0,0,0,0,0,0,1308,3,1211,2,0,0.0,0.0,0,0
678,13582,733,488,18,7,72,36,-7,-101,1206,1211,5,0,221,2,7,1,0,-0.1,12,0,105,105,0,503,1,0,0,0,101,-101,1,2,2,2,0.0,0,0,0,0,0,1307,2,1206,2,0,0.0,0.0,0,0
679,13602,736,488,18,2,72,37,-2,-107,1200,1206,5,0,221,2,7,1,0,-0.2,14,-2,101,106,2,504,1,0,0,0,107,-107,1,2,2,2,0.0,0,0,0,0,0,1307,2,1200,2,0,0.0,0.0,0,0
680,13622,737,489,17,0,68,37,0,-105,1201,1200,5,0,221,2,7,1,0,-0.2,14,-2,101,106,2,504,21,0,0,0,105,-105,1,1,1,1,0.0,0,0,0,0,0,1306,1,1201,2,0,0.0,0.0,0,0
681,13642,739,488,18,-3,72,38,3,-113,1185,1201,5,0,221,2,7,1,-18,0.8,15,-4,105,106,3,505,10,0,0,0,113,-113,-5,-7,-7,-7,0.0,0,0,0,0,0,1298,-7,1185,2,0,0.0,0.0,0,0
682,13662,741,488,18,-3,72,38,3,-114,1182,1185,5,0,221,2,7,1,-9,-0.4,18,-3,103,111,2,506,10,0,0,0,114,-114,-6,-9,-9,-9,0.0,0,0,0,0,0,1296,-9,1182,2,0,0.0,0.0,0,0
683,13682,743,490,16,-1,64,39,1,-103,1199,1182,5,0,221,2,7,1,8,0.4,18,3,108,108,0,507,10,0,0,0,103,-103,-2,-3,-3,-3,0.0,0,0,0,0,0,1302,-3,1199,2,0,0.0,0.0,0,0
684,13702,744,489,17,2,68,39,-2,-105,1198,1199,5,0,221,2,7,1,0,-0.1,19,0,108,107,0,508,10,0,0,0,105,-105,-1,-2,-2,-2,0.0,0,0,0,0,0,1303,-2,1198,2,0,0.0,0.0,0,0
685,13722,746,489,17,3,68,39,-3,-104,1196,1198,5,0,221,2,7,1,-9,-0.1,17,-3,107,111,4,509,10,0,0,0,104,-104,-4,-5,-5,-5,0.0,0,0,0,0,0,1300,-5,1196,2,0,0.0,0.0,0,0
686,13742,748,490,16,6,64,40,-6,-98,1199,1196,5,0,221,2,7,1,-9,-0.1,17,-3,107,111,4,509,30,0,0,0,98,-98,-5,-8,-8,-8,0.0,0,0,0,0,0,1297,-8,1199,2,0,0.0,0.0,0,0
687,13762,750,488,18,5,72,40,-5,-107,1200,1199,5,0,221,2,7,1,17,-0.5,22,0,109,111,0,510,20,0,0,0,107,-107,1,2,2,2,0.0,0,0,0,0,0,1307,2,1200,2,0,0.0,0.0,0,0
688,13782,751,488,18,3,72,40,-3,-110,1197,1200,5,0,221,2,7,1,0,0.0,22,12,114,110,-12,511,20,0,0,0,110,-110,1,2,2,2,0.0,0,0,0,0,0,1307,2,1197,2,0,0.0,0.0,0,0
689,13802,753,488,18,0,72,41,0,-113,1193,1197,5,0,221,2,7,1,0,-2.0,21,10,116,116,-8,513,1,0,0,0,113,-113,1,1,1,1,0.0,0,0,0,0,0,1306,1,1193,2,0,0.0,0.0,0,0
690,13822,755,488,18,-3,72,41,3,-117,1195,1193,5,0,221,2,7,1,14,-2.4000000000000004,24,2,118,114,-5,514,1,0,0,0,117,-117,5,7,7,7,0.0,0,0,0,0,0,1312,7,1195,2,0,0.0,0.0,0,0
691,13842,757,488,18,-6,72,42,6,-119,1197,1195,5,0,221,2,7,1,14,-2.4000000000000004,24,2,118,114,-5,514,21,0,0,0,119,-119,7,11,11,11,0.0,0,0,0,0,0,1316,11,1197,2,0,0.0,0.0,0,0
692,13862,758,488,18,-7,72,42,7,-121,1198,1197,5,0,221,2,7,1,14,-1.5,17,5,118,114,-5,515,11,0,0,0,121,-121,9,14,14,14,0.0,0,0,0,0,0,1319,14,1198,2,0,0.0,0.0,0,0
693,13882,760,488,18,-5,72,43,5,-120,1195,1198,5,0,221,2,7,1,0,-2.6,20,7,116,114,-6,516,10,0,0,0,120,-120,7,10,10,10,0.0,0,0,0,0,0,1315,10,1195,2,0,0.0,0.0,0,0
694,13902,762,488,18,-4,72,43,4,-119,1193,1195,5,0,221,2,7,1,0,-2.8000000000000003,22,6,121,118,-6,517,10,0,0,0,119,-119,5,7,7,7,0.0,0,0,0,0,0,1312,7,1193,2,0,0.0,0.0,0,0
695,13922,764,490,16,0,64,44,0,-108,1202,1193,5,0,221,2,7,1,0,-2.9000000000000004,18,13,120,118,-13,518,10,0,0,0,108,-108,3,5,5,5,0.0,0,0,0,0,0,1310,5,1202,2,0,0.0,0.0,0,0
696,13942,765,490,16,3,64,44,-3,-104,1204,1202,5,0,221,2,7,1,0,-3.3000000000000003,18,2,123,117,-1,519,11,0,0,0,104,-104,2,3,3,3,0.0,0,0,0,0,0,1308,3,1204,2,0,0.0,0.0,0,0
697,13962,767,490,16,8,64,44,-8,-101,1206,1204,5,0,221,2,7,1,0,-3.3000000000000003,18,2,123,117,-1,519,31,0,0,0,101,-101,2,2,2,2,0.0,0,0,0,0,0,1307,2,1206,2,0,0.0,0.0,0,0
698,13982,769,489,17,9,68,45,-9,-104,1203,1206,5,0,221,2,7,1,0,-3.2,15,10,121,120,-11,521,1,0,0,0,104,-104,1,2,2,2,0.0,0,0,0,0,0,1307,2,1203,2,0,0.0,0.0,0,0
699,14002,771,490,16,9,64,45,-9,-100,1212,1203,5,0,221,2,7,1,13,-3.0,13,0,123,118,-5,522,0,0,0,0,100,-100,5,7,7,7,0.0,0,0,0,0,0,1312,7,1212,2,0,0.0,0.0,0,0
700,14022,772,490,16,9,64,45,-9,-100,1210,1212,5,0,221,2,7,1,0,-2.4000000000000004,13,8,122,122,-9,523,1,0,0,0,100,-100,3,5,5,5,0.0,0,0,0,0,0,1310,5,1210,2,0,0.0,0.0,0,0
701,14042,774,490,16,8,64,46,-8,-102,1206,1210,5,0,221,2,7,1,0,-2.2,14,-8,124,122,7,524,1,0,0,0,102,-102,2,3,3,3,0.0,0,0,0,0,0,1308,3,1206,2,0,0.0,0.0,0,0
702,14062,776,491,15,8,60,46,-8,-98,1209,1206,5,0,221,2,7,1,0,-2.2,14,-8,124,122,7,524,21,0,0,0,98,-98,2,2,2,2,0.0,0,0,0,0,0,1307,2,1209,2,0,0.0,0.0,0,0
703,14082,778,490,16,9,64,47,-9,-102,1212,1209,5,0,221,2,7,1,16,-0.4,16,-4,127,125,2,525,11,0,0,0,102,-102,6,9,9,9,0.0,0,0,0,0,0,1314,9,1212,2,0,0.0,0.0,0,0
704,14102,779,490,16,9,64,47,-9,-102,1209,1212,5,0,221,2,7,1,0,0.1,16,-6,122,128,5,526,11,0,0,0,102,-102,4,6,6,6,0.0,0,0,0,0,0,1311,6,1209,2,0,0.0,0.0,0,0
705,14122,781,490,16,7,64,47,-7,-105,1208,1209,5,0,221,2,7,1,9,0.30000000000000004,17,-12,127,129,11,527,11,0,0,0,105,-105,6,8,8,8,0.0,0,0,0,0,0,1313,8,1208,2,0,0.0,0.0,0,0
706,14142,783,492,14,7,56,48,-7,-96,1215,1208,5,0,221,2,7,1,0,0.30000000000000004,18,0,127,131,-1,528,10,0,0,0,96,-96,4,6,6,6,0.0,0,0,0,0,0,1311,6,1215,2,0,0.0,0.0,0,0
707,14162,785,491,15,8,60,48,-8,-100,1213,1215,5,0,221,2,7,1,9,0.5,18,-9,132,129,11,529,10,0,0,0,100,-100,5,8,8,8,0.0,0,0,0,0,0,1313,8,1213,2,0,0.0,0.0,0,0
708,14182,786,491,15,8,60,48,-8,-101,1214,1213,5,0,221,2,7,1,9,0.5,18,-9,132,129,11,529,30,0,0,0,101,-101,7,10,10,10,0.0,0,0,0,0,0,1315,10,1214,2,0,0.0,0.0,0,0
709,14202,788,491,15,8,60,49,-8,-100,1212,1214,5,0,221,2,7,1,0,0.2,22,0,128,132,0,531,1,0,0,0,100,-100,5,7,7,7,0.0,0,0,0,0,0,1312,7,1212,2,0,0.0,0.0,0,0
710,14222,790,491,15,7,60,49,-7,-102,1201,1212,5,0,221,2,7,1,-15,-0.4,28,-6,135,132,8,532,1,0,0,0,102,-102,-1,-2,-2,-2,0.0,0,0,0,0,0,1303,-2,1201,2,0,0.0,0.0,0,0
711,14242,792,490,16,3,64,50,-3,-110,1194,1201,5,0,221,2,7,1,0,-0.5,29,-5,127,139,2,533,1,0,0,0,110,-110,-1,-1,-1,-1,0.0,0,0,0,0,0,1304,-1,1194,2,0,0.0,0.0,0,0
712,14262,793,491,15,1,60,50,-1,-109,1195,1194,5,0,221,2,7,1,0,-0.5,29,-5,127,139,2,533,21,0,0,0,109,-109,-1,-1,-1,-1,0.0,0,0,0,0,0,1304,-1,1195,2,0,0.0,0.0,0,0
713,14282,795,493,13,3,52,50,-3,-99,1202,1195,5,0,221,2,7,1,-8,-0.8,29,-4,135,133,4,534,20,0,0,0,99,-99,-3,-4,-4,-4,0.0,0,0,0,0,0,1301,-4,1202,2,0,0.0,0.0,0,0
714,14302,796,493,13,7,52,50,-7,-95,1200,1202,5,0,221,2,7,1,-16,-0.9,28,-1,135,134,0,535,11,0,0,0,95,-95,-7,-10,-10,-10,0.0,0,0,0,0,0,1295,-10,1200,2,0,0.0,0.0,0,0
715,14322,798,494,12,11,48,51,-11,-87,1203,1200,5,0,221,2,7,1,-18,-0.4,21,3,133,136,-3,536,11,0,0,0,87,-87,-10,-15,-15,-15,0.0,0,0,0,0,0,1290,-15,1203,2,0,0.0,0.0,0,0
716,14342,800,494,12,16,48,51,-16,-83,1211,1203,5,0,221,2,7,1,0,-1.0,18,-3,139,136,0,537,11,0,0,0,83,-83,-7,-11,-11,-11,0.0,0,0,0,0,0,1294,-11,1211,2,0,0.0,0.0,0,0
717,14362,802,494,12,18,48,51,-18,-81,1209,1211,5,0,221,2,7,1,-16,-1.3,16,1,134,136,-1,538,11,0,0,0,81,-81,-10,-15,-15,-15,0.0,0,0,0,0,0,1290,-15,1209,2,0,0.0,0.0,0,0
718,14382,804,496,10,20,40,52,-20,-72,1217,1209,5,0,221,2,7,1,-13,-0.9,17,2,137,139,-2,539,11,0,0,0,72,-72,-11,-16,-16,-16,0.0,0,0,0,0,0,1289,-16,1217,2,0,0.0,0.0,0,0
719,14402,805,496,10,21,40,52,-21,-71,1217,1217,5,0,221,2,7,1,-13,-0.9,17,2,137,139,-2,539,31,0,0,0,71,-71,-11,-17,-17,-17,0.0,0,0,0,0,0,1288,-17,1217,0,0,0.0,0.0,0,0
720,14422,807,496,10,22,40,52,-22,-70,1223,1217,5,0,221,2,7,1,0,-0.7000000000000001,20,-8,134,144,8,541,1,0,0,0,70,-70,-8,-12,-12,-12,0.0,0,0,0,0,0,1293,-12,1223,2,0,0.0,0.0,0,0
721,14442,809,496,10,22,40,52,-22,-70,1227,1223,5,0,221,2,7,1,0,-0.4,16,-2,140,140,1,542,1,0,0,0,70,-70,-6,-8,-8,-8,0.0,0,0,0,0,0,1297,-8,1227,2,0,0.0,0.0,0,0
722,14462,811,496,10,20,40,53,-20,-72,1227,1227,5,0,221,2,7,1,0,-0.6000000000000001,13,-5,140,146,6,543,1,0,0,0,72,-72,-4,-6,-6,-6,0.0,0,0,0,0,0,1299,-6,1227,0,0,0.0,0.0,0,0
723,14482,813,496,10,16,40,53,-16,-76,1221,1227,5,0,221,2,7,1,-8,-1.1,11,-5,142,142,5,544,1,0,0,0,76,-76,-5,-8,-8,-8,0.0,0,0,0,0,0,1297,-8,1221,2,0,0.0,0.0,0,0
724,14502,814,496,10,13,40,53,-13,-80,1216,1221,5,0,221,2,7,1,-8,-1.1,11,-5,142,142,5,544,21,0,0,0,80,-80,-6,-9,-9,-9,0.0,0,0,0,0,0,1296,-9,1216,2,0,0.0,0.0,0,0
725,14522,816,496,10,10,40,53,-10,-83,1216,1216,5,0,221,2,7,1,0,-1.1,11,-2,144,145,0,545,11,0,0,0,83,-83,-4,-6,-6,-6,0.0,0,0,0,0,0,1299,-6,1216,0,0,0.0,0.0,0,0
726,14542,818,496,10,8,40,53,-8,-85,1216,1216,5,0,221,2,7,1,0,-1.0,12,-15,141,150,17,546,11,0,0,0,85,-85,-3,-4,-4,-4,0.0,0,0,0,0,0,1301,-4,1216,0,0,0.0,0.0,0,0
727,14562,820,496,10,7,40,54,-7,-87,1215,1216,5,0,221,2,7,1,0,0.0,12,-1,146,147,1,547,11,0,0,0,87,-87,-2,-3,-3,-3,0.0,0,0,0,0,0,1302,-3,1215,2,0,0.0,0.0,0,0
728,14582,821,497,9,6,36,54,-6,-83,1220,1215,5,0,221,2,7,1,0,1.1,17,9,145,150,0,548,12,0,0,0,83,-83,-1,-2,-2,-2,0.0,0,0,0,0,0,1303,-2,1220,2,0,0.0,0.0,0,0
729,14602,823,498,8,9,32,54,-9,-78,1229,1220,5,0,221,2,7,1,8,0.9,18,-9,144,153,9,549,12,0,0,0,78,-78,1,2,2,2,0.0,0,0,0,0,0,1307,2,1229,2,0,0.0,0.0,0,0
730,14622,825,496,10,9,40,54,-9,-86,1220,1229,5,0,221,2,7,1,0,2.6,16,0,148,151,0,550,1,0,0,0,86,-86,1,1,1,1,0.0,0,0,0,0,0,1306,1,1220,2,0,0.0,0.0,0,0
731,14642,826,498,8,10,32,55,-10,-77,1229,1220,5,0,221,2,7,1,0,1.7000000000000002,14,-8,150,151,0,551,1,0,0,0,77,-77,1,1,1,1,0.0,0,0,0,0,0,1306,1,1229,2,0,0.0,0.0,0,0
732,14662,828,496,10,9,40,55,-9,-86,1220,1229,5,0,221,2,7,1,0,1.3,15,0,149,151,0,552,1,0,0,0,86,-86,0,1,1,1,0.0,0,0,0,0,0,1306,1,1220,2,0,0.0,0.0,0,0
733,14682,830,498,8,7,32,55,-7,-80,1226,1220,5,0,221,2,7,1,0,0.0,11,15,149,150,-17,553,1,0,0,0,80,-80,0,1,1,1,0.0,0,0,0,0,0,1306,1,1226,2,0,0.0,0.0,0,0
734,14702,832,497,9,5,36,55,-5,-86,1223,1226,5,0,221,2,7,1,9,-1.3,10,7,160,149,-3,554,1,0,0,0,86,-86,3,4,4,4,0.0,0,0,0,0,0,1309,4,1223,2,0,0.0,0.0,0,0
735,14722,833,496,10,3,40,55,-3,-93,1219,1223,5,0,221,2,7,1,9,-1.3,10,7,160,149,-3,554,21,0,0,0,93,-93,5,7,7,7,0.0,0,0,0,0,0,1312,7,1219,2,0,0.0,0.0,0,0
736,14742,835,497,9,1,36,56,-1,-91,1219,1219,5,0,221,2,7,1,0,-2.7,12,1,154,153,0,555,11,0,0,0,91,-91,3,5,5,5,0.0,0,0,0,0,0,1310,5,1219,0,0,0.0,0.0,0,0
737,14762,837,497,9,1,36,56,-1,-91,1217,1219,5,0,221,2,7,1,0,-3.4000000000000004,12,4,157,153,0,556,10,0,0,0,91,-91,2,3,3,3,0.0,0,0,0,0,0,1308,3,1217,2,0,0.0,0.0,0,0
738,14782,838,498,8,2,32,56,-2,-86,1221,1217,5,0,221,2,7,1,0,-2.1,13,-13,156,152,0,557,10,0,0,0,86,-86,2,2,2,2,0.0,0,0,0,0,0,1307,2,1221,2,0,0.0,0.0,0,0
739,14802,840,498,8,3,32,56,-3,-85,1222,1221,5,0,221,2,7,1,0,-0.9,13,1,157,157,-1,558,10,0,0,0,85,-85,1,2,2,2,0.0,0,0,0,0,0,1307,2,1222,2,0,0.0,0.0,0,0
740,14822,842,498,8,6,32,56,-6,-82,1224,1222,5,0,221,2,7,1,0,0.2,17,4,156,157,-6,559,10,0,0,0,82,-82,1,1,1,1,0.0,0,0,0,0,0,1306,1,1224,2,0,0.0,0.0,0,0
741,14842,844,498,8,7,32,57,-7,-82,1224,1224,5,0,221,2,7,1,0,0.2,17,4,156,157,-6,559,30,0,0,0,82,-82,1,1,1,1,0.0,0,0,0,0,0,1306,1,1224,0,0,0.0,0.0,0,0
742,14862,846,498,8,7,32,57,-7,-82,1231,1224,5,0,221,2,7,1,16,-0.2,17,-2,158,158,0,560,20,0,0,0,82,-82,5,8,8,8,0.0,0,0,0,0,0,1313,8,1231,2,0,0.0,0.0,0,0
743,14882,847,498,8,5,32,57,-5,-84,1226,1231,5,0,221,2,7,1,0,-0.2,18,0,156,161,0,561,20,0,0,0,84,-84,4,5,5,5,0.0,0,0,0,0,0,1310,5,1226,2,0,0.0,0.0,0,0
744,14902,849,498,8,4,32,57,-4,-85,1231,1226,5,0,221,2,7,1,17,-1.6,22,14,161,160,-18,563,1,0,0,0,85,-85,8,11,11,11,0.0,0,0,0,0,0,1316,11,1231,2,0,0.0,0.0,0,0
745,14922,851,498,8,4,32,57,-4,-86,1227,1231,5,0,221,2,7,1,0,-2.8000000000000003,18,-15,165,159,16,564,1,0,0,0,86,-86,5,8,8,8,0.0,0,0,0,0,0,1313,8,1227,2,0,0.0,0.0,0,0
746,14942,853,497,9,1,36,58,-1,-92,1219,1227,5,0,221,2,7,1,0,-2.8000000000000003,18,-15,165,159,16,564,21,0,0,0,92,-92,4,6,6,6,0.0,0,0,0,0,0,1311,6,1219,2,0,0.0,0.0,0,0
747,14962,854,498,8,0,32,58,0,-90,1219,1219,5,0,221,2,7,1,0,-0.5,17,3,156,165,0,565,11,0,0,0,90,-90,3,4,4,4,0.0,0,0,0,0,0,1309,4,1219,0,0,0.0,0.0,0,0
748,14982,856,498,8,0,32,58,0,-90,1222,1219,5,0,221,2,7,1,9,-0.1,16,1,170,160,0,566,11,0,0,0,90,-90,5,7,7,7,0.0,0,0,0,0,0,1312,7,1222,2,0,0.0,0.0,0,0
749,15002,858,498,8,0,32,58,0,-90,1224,1222,5,0,221,2,7,1,10,-1.2000000000000002,15,0,164,166,0,567,11,0,0,0,90,-90,6,9,9,9,0.0,0,0,0,0,0,1314,9,1224,2,0,0.0,0.0,0,0
750,15022,859,497,9,-1,36,58,1,-95,1216,1224,5,0,221,2,7,1,0,-1.6,13,0,162,168,0,568,11,0,0,0,95,-95,4,6,6,6,0.0,0,0,0,0,0,1311,6,1216,2,0,0.0,0.0,0,0
751,15042,861,496,10,-3,40,59,3,-102,1208,1216,5,0,221,2,7,1,0,-2.1,14,1,171,165,-1,569,11,0,0,0,102,-102,3,5,5,5,0.0,0,0,0,0,0,1310,5,1208,2,0,0.0,0.0,0,0
752,15062,863,495,11,-8,44,59,8,-111,1202,1208,5,0,221,2,7,1,11,-2.4000000000000004,13,2,170,169,-2,570,1,0,0,0,111,-111,5,8,8,8,0.0,0,0,0,0,0,1313,8,1202,2,0,0.0,0.0,0,0
753,15082,865,495,11,-14,44,59,14,-117,1194,1202,5,0,221,2,7,1,0,-2.7,13,-3,172,170,5,571,1,0,0,0,117,-117,4,6,6,6,0.0,0,0,0,0,0,1311,6,1194,2,0,0.0,0.0,0,0
754,15102,866,495,11,-17,44,59,17,-120,1189,1194,5,0,221,2,7,1,0,-2.7,13,-3,172,170,5,571,21,0,0,0,120,-120,3,4,4,4,0.0,0,0,0,0,0,1309,4,1189,2,0,0.0,0.0,0,0
755,15122,868,496,10,-18,40,60,18,-117,1191,1189,5,0,221,2,7,1,0,-2.7,13,5,182,165,-1,573,1,0,0,0,117,-117,2,3,3,3,0.0,0,0,0,0,0,1308,3,1191,2,0,0.0,0.0,0,0
756,15142,870,495,11,-15,44,60,15,-119,1188,1191,5,0,221,2,7,1,0,-4.5,13,-2,169,174,0,574,1,0,0,0,119,-119,1,2,2,2,0.0,0,0,0,0,0,1307,2,1188,2,0,0.0,0.0,0,0
757,15162,872,496,10,-10,40,60,10,-110,1196,1188,5,0,221,2,7,1,0,-4.5,13,-2,169,174,0,574,21,0,0,0,110,-110,1,1,1,1,0.0,0,0,0,0,0,1306,1,1196,2,0,0.0,0.0,0,0
758,15182,873,496,10,-6,40,60,6,-106,1209,1196,5,0,221,2,7,1,20,-3.1,18,1,176,173,0,575,11,0,0,0,106,-106,7,10,10,10,0.0,0,0,0,0,0,1315,10,1209,2,0,0.0,0.0,0,0
759,15202,875,495,11,-5,44,60,5,-109,1203,1209,5,0,221,2,7,1,0,-2.3000000000000003,20,0,175,171,0,576,11,0,0,0,109,-109,5,7,7,7,0.0,0,0,0,0,0,1312,7,1203,2,0,0.0,0.0,0,0
760,15222,877,497,9,-2,36,60,2,-98,1212,1203,5,0,221,2,7,1,0,-1.4000000000000001,19,0,174,173,0,577,10,0,0,0,98,-98,3,5,5,5,0.0,0,0,0,0,0,1310,5,1212,2,0,0.0,0.0,0,0
761,15242,879,498,8,3,32,60,-3,-89,1219,1212,5,0,221,2,7,1,0,-0.7000000000000001,18,4,175,173,-5,578,10,0,0,0,89,-89,2,3,3,3,0.0,0,0,0,0,0,1308,3,1219,2,0,0.0,0.0,0,0
762,15262,880,498,8,7,32,60,-7,-85,1222,1219,5,0,221,2,7,1,0,-0.7000000000000001,16,0,181,173,0,579,10,0,0,0,85,-85,2,2,2,2,0.0,0,0,0,0,0,1307,2,1222,2,0,0.0,0.0,0,0
763,15282,882,498,8,11,32,60,-11,-81,1226,1222,5,0,221,2,7,1,0,-0.7000000000000001,16,0,181,173,0,579,30,0,0,0,81,-81,1,2,2,2,0.0,0,0,0,0,0,1307,2,1226,2,0,0.0,0.0,0,0
764,15302,884,497,9,13,36,60,-13,-83,1219,1226,5,0,221,2,7,1,-10,-1.0,15,-8,170,185,9,581,1,0,0,0,83,-83,-2,-3,-3,-3,0.0,0,0,0,0,0,1302,-3,1219,2,0,0.0,0.0,0,0
765,15322,886,496,10,8,40,60,-8,-92,1211,1219,5,0,221,2,7,1,0,-1.0,15,0,181,178,0,582,1,0,0,0,92,-92,-2,-2,-2,-2,0.0,0,0,0,0,0,1303,-2,1211,2,0,0.0,0.0,0,0
766,15342,887,496,10,3,40,60,-3,-97,1206,1211,5,0,221,2,7,1,0,-1.0,15,0,181,178,0,582,21,0,0,0,97,-97,-1,-2,-2,-2,0.0,0,0,0,0,0,1303,-2,1206,2,0,0.0,0.0,0,0
767,15362,889,496,10,-2,40,60,2,-102,1208,1206,5,0,221,2,7,1,14,-2.6,19,-2,182,185,3,584,1,0,0,0,102,-102,3,5,5,5,0.0,0,0,0,0,0,1310,5,1208,2,0,0.0,0.0,0,0
768,15382,891,496,10,-5,40,60,5,-105,1210,1208,5,0,221,2,7,1,14,-2.6,19,-2,182,185,3,584,21,0,0,0,105,-105,7,10,10,10,0.0,0,0,0,0,0,1315,10,1210,2,0,0.0,0.0,0,0
769,15402,893,495,11,-7,44,60,7,-111,1201,1210,5,0,221,2,7,1,0,-1.3,18,2,180,185,0,585,11,0,0,0,111,-111,5,7,7,7,0.0,0,0,0,0,0,1312,7,1201,2,0,0.0,0.0,0,0
770,15422,894,496,10,-8,40,60,8,-108,1202,1201,5,0,221,2,7,1,0,-1.5,20,5,184,182,-8,586,11,0,0,0,108,-108,3,5,5,5,0.0,0,0,0,0,0,1310,5,1202,2,0,0.0,0.0,0,0
771,15442,896,495,11,-8,44,60,8,-112,1200,1202,5,0,221,2,7,1,9,-1.6,20,11,188,181,-18,587,12,0,0,0,112,-112,5,7,7,7,0.0,0,0,0,0,0,1312,7,1200,2,0,0.0,0.0,0,0
772,15462,898,496,10,-7,40,60,7,-107,1207,1200,5,0,221,2,7,1,8,-1.8,19,1,189,181,0,588,11,0,0,0,107,-107,6,9,9,9,0.0,0,0,0,0,0,1314,9,1207,2,0,0.0,0.0,0,0
773,15482,899,496,10,-6,40,60,6,-106,1205,1207,5,0,221,2,7,1,0,-3.1,17,0,182,188,0,589,11,0,0,0,106,-106,4,6,6,6,0.0,0,0,0,0,0,1311,6,1205,2,0,0.0,0.0,0,0
774,15502,901,495,11,-5,44,60,5,-109,1200,1205,5,0,221,2,7,1,0,-2.2,16,-6,185,188,11,590,1,0,0,0,109,-109,3,4,4,4,0.0,0,0,0,0,0,1309,4,1200,2,0,0.0,0.0,0,0
775,15522,903,496,10,-4,40,60,4,-104,1204,1200,5,0,221,2,7,1,0,-2.8000000000000003,15,-4,184,192,4,591,1,0,0,0,104,-104,2,3,3,3,0.0,0,0,0,0,0,1308,3,1204,2,0,0.0,0.0,0,0
776,15542,905,495,11,-3,44,60,3,-107,1200,1204,5,0,221,2,7,1,0,-0.8,15,-2,189,189,2,592,1,0,0,0,107,-107,1,2,2,2,0.0,0,0,0,0,0,1307,2,1200,2,0,0.0,0.0,0,0
777,15562,907,494,12,-6,48,60,6,-114,1192,1200,5,0,221,2,7,1,0,-1.5,15,-1,192,193,2,593,1,0,0,0,114,-114,1,1,1,1,0.0,0,0,0,0,0,1306,1,1192,2,0,0.0,0.0,0,0
778,15582,908,494,12,-8,48,60,8,-116,1186,1192,5,0,221,2,7,1,-9,-0.1,18,0,189,191,0,594,1,0,0,0,116,-116,-2,-3,-3,-3,0.0,0,0,0,0,0,1302,-3,1186,2,0,0.0,0.0,0,0
779,15602,910,493,13,-11,52,60,11,-123,1176,1186,5,0,221,2,7,1,-9,-0.1,18,0,189,191,0,594,21,0,0,0,123,-123,-4,-6,-6,-6,0.0,0,0,0,0,0,1299,-6,1176,2,0,0.0,0.0,0,0
780,15622,912,492,14,-17,56,60,17,-133,1168,1176,5,0,221,2,7,1,0,0.4,21,0,192,191,0,595,11,0,0,0,133,-133,-3,-4,-4,-4,0.0,0,0,0,0,0,1301,-4,1168,2,0,0.0,0.0,0,0
781,15642,914,492,14,-20,56,60,20,-136,1170,1168,5,0,221,2,7,1,9,0.7000000000000001,15,0,192,194,0,596,11,0,0,0,136,-136,1,1,1,1,0.0,0,0,0,0,0,1306,1,1170,2,0,0.0,0.0,0,0
782,15662,915,493,13,-20,52,60,20,-132,1174,1170,5,0,221,2,7,1,0,0.7000000000000001,16,0,193,194,0,597,11,0,0,0,132,-132,0,1,1,1,0.0,0,0,0,0,0,1306,1,1174,2,0,0.0,0.0,0,0
783,15682,917,492,14,-19,56,60,19,-135,1171,1174,5,0,221,2,7,1,0,0.4,20,-2,194,197,3,598,11,0,0,0,135,-135,0,1,1,1,0.0,0,0,0,0,0,1306,1,1171,2,0,0.0,0.0,0,0
784,15702,919,492,14,-17,56,60,17,-133,1172,1171,5,0,221,2,7,1,0,0.0,14,-1,195,196,1,599,10,0,0,0,133,-133,0,0,0,0,0.0,0,0,0,0,0,1305,0,1172,2,0,0.0,0.0,0,0
785,15722,920,492,14,-14,56,60,14,-130,1175,1172,5,0,221,2,7,1,0,0.0,14,-1,195,196,1,599,30,0,0,0,130,-130,0,0,0,0,0.0,0,0,0,0,0,1305,0,1175,2,0,0.0,0.0,0,0
786,15742,922,492,14,-12,56,60,12,-128,1177,1175,5,0,221,2,7,1,0,-0.1,11,1,196,199,-1,601,1,0,0,0,128,-128,0,0,0,0,0.0,0,0,0,0,0,1305,0,1177,2,0,0.0,0.0,0,0
787,15762,924,492,14,-11,56,60,11,-127,1186,1177,5,0,221,2,7,1,17,-0.9,12,-3,201,197,3,602,1,0,0,0,127,-127,5,8,8,8,0.0,0,0,0,0,0,1313,8,1186,2,0,0.0,0.0,0,0
788,15782,926,492,14,-9,56,60,9,-125,1185,1186,5,0,221,2,7,1,0,-1.0,15,-3,195,200,3,603,1,0,0,0,125,-125,4,5,5,5,0.0,0,0,0,0,0,1310,5,1185,2,0,0.0,0.0,0,0
789,15802,928,492,14,-7,56,60,7,-123,1186,1185,5,0,221,2,7,1,0,-1.1,14,-7,192,204,7,604,1,0,0,0,123,-123,3,4,4,4,0.0,0,0,0,0,0,1309,4,1186,2,0,0.0,0.0,0,0
790,15822,929,491,15,-7,60,60,7,-127,1181,1186,5,0,221,2,7,1,0,-1.1,14,-7,192,204,7,604,21,0,0,0,127,-127,2,3,3,3,0.0,0,0,0,0,0,1308,3,1181,2,0,0.0,0.0,0,0
791,15842,931,490,16,-8,64,60,8,-132,1175,1181,5,0,221,2,7,1,0,-0.4,18,-12,196,204,19,605,11,0,0,0,132,-132,1,2,2,2,0.0,0,0,0,0,0,1307,2,1175,2,0,0.0,0.0,0,0
792,15862,933,490,16,-11,64,60,11,-135,1171,1175,5,0,221,2,7,1,0,-0.6000000000000001,18,0,193,203,0,606,11,0,0,0,135,-135,1,1,1,1,0.0,0,0,0,0,0,1306,1,1171,2,0,0.0,0.0,0,0
793,15882,934,490,16,-13,64,60,13,-137,1175,1171,5,0,221,2,7,1,14,-0.4,16,-4,203,195,0,607,11,0,0,0,137,-137,5,7,7,7,0.0,0,0,0,0,0,1312,7,1175,2,0,0.0,0.0,0,0
794,15902,936,490,16,-15,64,60,15,-139,1171,1175,5,0,221,2,7,1,0,-2.0,13,3,195,202,0,608,11,0,0,0,139,-139,3,5,5,5,0.0,0,0,0,0,0,1310,5,1171,2,0,0.0,0.0,0,0
795,15922,938,493,13,-9,52,60,9,-121,1183,1171,5,0,221,2,7,1,-9,-1.0,16,5,204,196,-5,609,11,0,0,0,121,-121,0,-1,-1,-1,0.0,0,0,0,0,0,1304,-1,1183,2,0,0.0,0.0,0,0
796,15942,940,493,13,0,52,60,0,-112,1189,1183,5,0,221,2,7,1,-9,-1.0,16,5,204,196,-5,609,31,0,0,0,112,-112,-3,-4,-4,-4,0.0,0,0,0,0,0,1301,-4,1189,2,0,0.0,0.0,0,0
797,15962,941,494,12,8,48,60,-8,-100,1206,1189,5,0,221,2,7,1,10,-3.1,17,7,202,198,-11,610,20,0,0,0,100,-100,1,1,1,1,0.0,0,0,0,0,0,1306,1,1206,2,0,0.0,0.0,0,0
798,15982,943,493,13,14,52,60,-14,-98,1213,1206,5,0,221,2,7,1,12,-3.7,22,5,201,199,-7,612,1,0,0,0,98,-98,4,6,6,6,0.0,0,0,0,0,0,1311,6,1213,2,0,0.0,0.0,0,0
799,16002,945,495,11,18,44,60,-18,-86,1228,1213,5,0,221,2,7,1,10,-3.2,23,3,200,199,-5,613,1,0,0,0,86,-86,6,9,9,9,0.0,0,0,0,0,0,1314,9,1228,2,0,0.0,0.0,0,0
800,16022,947,497,9,22,36,60,-22,-74,1237,1228,5,0,221,2,7,1,0,-3.1,21,3,203,198,-3,614,1,0,0,0,74,-74,4,6,6,6,0.0,0,0,0,0,0,1311,6,1237,2,0,0.0,0.0,0,0
801,16042,948,496,10,24,40,60,-24,-76,1233,1237,5,0,221,2,7,1,0,-3.1,21,3,203,198,-3,614,21,0,0,0,76,-76,3,4,4,4,0.0,0,0,0,0,0,1309,4,1233,2,0,0.0,0.0,0,0
802,16062,950,499,7,29,28,60,-29,-59,1249,1233,5,0,221,2,7,1,0,-3.0,15,-9,199,198,0,615,10,0,0,0,59,-59,2,3,3,3,0.0,0,0,0,0,0,1308,3,1249,2,0,0.0,0.0,0,0
803,16082,952,500,6,37,24,60,-37,-47,1271,1249,5,0,221,2,7,1,23,-2.2,16,-3,204,199,0,616,10,0,0,0,47,-47,8,13,13,13,0.0,0,0,0,0,0,1318,13,1271,2,0,0.0,0.0,0,0
804,16102,954,501,5,42,20,60,-42,-38,1280,1271,5,0,221,2,7,1,10,-2.4000000000000004,16,3,202,194,-3,617,10,0,0,0,38,-38,9,13,13,13,0.0,0,0,0,0,0,1318,13,1280,2,0,0.0,0.0,0,0
805,16122,955,502,4,45,0,60,-45,-15,1299,1280,5,0,221,2,7,1,0,-2.3000000000000003,16,3,199,201,-5,618,10,0,0,0,15,-15,6,9,9,9,0.0,0,0,0,0,0,1314,9,1299,2,0,0.0,0.0,0,0
806,16142,957,502,4,48,0,60,-48,-12,1293,1299,5,0,221,2,7,1,-15,-2.0,17,-1,202,198,0,619,11,0,0,0,12,-12,0,0,0,0,0.0,0,0,0,0,0,1305,0,1293,2,0,0.0,0.0,0,0
807,16162,959,504,2,47,0,60,-47,-13,1292,1293,5,0,221,2,7,1,0,-2.9000000000000004,22,-7,199,202,13,620,0,0,0,0,13,-13,0,0,0,0,0.0,0,0,0,0,0,1305,0,1292,2,0,0.0,0.0,0,0
808,16182,961,505,1,47,0,60,-47,-13,1292,1292,5,0,221,2,7,1,0,-2.9000000000000004,22,-7,199,202,13,620,20,0,0,0,13,-13,0,0,0,0,0.0,0,0,0,0,0,1305,0,1292,0,0,0.0,0.0,0,0
809,16202,962,504,2,46,0,60,-46,-14,1291,1292,5,0,221,2,7,1,0,-1.7000000000000002,19,1,196,201,1,621,20,0,0,0,14,-14,0,0,0,0,0.0,0,0,0,0,0,1305,0,1291,2,0,0.0,0.0,0,0
810,16222,964,506,0,44,0,60,-44,-16,1289,1291,5,0,221,2,7,1,0,-1.9000000000000001,17,1,199,200,-1,623,1,0,0,0,16,-16,0,0,0,0,0.0,0,0,0,0,0,1305,0,1289,2,0,0.0,0.0,0,0
811,16242,966,508,-2,46,0,60,-46,-14,1291,1289,5,0,221,2,7,1,0,-1.0,15,0,202,198,0,624,1,0,0,0,14,-14,0,0,0,0,0.0,0,0,0,0,0,1305,0,1291,2,0,0.0,0.0,0,0
812,16262,968,510,-4,49,0,60,-49,-11,1294,1291,5,0,221,2,7,1,0,-1.0,15,0,202,198,0,624,21,0,0,0,11,-11,0,0,0,0,0.0,0,0,0,0,0,1305,0,1294,2,0,0.0,0.0,0,0
813,16282,969,511,-5,52,-20,60,-52,12,1317,1294,5,0,221,2,7,1,0,-1.1,10,-1,200,198,1,625,11,0,0,0,-12,12,0,0,0,0,0.0,0,0,0,0,0,1305,0,1317,2,0,0.0,0.0,0,0
814,16302,971,512,-6,58,-24,60,-58,22,1334,1317,5,0,221,2,7,1,15,-0.4,12,0,197,199,0,626,10,0,0,0,-22,22,4,7,7,7,0.0,0,0,0,0,0,1312,7,1334,2,0,0.0,0.0,0,0
815,16322,973,514,-8,61,-32,60,-61,33,1350,1334,5,0,221,2,7,1,16,-0.7000000000000001,12,-4,198,200,5,627,10,0,0,0,-33,33,8,12,12,12,0.0,0,0,0,0,0,1317,12,1350,2,0,0.0,0.0,0,0
816,16342,974,514,-8,63,-32,59,-63,35,1354,1350,5,0,221,2,7,1,13,-0.5,15,0,196,201,0,628,10,0,0,0,-35,35,9,14,14,14,0.0,0,0,0,0,0,1319,14,1354,2,0,0.0,0.0,0,0
817,16362,976,516,-10,63,-40,59,-63,44,1359,1354,5,0,221,2,7,1,0,-1.4000000000000001,19,2,200,199,0,629,10,0,0,0,-44,44,7,10,10,10,0.0,0,0,0,0,0,1315,10,1359,2,0,0.0,0.0,0,0
818,16382,978,516,-10,61,-40,59,-61,42,1354,1359,5,0,221,2,7,1,0,-1.7000000000000002,21,2,204,200,-3,630,1,0,0,0,-42,42,5,7,7,7,0.0,0,0,0,0,0,1312,7,1354,2,0,0.0,0.0,0,0
819,16402,980,517,-11,58,-44,59,-58,44,1354,1354,5,0,221,2,7,1,0,-1.7000000000000002,21,2,204,200,-3,630,21,0,0,0,-44,44,3,5,5,5,0.0,0,0,0,0,0,1310,5,1354,0,0,0.0,0.0,0,0
820,16422,981,518,-12,56,-48,58,-56,46,1354,1354,5,0,221,2,7,1,0,-1.8,23,0,199,199,0,631,20,0,0,0,-46,46,2,3,3,3,0.0,0,0,0,0,0,1308,3,1354,0,0,0.0,0.0,0,0
821,16442,983,518,-12,52,-48,58,-52,42,1357,1354,5,0,221,2,7,1,16,-0.7000000000000001,16,0,200,201,0,633,1,0,0,0,-42,42,6,10,10,10,0.0,0,0,0,0,0,1315,10,1357,2,0,0.0,0.0,0,0
822,16462,985,519,-13,48,-52,58,-48,42,1363,1357,5,0,221,2,7,1,20,-0.7000000000000001,18,-2,202,197,3,634,1,0,0,0,-42,42,10,16,16,16,0.0,0,0,0,0,0,1321,16,1363,2,0,0.0,0.0,0,0
823,16482,987,520,-14,45,-56,57,-45,44,1369,1363,5,0,221,2,7,1,20,-0.7000000000000001,18,-2,202,197,3,634,21,0,0,0,-44,44,13,20,20,20,0.0,0,0,0,0,0,1325,20,1369,2,0,0.0,0.0,0,0
824,16502,988,520,-14,43,-56,57,-43,42,1370,1369,5,0,221,2,7,1,19,-0.9,18,-7,198,199,13,635,11,0,0,0,-42,42,15,23,23,23,0.0,0,0,0,0,0,1328,23,1370,2,0,0.0,0.0,0,0
825,16522,990,520,-14,39,-56,57,-39,39,1360,1370,5,0,221,2,7,1,0,-0.5,18,0,195,202,0,636,10,0,0,0,-39,39,11,16,16,16,0.0,0,0,0,0,0,1321,16,1360,2,0,0.0,0.0,0,0
826,16542,992,521,-15,37,-60,56,-37,40,1356,1360,5,0,221,2,7,1,0,0.0,21,-12,198,205,15,637,10,0,0,0,-40,40,7,11,11,11,0.0,0,0,0,0,0,1316,11,1356,2,0,0.0,0.0,0,0
827,16562,994,523,-17,36,-68,56,-36,48,1361,1356,5,0,221,2,7,1,0,0.9,26,-4,193,200,3,638,10,0,0,0,-48,48,5,8,8,8,0.0,0,0,0,0,0,1313,8,1361,2,0,0.0,0.0,0,0
828,16582,995,524,-18,37,-72,56,-37,54,1372,1361,5,0,221,2,7,1,17,1.1,25,-10,200,203,13,639,10,0,0,0,-54,54,9,13,13,13,0.0,0,0,0,0,0,1318,13,1372,2,0,0.0,0.0,0,0
829,16602,997,524,-18,39,-72,55,-39,56,1378,1372,5,0,221,2,7,1,17,1.1,25,-10,200,203,13,639,30,0,0,0,-56,56,11,17,17,17,0.0,0,0,0,0,0,1322,17,1378,2,0,0.0,0.0,0,0
830,16622,999,524,-18,39,-72,55,-39,57,1378,1378,5,0,221,2,7,1,10,2.5,23,4,200,201,0,641,1,0,0,0,-57,57,11,16,16,16,0.0,0,0,0,0,0,1321,16,1378,0,0,0.0,0.0,0,0
831,16642,1001,524,-18,36,-72,54,-36,54,1375,1378,5,0,221,2,7,1,10,2.5,23,4,200,201,0,641,21,0,0,0,-54,54,11,16,16,16,0.0,0,0,0,0,0,1321,16,1375,2,0,0.0,0.0,0,0
832,16662,1002,524,-18,33,-72,54,-33,51,1375,1375,5,0,221,2,7,1,18,1.6,21,1,199,201,0,642,20,0,0,0,-51,51,13,19,19,19,0.0,0,0,0,0,0,1324,19,1375,0,0,0.0,0.0,0,0
833,16682,1004,524,-18,26,-72,53,-26,45,1373,1375,5,0,221,2,7,1,22,-1.0,11,4,201,201,-7,644,1,0,0,0,-45,45,16,23,23,23,0.0,0,0,0,0,0,1328,23,1373,2,0,0.0,0.0,0,0
834,16702,1006,526,-20,24,-80,53,-24,51,1382,1373,5,0,221,2,7,1,22,-1.0,11,4,201,201,-7,644,21,0,0,0,-51,51,17,26,26,26,0.0,0,0,0,0,0,1331,26,1382,2,0,0.0,0.0,0,0
835,16722,1008,526,-20,24,-80,52,-24,52,1387,1382,5,0,221,2,7,1,25,-2.4000000000000004,9,8,202,197,-13,645,11,0,0,0,-52,52,20,30,30,30,0.0,0,0,0,0,0,1335,30,1387,2,0,0.0,0.0,0,0
836,16742,1009,527,-21,25,-84,52,-25,57,1383,1387,5,0,221,2,7,1,0,-2.7,12,8,204,196,-17,646,11,0,0,0,-57,57,14,21,21,21,0.0,0,0,0,0,0,1326,21,1383,2,0,0.0,0.0,0,0
837,16762,1011,526,-20,25,-80,51,-25,54,1378,1383,5,0,221,2,7,1,10,-2.6,12,0,203,197,0,647,10,0,0,0,-54,54,13,19,19,19,0.0,0,0,0,0,0,1324,19,1378,2,0,0.0,0.0,0,0
838,16782,1013,528,-22,26,-88,51,-26,63,1390,1378,5,0,221,2,7,1,20,-3.0,13,7,202,201,-9,648,10,0,0,0,-63,63,15,22,22,22,0.0,0,0,0,0,0,1327,22,1390,2,0,0.0,0.0,0,0
839,16802,1014,527,-21,26,-84,51,-26,59,1389,1390,5,0,221,2,7,1,20,-2.5,15,4,204,196,-7,649,10,0,0,0,-59,59,16,25,25,25,0.0,0,0,0,0,0,1330,25,1389,2,0,0.0,0.0,0,0
840,16822,1016,527,-21,23,-84,50,-23,57,1388,1389,5,0,221,2,7,1,20,-2.5,15,4,204,196,-7,649,30,0,0,0,-57,57,17,26,26,26,0.0,0,0,0,0,0,1331,26,1388,2,0,0.0,0.0,0,0
841,16842,1018,526,-20,17,-80,49,-17,48,1384,1388,5,0,221,2,7,1,29,-3.1,14,-2,200,201,3,651,1,0,0,0,-48,48,21,31,31,31,0.0,0,0,0,0,0,1336,31,1384,2,0,0.0,0.0,0,0
842,16862,1020,526,-20,12,-80,49,-12,43,1376,1384,5,0,221,2,7,1,14,-2.9000000000000004,16,-3,201,200,7,652,1,0,0,0,-43,43,19,28,28,28,0.0,0,0,0,0,0,1333,28,1376,2,0,0.0,0.0,0,0
843,16882,1022,526,-20,6,-80,48,-6,38,1369,1376,5,0,221,2,7,1,14,-2.9000000000000004,16,-3,201,200,7,652,21,0,0,0,-38,38,17,26,26,26,0.0,0,0,0,0,0,1331,26,1369,2,0,0.0,0.0,0,0
844,16902,1023,526,-20,3,-80,48,-3,35,1368,1369,5,0,221,2,7,1,21,-1.6,15,2,197,203,-3,653,20,0,0,0,-35,35,18,28,28,28,0.0,0,0,0,0,0,1333,28,1368,2,0,0.0,0.0,0,0
845,16922,1025,526,-20,1,-80,48,-1,33,1372,1368,5,0,221,2,7,1,32,-2.4000000000000004,17,1,203,197,-5,654,20,0,0,0,-33,33,23,34,34,34,0.0,0,0,0,0,0,1339,34,1372,2,0,0.0,0.0,0,0
846,16942,1027,525,-19,-1,-76,47,1,28,1361,1372,5,0,221,2,7,1,9,-2.3000000000000003,21,4,198,201,-7,655,11,0,0,0,-28,28,18,28,28,28,0.0,0,0,0,0,0,1333,28,1361,2,0,0.0,0.0,0,0
847,16962,1029,525,-19,-3,-76,46,3,26,1350,1361,5,0,221,2,7,1,0,-1.7000000000000002,23,-2,202,195,0,656,11,0,0,0,-26,26,13,19,19,19,0.0,0,0,0,0,0,1324,19,1350,2,0,0.0,0.0,0,0
848,16982,1030,526,-20,-4,-80,46,4,30,1349,1350,5,0,221,2,7,1,0,-2.0,20,8,199,202,-13,657,11,0,0,0,-30,30,9,14,14,14,0.0,0,0,0,0,0,1319,14,1349,2,0,0.0,0.0,0,0
849,17002,1032,524,-18,-6,-72,46,6,20,1335,1349,5,0,221,2,7,1,0,-2.5,19,2,206,196,0,658,10,0,0,0,-20,20,6,10,10,10,0.0,0,0,0,0,0,1315,10,1335,2,0,0.0,0.0,0,0
850,17022,1034,524,-18,-8,-72,45,8,18,1330,1335,5,0,221,2,7,1,0,-4.0,16,4,199,201,-5,659,10,0,0,0,-18,18,4,7,7,7,0.0,0,0,0,0,0,1312,7,1330,2,0,0.0,0.0,0,0
851,17042,1035,524,-18,-10,-72,45,10,17,1327,1330,5,0,221,2,7,1,0,-4.0,16,4,199,201,-5,659,30,0,0,0,-17,17,3,5,5,5,0.0,0,0,0,0,0,1310,5,1327,2,0,0.0,0.0,0,0
852,17062,1037,524,-18,-11,-72,44,11,17,1325,1327,5,0,221,2,7,1,0,-4.2,8,6,202,198,0,661,1,0,0,0,-17,17,2,3,3,3,0.0,0,0,0,0,0,1308,3,1325,2,0,0.0,0.0,0,0
853,17082,1039,522,-16,-15,-64,44,15,5,1324,1325,5,0,221,2,7,1,26,-3.5,14,9,205,200,-11,662,1,0,0,0,-5,5,9,14,14,14,0.0,0,0,0,0,0,1319,14,1324,2,0,0.0,0.0,0,0
854,17102,1041,522,-16,-16,-64,44,16,4,1323,1324,5,0,221,2,7,1,9,-2.8000000000000003,17,7,204,194,-11,663,1,0,0,0,-4,4,9,14,14,14,0.0,0,0,0,0,0,1319,14,1323,2,0,0.0,0.0,0,0
855,17122,1042,522,-16,-18,-64,43,18,3,1322,1323,5,0,221,2,7,1,9,-2.8000000000000003,17,7,204,194,-11,663,21,0,0,0,-3,3,9,14,14,14,0.0,0,0,0,0,0,1319,14,1322,2,0,0.0,0.0,0,0
856,17142,1044,521,-15,-20,-60,43,20,-3,1312,1322,5,0,221,2,7,1,0,-3.0,18,0,200,201,0,664,20,0,0,0,3,-3,6,10,10,10,0.0,0,0,0,0,0,1315,10,1312,2,0,0.0,0.0,0,0
857,17162,1046,521,-15,-21,-60,43,21,-4,1308,1312,5,0,221,2,7,1,0,-3.0,21,1,200,199,-1,665,11,0,0,0,4,-4,4,7,7,7,0.0,0,0,0,0,0,1312,7,1308,2,0,0.0,0.0,0,0
858,17182,1048,522,-16,-18,-64,42,18,4,1318,1308,5,0,221,2,7,1,10,-2.3000000000000003,24,-3,201,198,0,666,11,0,0,0,-4,4,6,9,9,9,0.0,0,0,0,0,0,1314,9,1318,2,0,0.0,0.0,0,0
859,17202,1050,522,-16,-14,-64,42,14,8,1324,1318,5,0,221,2,7,1,10,-2.8000000000000003,22,1,200,196,-1,667,11,0,0,0,-8,8,7,11,11,11,0.0,0,0,0,0,0,1316,11,1324,2,0,0.0,0.0,0,0
860,17222,1051,522,-16,-10,-64,41,10,12,1325,1324,5,0,221,2,7,1,0,-2.7,21,0,200,200,-3,668,11,0,0,0,-12,12,5,8,8,8,0.0,0,0,0,0,0,1313,8,1325,2,0,0.0,0.0,0,0
861,17242,1053,522,-16,-6,-64,41,6,17,1327,1325,5,0,221,2,7,1,0,-3.0,21,-3,201,196,5,669,10,0,0,0,-17,17,4,5,5,5,0.0,0,0,0,0,0,1310,5,1327,2,0,0.0,0.0,0,0
862,17262,1055,520,-14,-6,-56,41,6,9,1318,1327,5,0,221,2,7,1,0,-3.0,21,-3,201,196,5,669,30,0,0,0,-9,9,3,4,4,4,0.0,0,0,0,0,0,1309,4,1318,2,0,0.0,0.0,0,0
863,17282,1057,520,-14,-10,-56,40,10,6,1314,1318,5,0,221,2,7,1,0,-1.2000000000000002,15,-7,200,202,15,671,1,0,0,0,-6,6,2,3,3,3,0.0,0,0,0,0,0,1308,3,1314,2,0,0.0,0.0,0,0
864,17302,1058,520,-14,-12,-56,40,12,4,1311,1314,5,0,221,2,7,1,0,-1.2000000000000002,16,-1,196,207,0,672,1,0,0,0,-4,4,1,2,2,2,0.0,0,0,0,0,0,1307,2,1311,2,0,0.0,0.0,0,0
865,17322,1060,520,-14,-15,-56,40,15,2,1315,1311,5,0,221,2,7,1,16,0.0,14,7,199,200,0,673,1,0,0,0,-2,2,6,8,8,8,0.0,0,0,0,0,0,1313,8,1315,2,0,0.0,0.0,0,0
866,17342,1062,521,-15,-13,-60,39,13,8,1319,1315,5,0,221,2,7,1,0,-0.5,19,-3,202,198,0,674,1,0,0,0,-8,8,4,6,6,6,0.0,0,0,0,0,0,1311,6,1319,2,0,0.0,0.0,0,0
867,17362,1063,520,-14,-12,-56,39,12,5,1314,1319,5,0,221,2,7,1,0,-0.5,19,-3,202,198,0,674,21,0,0,0,-5,5,3,4,4,4,0.0,0,0,0,0,0,1309,4,1314,2,0,0.0,0.0,0,0
868,17382,1065,519,-13,-10,-52,39,10,3,1319,1314,5,0,221,2,7,1,17,-2.1,20,-8,196,204,13,675,10,0,0,0,-3,3,7,11,11,11,0.0,0,0,0,0,0,1316,11,1319,2,0,0.0,0.0,0,0
869,17402,1067,520,-14,-9,-56,38,9,8,1325,1319,5,0,221,2,7,1,11,-0.8,18,-1,199,200,3,676,10,0,0,0,-8,8,8,12,12,12,0.0,0,0,0,0,0,1317,12,1325,2,0,0.0,0.0,0,0
870,17422,1069,518,-12,-11,-48,38,11,-1,1320,1325,5,0,221,2,7,1,17,-1.6,16,-2,203,199,3,677,10,0,0,0,1,-1,11,16,16,16,0.0,0,0,0,0,0,1321,16,1320,2,0,0.0,0.0,0,0
871,17442,1070,518,-12,-13,-48,38,13,-3,1321,1320,5,0,221,2,7,1,16,-0.8,18,-2,199,197,3,678,10,0,0,0,3,-3,12,19,19,19,0.0,0,0,0,0,0,1324,19,1321,2,0,0.0,0.0,0,0
872,17462,1072,518,-12,-15,-48,37,15,-4,1327,1321,5,0,221,2,7,1,29,-0.6000000000000001,16,-2,201,201,3,679,10,0,0,0,4,-4,17,26,26,26,0.0,0,0,0,0,0,1331,26,1327,2,0,0.0,0.0,0,0
873,17482,1074,518,-12,-15,-48,37,15,-4,1332,1327,5,0,221,2,7,1,29,-0.6000000000000001,16,-2,201,201,3,679,30,0,0,0,4,-4,21,31,31,31,0.0,0,0,0,0,0,1336,31,1332,2,0,0.0,0.0,0,0
874,17502,1076,518,-12,-15,-48,37,15,-3,1336,1332,5,0,221,2,7,1,27,-0.2,20,-12,198,204,21,680,20,0,0,0,3,-3,23,34,34,34,0.0,0,0,0,0,0,1339,34,1336,2,0,0.0,0.0,0,0
875,17522,1077,518,-12,-14,-48,37,14,-2,1341,1336,5,0,221,2,7,1,31,1.9000000000000001,25,-5,195,208,1,682,1,0,0,0,2,-2,25,38,38,38,0.0,0,0,0,0,0,1343,38,1341,2,0,0.0,0.0,0,0
876,17542,1079,520,-14,-8,-56,36,8,11,1353,1341,5,0,221,2,7,1,24,1.6,26,-14,198,197,23,683,1,0,0,0,-11,11,25,37,37,37,0.0,0,0,0,0,0,1342,37,1353,2,0,0.0,0.0,0,0
877,17562,1081,519,-13,-3,-52,36,3,13,1344,1353,5,0,221,2,7,1,0,0.8,27,0,195,204,-1,684,1,0,0,0,-13,13,17,26,26,26,0.0,0,0,0,0,0,1331,26,1344,2,0,0.0,0.0,0,0
878,17582,1082,519,-13,0,-52,36,0,16,1339,1344,5,0,221,2,7,1,0,0.8,27,0,195,204,-1,684,21,0,0,0,-16,16,12,18,18,18,0.0,0,0,0,0,0,1323,18,1339,2,0,0.0,0.0,0,0
879,17602,1084,520,-14,3,-56,35,-3,24,1349,1339,5,0,221,2,7,1,15,-0.2,22,2,199,201,-3,685,11,0,0,0,-24,24,13,20,20,20,0.0,0,0,0,0,0,1325,20,1349,2,0,0.0,0.0,0,0
880,17622,1086,520,-14,6,-56,35,-6,27,1346,1349,5,0,221,2,7,1,0,-0.8,21,0,200,197,0,686,11,0,0,0,-27,27,9,14,14,14,0.0,0,0,0,0,0,1319,14,1346,2,0,0.0,0.0,0,0
881,17642,1088,521,-15,7,-60,35,-7,33,1352,1346,5,0,221,2,7,1,9,-2.2,19,-3,198,206,3,687,11,0,0,0,-33,33,9,14,14,14,0.0,0,0,0,0,0,1319,14,1352,2,0,0.0,0.0,0,0
882,17662,1090,520,-14,9,-56,34,-9,31,1355,1352,5,0,221,2,7,1,20,-1.4000000000000001,18,-3,199,202,3,688,11,0,0,0,-31,31,12,19,19,19,0.0,0,0,0,0,0,1324,19,1355,2,0,0.0,0.0,0,0
883,17682,1091,520,-14,9,-56,34,-9,31,1358,1355,5,0,221,2,7,1,19,-2.4000000000000004,13,-7,196,205,9,689,11,0,0,0,-31,31,14,22,22,22,0.0,0,0,0,0,0,1327,22,1358,2,0,0.0,0.0,0,0
884,17702,1093,520,-14,7,-56,34,-7,29,1358,1358,5,0,221,2,7,1,19,-2.4000000000000004,13,-7,196,205,9,689,31,0,0,0,-29,29,16,24,24,24,0.0,0,0,0,0,0,1329,24,1358,0,0,0.0,0.0,0,0
885,17722,1095,519,-13,3,-52,33,-3,22,1358,1358,5,0,221,2,7,1,32,-1.5,14,-2,198,203,0,690,20,0,0,0,-22,22,21,31,31,31,0.0,0,0,0,0,0,1336,31,1358,0,0,0.0,0.0,0,0
886,17742,1097,521,-15,2,-60,33,-2,29,1365,1358,5,0,221,2,7,1,20,-2.8000000000000003,23,2,203,201,-3,692,1,0,0,0,-29,29,20,31,31,31,0.0,0,0,0,0,0,1336,31,1365,2,0,0.0,0.0,0,0
887,17762,1098,522,-16,3,-64,33,-3,34,1370,1365,5,0,221,2,7,1,21,-2.9000000000000004,20,-1,202,198,1,693,1,0,0,0,-34,34,21,31,31,31,0.0,0,0,0,0,0,1336,31,1370,2,0,0.0,0.0,0,0
888,17782,1100,522,-16,7,-64,32,-7,39,1376,1370,5,0,221,2,7,1,22,-1.8,20,0,199,200,0,694,1,0,0,0,-39,39,21,32,32,32,0.0,0,0,0,0,0,1337,32,1376,2,0,0.0,0.0,0,0
889,17802,1102,523,-17,13,-68,32,-13,49,1386,1376,5,0,221,2,7,1,22,-1.8,20,0,199,200,0,694,21,0,0,0,-49,49,21,32,32,32,0.0,0,0,0,0,0,1337,32,1386,2,0,0.0,0.0,0,0
890,17822,1104,524,-18,19,-72,31,-19,60,1397,1386,5,0,221,2,7,1,22,-1.7000000000000002,16,-4,201,202,7,695,11,0,0,0,-60,60,22,32,32,32,0.0,0,0,0,0,0,1337,32,1397,2,0,0.0,0.0,0,0
891,17842,1105,524,-18,23,-72,31,-23,64,1397,1397,5,0,221,2,7,1,11,-0.4,12,-5,200,201,9,696,10,0,0,0,-64,64,18,28,28,28,0.0,0,0,0,0,0,1333,28,1397,0,0,0.0,0.0,0,0
892,17862,1107,523,-17,22,-68,30,-22,59,1394,1397,5,0,221,2,7,1,24,0.0,9,-2,195,206,1,697,10,0,0,0,-59,59,20,30,30,30,0.0,0,0,0,0,0,1335,30,1394,2,0,0.0,0.0,0,0
893,17882,1109,524,-18,20,-72,30,-20,62,1395,1394,5,0,221,2,7,1,16,1.2000000000000002,10,-6,198,199,7,698,10,0,0,0,-62,62,19,28,28,28,0.0,0,0,0,0,0,1333,28,1395,2,0,0.0,0.0,0,0
894,17902,1110,524,-18,17,-72,30,-17,60,1392,1395,5,0,221,2,7,1,17,0.0,11,-9,200,208,15,699,10,0,0,0,-60,60,18,27,27,27,0.0,0,0,0,0,0,1332,27,1392,2,0,0.0,0.0,0,0
895,17922,1112,526,-20,17,-80,29,-17,68,1400,1392,5,0,221,2,7,1,17,0.0,11,-9,200,208,15,699,30,0,0,0,-68,68,18,27,27,27,0.0,0,0,0,0,0,1332,27,1400,2,0,0.0,0.0,0,0
896,17942,1114,527,-21,20,-84,29,-20,75,1416,1400,5,0,221,2,7,1,38,0.6000000000000001,17,-14,194,206,21,700,20,0,0,0,-75,75,24,36,36,36,0.0,0,0,0,0,0,1341,36,1416,2,0,0.0,0.0,0,0
897,17962,1116,527,-21,25,-84,28,-25,81,1428,1416,5,0,221,2,7,1,38,1.0,18,-5,198,204,7,701,20,0,0,0,-81,81,28,42,42,42,0.0,0,0,0,0,0,1347,42,1428,2,0,0.0,0.0,0,0
898,17982,1118,527,-21,27,-84,27,-27,83,1427,1428,5,0,221,2,7,1,21,1.2000000000000002,20,-1,199,199,1,703,1,0,0,0,-83,83,26,39,39,39,0.0,0,0,0,0,0,1344,39,1427,2,0,0.0,0.0,0,0
899,18002,1119,528,-22,28,-88,27,-28,89,1433,1427,5,0,221,2,7,1,26,0.1,20,3,197,202,-3,704,1,0,0,0,-89,89,26,39,39,39,0.0,0,0,0,0,0,1344,39,1433,2,0,0.0,0.0,0,0
900,18022,1121,528,-22,28,-88,27,-28,90,1434,1433,5,0,221,2,7,1,26,0.1,20,3,197,202,-3,704,21,0,0,0,-90,90,26,39,39,39,0.0,0,0,0,0,0,1344,39,1434,2,0,0.0,0.0,0,0
901,18042,1123,529,-23,27,-92,26,-27,93,1433,1434,5,0,221,2,7,1,17,-1.4000000000000001,17,5,197,200,-7,705,11,0,0,0,-93,93,23,35,35,35,0.0,0,0,0,0,0,1340,35,1433,2,0,0.0,0.0,0,0
902,18062,1124,530,-24,26,-96,26,-26,97,1431,1433,5,0,221,2,7,1,11,-2.0,15,7,205,197,-9,706,11,0,0,0,-97,97,20,29,29,29,0.0,0,0,0,0,0,1334,29,1431,2,0,0.0,0.0,0,0
903,18082,1126,529,-23,26,-92,25,-26,93,1424,1431,5,0,221,2,7,1,13,-3.7,13,9,198,198,-13,707,10,0,0,0,-93,93,18,26,26,26,0.0,0,0,0,0,0,1331,26,1424,2,0,0.0,0.0,0,0
904,18102,1128,529,-23,23,-92,24,-23,91,1418,1424,5,0,221,2,7,1,8,-3.4000000000000004,11,5,207,194,-5,708,10,0,0,0,-91,91,15,22,22,22,0.0,0,0,0,0,0,1327,22,1418,2,0,0.0,0.0,0,0
905,18122,1130,530,-24,21,-96,24,-21,93,1418,1418,5,0,221,2,7,1,9,-3.9000000000000004,10,7,202,200,-9,709,10,0,0,0,-93,93,13,20,20,20,0.0,0,0,0,0,0,1325,20,1418,0,0,0.0,0.0,0,0
906,18142,1131,529,-23,18,-92,23,-18,87,1410,1418,5,0,221,2,7,1,9,-3.9000000000000004,10,7,202,200,-9,709,30,0,0,0,-87,87,12,18,18,18,0.0,0,0,0,0,0,1323,18,1410,2,0,0.0,0.0,0,0
907,18162,1133,530,-24,15,-96,23,-15,88,1422,1410,5,0,221,2,7,1,37,-2.0,14,-3,200,200,5,711,1,0,0,0,-88,88,19,29,29,29,0.0,0,0,0,0,0,1334,29,1422,2,0,0.0,0.0,0,0
908,18182,1135,530,-24,14,-96,22,-14,88,1430,1422,5,0,221,2,7,1,38,-1.5,12,-1,196,200,3,712,0,0,0,0,-88,88,25,37,37,37,0.0,0,0,0,0,0,1342,37,1430,2,0,0.0,0.0,0,0
909,18202,1137,529,-23,11,-92,21,-11,82,1430,1430,5,0,221,2,7,1,38,-1.5,12,-1,196,200,3,712,20,0,0,0,-82,82,29,43,43,43,0.0,0,0,0,0,0,1348,43,1430,0,0,0.0,0.0,0,0
910,18222,1138,530,-24,10,-96,21,-10,85,1429,1430,5,0,221,2,7,1,20,-0.7000000000000001,17,1,196,200,0,714,1,0,0,0,-85,85,26,39,39,39,0.0,0,0,0,0,0,1344,39,1429,2,0,0.0,0.0,0,0
911,18242,1140,530,-24,9,-96,20,-9,85,1427,1429,5,0,221,2,7,1,20,-0.7000000000000001,17,1,196,200,0,714,21,0,0,0,-85,85,24,37,37,37,0.0,0,0,0,0,0,1342,37,1427,2,0,0.0,0.0,0,0
912,18262,1142,530,-24,7,-96,20,-7,84,1430,1427,5,0,221,2,7,1,35,-1.3,17,0,198,203,0,715,11,0,0,0,-84,84,28,41,41,41,0.0,0,0,0,0,0,1346,41,1430,2,0,0.0,0.0,0,0
913,18282,1144,532,-26,10,-104,19,-10,95,1437,1430,5,0,221,2,7,1,19,-0.8,18,0,202,197,0,716,11,0,0,0,-95,95,25,37,37,37,0.0,0,0,0,0,0,1342,37,1437,2,0,0.0,0.0,0,0
914,18302,1145,532,-26,12,-104,19,-12,97,1433,1437,5,0,221,2,7,1,10,-0.4,20,1,199,202,-1,717,11,0,0,0,-97,97,20,31,31,31,0.0,0,0,0,0,0,1336,31,1433,2,0,0.0,0.0,0,0
915,18322,1147,532,-26,15,-104,18,-15,101,1434,1433,5,0,221,2,7,1,15,-0.7000000000000001,17,0,202,198,0,718,10,0,0,0,-101,101,19,28,28,28,0.0,0,0,0,0,0,1333,28,1434,2,0,0.0,0.0,0,0
916,18342,1149,530,-24,13,-96,17,-13,92,1424,1434,5,0,221,2,7,1,15,-1.4000000000000001,15,0,199,201,0,719,10,0,0,0,-92,92,18,27,27,27,0.0,0,0,0,0,0,1332,27,1424,2,0,0.0,0.0,0,0
917,18362,1150,530,-24,11,-96,17,-11,90,1420,1424,5,0,221,2,7,1,15,-1.4000000000000001,15,0,199,201,0,719,30,0,0,0,-90,90,17,25,25,25,0.0,0,0,0,0,0,1330,25,1420,2,0,0.0,0.0,0,0
918,18382,1152,530,-24,6,-96,16,-6,86,1420,1420,5,0,221,2,7,1,25,-1.7000000000000002,15,-14,193,205,19,721,1,0,0,0,-86,86,19,29,29,29,0.0,0,0,0,0,0,1334,29,1420,0,0,0.0,0.0,0,0
919,18402,1154,530,-24,0,-96,16,0,81,1406,1420,5,0,221,2,7,1,0,0.0,19,-14,193,203,19,722,2,0,0,0,-81,81,14,20,20,20,0.0,0,0,0,0,0,1325,20,1406,2,0,0.0,0.0,0,0
920,18422,1156,530,-24,-2,-96,15,2,79,1406,1406,5,0,221,2,7,1,18,1.2000000000000002,21,-12,196,206,15,723,2,0,0,0,-79,79,15,22,22,22,0.0,0,0,0,0,0,1327,22,1406,0,0,0.0,0.0,0,0
921,18442,1158,530,-24,-2,-96,14,2,80,1407,1406,5,0,221,2,7,1,15,2.1,29,-8,196,204,8,724,1,0,0,0,-80,80,15,22,22,22,0.0,0,0,0,0,0,1327,22,1407,2,0,0.0,0.0,0,0
922,18462,1159,530,-24,-2,-96,14,2,80,1407,1407,5,0,221,2,7,1,15,2.1,29,-8,196,204,8,724,21,0,0,0,-80,80,15,22,22,22,0.0,0,0,0,0,0,1327,22,1407,0,0,0.0,0.0,0,0
923,18482,1161,530,-24,-1,-96,13,1,81,1402,1407,5,0,221,2,7,1,0,2.7,29,-5,195,205,5,725,11,0,0,0,-81,81,10,16,16,16,0.0,0,0,0,0,0,1321,16,1402,2,0,0.0,0.0,0,0
924,18502,1163,530,-24,-1,-96,13,1,82,1407,1402,5,0,221,2,7,1,20,1.7000000000000002,29,8,202,205,-15,726,11,0,0,0,-82,82,13,20,20,20,0.0,0,0,0,0,0,1325,20,1407,2,0,0.0,0.0,0,0
925,18522,1165,532,-26,2,-104,12,-2,94,1419,1407,5,0,221,2,7,1,13,0.6000000000000001,24,9,202,196,-13,727,11,0,0,0,-94,94,13,20,20,20,0.0,0,0,0,0,0,1325,20,1419,2,0,0.0,0.0,0,0
926,18542,1166,531,-25,4,-100,12,-4,93,1424,1419,5,0,221,2,7,1,26,-2.3000000000000003,25,13,205,197,-17,728,11,0,0,0,-93,93,17,26,26,26,0.0,0,0,0,0,0,1331,26,1424,2,0,0.0,0.0,0,0
927,18562,1168,530,-24,5,-96,11,-5,90,1417,1424,5,0,221,2,7,1,9,-3.9000000000000004,21,15,205,191,-19,729,11,0,0,0,-90,90,15,22,22,22,0.0,0,0,0,0,0,1327,22,1417,2,0,0.0,0.0,0,0
928,18582,1170,532,-26,7,-104,10,-7,101,1428,1417,5,0,221,2,7,1,15,-5.800000000000001,19,10,208,195,-10,730,1,0,0,0,-101,101,15,22,22,22,0.0,0,0,0,0,0,1327,22,1428,2,0,0.0,0.0,0,0
929,18602,1172,533,-27,10,-108,10,-10,108,1442,1428,5,0,221,2,7,1,29,-5.2,21,11,204,195,-15,731,1,0,0,0,-108,108,19,29,29,29,0.0,0,0,0,0,0,1334,29,1442,2,0,0.0,0.0,0,0
930,18622,1173,534,-28,13,-112,9,-13,116,1451,1442,5,0,221,2,7,1,23,-4.5,21,0,201,199,1,732,1,0,0,0,-116,116,20,30,30,30,0.0,0,0,0,0,0,1335,30,1451,2,0,0.0,0.0,0,0
931,18642,1175,533,-27,17,-108,8,-17,117,1454,1451,5,0,221,2,7,1,23,-3.0,18,11,201,198,-15,733,1,0,0,0,-117,117,21,32,32,32,0.0,0,0,0,0,0,1337,32,1454,2,0,0.0,0.0,0,0
932,18662,1177,532,-26,18,-104,8,-18,114,1446,1454,5,0,221,2,7,1,10,-2.3000000000000003,17,13,205,196,-21,734,1,0,0,0,-114,114,18,27,27,27,0.0,0,0,0,0,0,1332,27,1446,2,0,0.0,0.0,0,0
933,18682,1178,532,-26,17,-104,7,-17,113,1441,1446,5,0,221,2,7,1,10,-2.3000000000000003,17,13,205,196,-21,734,21,0,0,0,-113,113,15,23,23,23,0.0,0,0,0,0,0,1328,23,1441,2,0,0.0,0.0,0,0
934,18702,1180,533,-27,13,-108,7,-13,114,1441,1441,5,0,221,2,7,1,13,-3.5,18,5,208,194,-1,735,10,0,0,0,-114,114,15,22,22,22,0.0,0,0,0,0,0,1327,22,1441,0,0,0.0,0.0,0,0
935,18722,1182,532,-26,8,-104,6,-8,106,1426,1441,5,0,221,2,7,1,0,-4.800000000000001,14,12,201,197,-15,736,10,0,0,0,-106,106,10,15,15,15,0.0,0,0,0,0,0,1320,15,1426,2,0,0.0,0.0,0,0
936,18742,1184,532,-26,5,-104,5,-5,104,1423,1426,5,0,221,2,7,1,8,-5.2,15,6,206,196,-7,737,10,0,0,0,-104,104,10,14,14,14,0.0,0,0,0,0,0,1319,14,1423,2,0,0.0,0.0,0,0
937,18762,1185,532,-26,3,-104,5,-3,102,1423,1423,5,0,221,2,7,1,14,-5.6000000000000005,16,2,201,197,-1,738,10,0,0,0,-102,102,11,16,16,16,0.0,0,0,0,0,0,1321,16,1423,0,0,0.0,0.0,0,0
938,18782,1187,532,-26,2,-104,4,-2,102,1415,1423,5,0,221,2,7,1,-8,-5.0,19,-2,200,203,3,739,10,0,0,0,-102,102,5,8,8,8,0.0,0,0,0,0,0,1313,8,1415,2,0,0.0,0.0,0,0
939,18802,1189,531,-25,-2,-100,3,2,95,1402,1415,5,0,221,2,7,1,-8,-5.0,19,-2,200,203,3,739,30,0,0,0,-95,95,1,2,2,2,0.0,0,0,0,0,0,1307,2,1402,2,0,0.0,0.0,0,0
940,18822,1191,532,-26,-2,-104,3,2,99,1417,1402,5,0,221,2,7,1,25,-2.7,26,0,198,203,0,740,20,0,0,0,-99,99,8,13,13,13,0.0,0,0,0,0,0,1318,13,1417,2,0,0.0,0.0,0,0
941,18842,1193,532,-26,-2,-104,2,2,100,1427,1417,5,0,221,2,7,1,29,-2.5,28,-1,198,201,1,742,1,0,0,0,-100,100,15,22,22,22,0.0,0,0,0,0,0,1327,22,1427,2,0,0.0,0.0,0,0
942,18862,1194,532,-26,-1,-104,2,1,101,1425,1427,5,0,221,2,7,1,9,-2.3000000000000003,32,-2,200,196,3,743,1,0,0,0,-101,101,13,19,19,19,0.0,0,0,0,0,0,1324,19,1425,2,0,0.0,0.0,0,0
943,18882,1196,531,-25,-2,-100,1,2,98,1423,1425,5,0,221,2,7,1,14,-2.2,29,-4,199,198,7,744,1,0,0,0,-98,98,13,20,20,20,0.0,0,0,0,0,0,1325,20,1423,2,0,0.0,0.0,0,0
944,18902,1198,532,-26,-1,-104,0,1,103,1428,1423,5,0,221,2,7,1,14,-2.2,29,-4,199,198,7,744,21,0,0,0,-103,103,13,20,20,20,0.0,0,0,0,0,0,1325,20,1428,2,0,0.0,0.0,0,0
945,18922,1199,533,-27,1,-108,0,-1,110,1429,1428,5,0,221,2,7,1,0,-1.6,21,-9,198,198,15,745,11,0,0,0,-110,110,9,14,14,14,0.0,0,0,0,0,0,1319,14,1429,2,0,0.0,0.0,0,0
946,18942,1201,531,-25,1,-100,-1,-1,102,1426,1429,5,0,221,2,7,1,20,-0.4,21,-11,200,201,15,746,11,0,0,0,-102,102,13,19,19,19,0.0,0,0,0,0,0,1324,19,1426,2,0,0.0,0.0,0,0
947,18962,1203,530,-24,-2,-96,-2,2,95,1421,1426,5,0,221,2,7,1,18,0.9,18,-9,196,207,11,747,11,0,0,0,-95,95,14,21,21,21,0.0,0,0,0,0,0,1326,21,1421,2,0,0.0,0.0,0,0
948,18982,1205,530,-24,-6,-96,-2,6,92,1421,1421,5,0,221,2,7,1,20,2.1,14,-7,200,201,7,748,11,0,0,0,-92,92,16,24,24,24,0.0,0,0,0,0,0,1329,24,1421,0,0,0.0,0.0,0,0
949,19002,1206,530,-24,-8,-96,-3,8,90,1418,1421,5,0,221,2,7,1,14,2.4000000000000004,12,-7,196,206,9,749,12,0,0,0,-90,90,15,23,23,23,0.0,0,0,0,0,0,1328,23,1418,2,0,0.0,0.0,0,0
950,19022,1208,530,-24,-12,-96,-3,12,87,1408,1418,5,0,221,2,7,1,0,2.6,13,0,195,205,0,750,1,0,0,0,-87,87,11,16,16,16,0.0,0,0,0,0,0,1321,16,1408,2,0,0.0,0.0,0,0
951,19042,1210,530,-24,-11,-96,-4,11,89,1411,1408,5,0,221,2,7,1,13,1.6,13,4,200,200,-7,751,0,0,0,0,-89,89,11,17,17,17,0.0,0,0,0,0,0,1322,17,1411,2,0,0.0,0.0,0,0
952,19062,1212,530,-24,-9,-96,-5,9,92,1415,1411,5,0,221,2,7,1,13,1.6,13,4,200,200,-7,751,20,0,0,0,-92,92,12,18,18,18,0.0,0,0,0,0,0,1323,18,1415,2,0,0.0,0.0,0,0
953,19082,1213,531,-25,-6,-100,-5,6,99,1416,1415,5,0,221,2,7,1,0,-1.0,18,7,199,198,-9,753,1,0,0,0,-99,99,8,12,12,12,0.0,0,0,0,0,0,1317,12,1416,2,0,0.0,0.0,0,0
954,19102,1215,532,-26,-2,-104,-6,2,108,1425,1416,5,0,221,2,7,1,8,-1.9000000000000001,18,4,202,198,-7,754,1,0,0,0,-108,108,8,12,12,12,0.0,0,0,0,0,0,1317,12,1425,2,0,0.0,0.0,0,0
955,19122,1217,532,-26,3,-104,-6,-3,114,1431,1425,5,0,221,2,7,1,8,-1.9000000000000001,18,4,202,198,-7,754,21,0,0,0,-114,114,8,12,12,12,0.0,0,0,0,0,0,1317,12,1431,2,0,0.0,0.0,0,0
956,19142,1218,532,-26,7,-104,-7,-7,118,1437,1431,5,0,221,2,7,1,12,-1.3,15,6,199,196,-9,755,11,0,0,0,-118,118,9,14,14,14,0.0,0,0,0,0,0,1319,14,1437,2,0,0.0,0.0,0,0
957,19162,1220,532,-26,10,-104,-7,-10,121,1444,1437,5,0,221,2,7,1,19,-2.2,12,0,201,199,0,756,11,0,0,0,-121,121,12,18,18,18,0.0,0,0,0,0,0,1323,18,1444,2,0,0.0,0.0,0,0
958,19182,1222,531,-25,8,-100,-8,-8,116,1443,1444,5,0,221,2,7,1,20,-1.7000000000000002,12,0,196,202,0,757,11,0,0,0,-116,116,15,22,22,22,0.0,0,0,0,0,0,1327,22,1443,2,0,0.0,0.0,0,0
959,19202,1224,529,-23,1,-92,-9,-1,102,1430,1443,5,0,221,2,7,1,18,-1.8,7,3,199,200,-5,758,11,0,0,0,-102,102,16,23,23,23,0.0,0,0,0,0,0,1328,23,1430,2,0,0.0,0.0,0,0
960,19222,1226,528,-22,-7,-88,-9,7,90,1417,1430,5,0,221,2,7,1,13,-1.6,8,1,202,200,-1,759,11,0,0,0,-90,90,15,22,22,22,0.0,0,0,0,0,0,1327,22,1417,2,0,0.0,0.0,0,0
961,19242,1227,529,-23,-14,-92,-10,14,88,1409,1417,5,0,221,2,7,1,0,-1.4000000000000001,8,1,199,200,-1,760,1,0,0,0,-88,88,10,16,16,16,0.0,0,0,0,0,0,1321,16,1409,2,0,0.0,0.0,0,0
962,19262,1229,531,-25,-15,-100,-10,15,95,1420,1409,5,0,221,2,7,1,20,-1.6,10,0,201,198,0,761,1,0,0,0,-95,95,13,20,20,20,0.0,0,0,0,0,0,1325,20,1420,2,0,0.0,0.0,0,0
963,19282,1231,530,-24,-12,-96,-11,12,95,1418,1420,5,0,221,2,7,1,8,-1.9000000000000001,12,-2,201,197,0,762,0,0,0,0,-95,95,12,18,18,18,0.0,0,0,0,0,0,1323,18,1418,2,0,0.0,0.0,0,0
964,19302,1232,531,-25,-8,-100,-11,8,104,1425,1418,5,0,221,2,7,1,8,-1.9000000000000001,12,-2,201,197,0,762,20,0,0,0,-104,104,11,16,16,16,0.0,0,0,0,0,0,1321,16,1425,2,0,0.0,0.0,0,0
965,19322,1234,532,-26,0,-104,-12,0,116,1437,1425,5,0,221,2,7,1,11,-1.7000000000000002,13,-2,198,200,3,764,1,0,0,0,-116,116,11,16,16,16,0.0,0,0,0,0,0,1321,16,1437,2,0,0.0,0.0,0,0
966,19342,1236,532,-26,5,-104,-13,-5,122,1443,1437,5,0,221,2,7,1,11,-1.7000000000000002,13,-2,198,200,3,764,21,0,0,0,-122,122,11,16,16,16,0.0,0,0,0,0,0,1321,16,1443,2,0,0.0,0.0,0,0
967,19362,1238,532,-26,7,-104,-13,-7,125,1441,1443,5,0,221,2,7,1,0,-0.9,16,-6,197,202,11,765,11,0,0,0,-125,125,8,11,11,11,0.0,0,0,0,0,0,1316,11,1441,2,0,0.0,0.0,0,0
968,19382,1240,531,-25,8,-100,-14,-8,122,1441,1441,5,0,221,2,7,1,14,-1.5,14,1,200,200,-1,766,11,0,0,0,-122,122,9,14,14,14,0.0,0,0,0,0,0,1319,14,1441,0,0,0.0,0.0,0,0
969,19402,1241,530,-24,4,-96,-14,-4,115,1434,1441,5,0,221,2,7,1,8,-1.8,14,2,199,199,-3,767,12,0,0,0,-115,115,9,14,14,14,0.0,0,0,0,0,0,1319,14,1434,2,0,0.0,0.0,0,0
970,19422,1243,531,-25,0,-100,-15,0,115,1436,1434,5,0,221,2,7,1,15,-2.9000000000000004,13,0,205,202,0,768,11,0,0,0,-115,115,11,16,16,16,0.0,0,0,0,0,0,1321,16,1436,2,0,0.0,0.0,0,0
971,19442,1245,530,-24,-3,-96,-16,3,109,1425,1436,5,0,221,2,7,1,0,-2.3000000000000003,17,8,200,198,-15,769,11,0,0,0,-109,109,8,11,11,11,0.0,0,0,0,0,0,1316,11,1425,2,0,0.0,0.0,0,0
972,19462,1246,531,-25,-5,-100,-16,5,111,1424,1425,5,0,221,2,7,1,0,-3.2,15,6,204,197,-7,770,1,0,0,0,-111,111,5,8,8,8,0.0,0,0,0,0,0,1313,8,1424,2,0,0.0,0.0,0,0
973,19482,1248,530,-24,-7,-96,-17,7,106,1420,1424,5,0,221,2,7,1,8,-2.9000000000000004,20,4,202,196,-4,771,1,0,0,0,-106,106,6,9,9,9,0.0,0,0,0,0,0,1314,9,1420,2,0,0.0,0.0,0,0
974,19502,1250,531,-25,-4,-100,-18,4,113,1424,1420,5,0,221,2,7,1,0,-3.0,20,0,198,201,0,772,1,0,0,0,-113,113,4,6,6,6,0.0,0,0,0,0,0,1311,6,1424,2,0,0.0,0.0,0,0
975,19522,1252,530,-24,-4,-96,-18,4,110,1419,1424,5,0,221,2,7,1,0,-2.2,23,-3,199,196,5,773,0,0,0,0,-110,110,3,4,4,4,0.0,0,0,0,0,0,1309,4,1419,2,0,0.0,0.0,0,0
976,19542,1253,531,-25,-4,-100,-19,4,115,1423,1419,5,0,221,2,7,1,0,-2.2,23,-3,199,196,5,773,20,0,0,0,-115,115,2,3,3,3,0.0,0,0,0,0,0,1308,3,1423,2,0,0.0,0.0,0,0
977,19562,1255,531,-25,-3,-100,-19,3,117,1424,1423,5,0,221,2,7,1,0,-2.0,20,-3,195,208,3,774,20,0,0,0,-117,117,1,2,2,2,0.0,0,0,0,0,0,1307,2,1424,2,0,0.0,0.0,0,0
978,19582,1257,530,-24,-2,-96,-20,2,114,1421,1424,5,0,221,2,7,1,0,-1.4000000000000001,19,-1,200,203,1,775,11,0,0,0,-114,114,1,2,2,2,0.0,0,0,0,0,0,1307,2,1421,2,0,0.0,0.0,0,0
979,19602,1259,531,-25,-2,-100,-21,2,119,1432,1421,5,0,221,2,7,1,15,-1.5,17,0,198,201,0,776,11,0,0,0,-119,119,5,8,8,8,0.0,0,0,0,0,0,1313,8,1432,2,0,0.0,0.0,0,0
980,19622,1260,530,-24,-2,-96,-21,2,115,1432,1432,5,0,221,2,7,1,14,-0.5,16,0,204,200,0,777,11,0,0,0,-115,115,8,12,12,12,0.0,0,0,0,0,0,1317,12,1432,0,0,0.0,0.0,0,0
981,19642,1262,530,-24,-3,-96,-22,3,114,1437,1432,5,0,221,2,7,1,21,-1.3,13,-5,200,199,7,778,11,0,0,0,-114,114,12,18,18,18,0.0,0,0,0,0,0,1323,18,1437,2,0,0.0,0.0,0,0
982,19662,1264,530,-24,-4,-96,-22,4,114,1443,1437,5,0,221,2,7,1,25,-0.6000000000000001,11,-3,201,201,5,779,10,0,0,0,-114,114,16,24,24,24,0.0,0,0,0,0,0,1329,24,1443,2,0,0.0,0.0,0,0
983,19682,1266,530,-24,-4,-96,-23,4,115,1448,1443,5,0,221,2,7,1,25,-0.6000000000000001,11,-3,201,201,5,779,30,0,0,0,-115,115,19,28,28,28,0.0,0,0,0,0,0,1333,28,1448,2,0,0.0,0.0,0,0
984,19702,1267,530,-24,-4,-96,-23,4,115,1445,1448,5,0,221,2,7,1,12,-0.5,10,3,200,198,-3,781,1,0,0,0,-115,115,17,25,25,25,0.0,0,0,0,0,0,1330,25,1445,2,0,0.0,0.0,0,0
985,19722,1269,530,-24,-3,-96,-24,3,117,1439,1445,5,0,221,2,7,1,0,-1.0,14,1,199,200,-1,782,1,0,0,0,-117,117,12,17,17,17,0.0,0,0,0,0,0,1322,17,1439,2,0,0.0,0.0,0,0
986,19742,1271,532,-26,0,-104,-25,0,129,1446,1439,5,0,221,2,7,1,0,-1.3,18,-2,199,197,0,783,1,0,0,0,-129,129,8,12,12,12,0.0,0,0,0,0,0,1317,12,1446,2,0,0.0,0.0,0,0
987,19762,1273,532,-26,5,-104,-25,-5,134,1448,1446,5,0,221,2,7,1,0,-1.5,19,3,198,203,-5,784,1,0,0,0,-134,134,6,9,9,9,0.0,0,0,0,0,0,1314,9,1448,2,0,0.0,0.0,0,0
988,19782,1274,532,-26,8,-104,-26,-8,138,1449,1448,5,0,221,2,7,1,0,-1.5,19,3,198,203,-5,784,21,0,0,0,-138,138,4,6,6,6,0.0,0,0,0,0,0,1311,6,1449,2,0,0.0,0.0,0,0
989,19802,1276,531,-25,10,-100,-26,-10,136,1445,1449,5,0,221,2,7,1,0,-0.6000000000000001,19,2,200,199,-2,785,10,0,0,0,-136,136,3,4,4,4,0.0,0,0,0,0,0,1309,4,1445,2,0,0.0,0.0,0,0
990,19822,1278,531,-25,9,-100,-27,-9,136,1449,1445,5,0,221,2,7,1,11,-2.1,19,5,201,201,-9,786,10,0,0,0,-136,136,5,8,8,8,0.0,0,0,0,0,0,1313,8,1449,2,0,0.0,0.0,0,0
991,19842,1280,530,-24,3,-96,-28,-3,127,1442,1449,5,0,221,2,7,1,11,-1.5,14,-2,203,195,0,787,10,0,0,0,-127,127,7,10,10,10,0.0,0,0,0,0,0,1315,10,1442,2,0,0.0,0.0,0,0
992,19862,1281,530,-24,-2,-96,-28,2,122,1434,1442,5,0,221,2,7,1,0,-2.3000000000000003,12,-8,198,202,14,788,10,0,0,0,-122,122,5,7,7,7,0.0,0,0,0,0,0,1312,7,1434,2,0,0.0,0.0,0,0
993,19882,1283,530,-24,-5,-96,-29,5,119,1429,1434,5,0,221,2,7,1,0,-1.5,10,-10,190,205,13,789,11,0,0,0,-119,119,3,5,5,5,0.0,0,0,0,0,0,1310,5,1429,2,0,0.0,0.0,0,0
994,19902,1285,531,-25,-5,-100,-29,5,124,1433,1429,5,0,221,2,7,1,0,-1.5,10,-10,190,205,13,789,31,0,0,0,-124,124,2,4,4,4,0.0,0,0,0,0,0,1309,4,1433,2,0,0.0,0.0,0,0
995,19922,1286,532,-26,-3,-104,-30,3,131,1439,1433,5,0,221,2,7,1,0,0.1,8,11,195,203,0,790,20,0,0,0,-131,131,2,3,3,3,0.0,0,0,0,0,0,1308,3,1439,2,0,0.0,0.0,0,0
996,19942,1288,532,-26,1,-104,-30,-1,135,1441,1439,5,0,221,4,43,1,0,-0.2,8,20,211,190,-26,792,1,0,0,0,-135,135,1,1,1,1,-0.2,201,1000,0,0,0,1306,1,1441,2,0,0.0,0.0,0,0
997,19962,1290,532,-26,5,-104,-31,-5,140,1448,1441,5,0,221,4,43,1,13,-2.7,8,20,208,195,-26,793,1,0,0,0,-140,140,5,2,2,2,-2.7,202,1000,1,1,1,1308,3,1448,2,0,0.0,0.0,0,0
998,19982,1292,532,-26,8,-104,-32,-8,144,1452,1448,5,0,221,4,43,1,0,-3.5,12,20,206,187,-26,794,1,0,0,0,-144,144,3,1,1,1,-3.5,197,983,2,2,2,1308,3,1452,2,0,0.0,0.0,0,0
999,20002,1294,530,-24,5,-96,-33,-5,133,1441,1452,5,0,221,4,43,1,0,-3.5,12,20,206,187,-26,794,21,0,0,0,-133,133,2,1,1,1,-3.5,197,983,2,2,2,1308,3,1441,2,0,0.0,0.0,0,0
1000,20022,1295,530,-24,-1,-96,-33,1,128,1437,1441,5,0,221,4,43,1,0,-6.0,15,20,210,192,-26,795,10,0,0,0,-128,128,2,1,1,1,-6.0,201,1000,3,3,3,1309,4,1437,2,0,0.0,0.0,0,0
1001,20042,1297,530,-24,-5,-96,-34,5,124,1433,1437,5,0,221,4,11,1,0,-7.0,14,20,207,189,-26,796,10,0,0,0,-124,124,1,1,1,1,-7.0,198,990,3,3,3,1309,4,1433,2,0,0.0,0.0,0,0
1002,20062,1298,530,-24,-9,-96,-34,9,121,1431,1433,5,0,221,4,11,1,8,-7.5,14,20,210,194,-26,797,10,0,0,0,-121,121,3,1,1,1,-7.5,202,1000,4,4,4,1310,5,1431,2,0,0.0,0.0,0,0
1003,20082,1300,530,-24,-11,-96,-35,11,120,1429,1431,5,0,221,4,11,1,0,-6.7,10,22,209,190,-29,798,10,0,0,0,-120,120,2,1,1,1,-6.7,200,998,3,3,3,1309,4,1429,2,0,0.0,0.0,0,0
1004,20102,1302,530,-24,-11,-96,-35,11,120,1430,1429,5,0,221,4,11,1,0,-7.2,7,23,209,192,-31,799,10,0,0,0,-120,120,2,1,1,1,-7.2,201,1000,4,4,4,1310,4,1430,2,0,0.0,0.0,0,0
1005,20122,1304,532,-26,-6,-104,-36,6,134,1443,1430,5,0,221,4,11,1,0,-7.2,7,23,209,192,-31,799,30,0,0,0,-134,134,1,0,0,0,-7.2,201,1000,4,4,4,1309,4,1443,2,0,0.0,0.0,0,0
1006,20142,1306,532,-26,0,-104,-37,0,140,1449,1443,5,0,221,4,11,1,0,-7.800000000000001,6,38,209,187,-49,800,20,0,0,0,-140,140,1,0,0,0,-7.800000000000001,198,990,4,4,4,1309,4,1449,2,0,0.0,0.0,0,0
1007,20162,1308,532,-26,5,-104,-37,-5,146,1455,1449,5,0,221,4,11,1,-14,-11.5,8,42,215,177,-53,802,1,0,0,0,-146,146,-4,-2,-2,-2,-11.5,196,980,6,6,6,1309,4,1455,2,0,0.0,0.0,0,0
1008,20182,1309,532,-26,8,-104,-38,-8,150,1461,1455,5,0,221,4,11,1,0,-13.8,12,45,225,181,-59,803,1,0,0,0,-150,150,-3,-1,-1,-1,-13.8,203,1000,7,7,7,1311,6,1461,2,0,0.0,0.0,0,0
1009,20202,1311,532,-26,10,-104,-38,-10,152,1464,1461,5,0,221,4,11,1,0,-16.7,11,46,217,179,-63,804,1,0,0,0,-152,152,-2,-1,-1,-1,-16.7,198,990,8,8,8,1312,7,1464,2,0,0.0,0.0,0,0
1010,20222,1313,531,-25,6,-100,-39,-6,145,1457,1464,5,0,221,4,11,1,0,-16.7,11,46,217,179,-63,804,21,0,0,0,-145,145,-1,-1,-1,-1,-16.7,198,990,8,8,8,1312,8,1457,2,0,0.0,0.0,0,0
1011,20242,1314,530,-24,2,-96,-39,-2,137,1452,1457,5,0,221,4,11,1,0,-19.0,10,60,227,176,-79,805,11,0,0,0,-137,137,-1,0,0,0,-19.0,202,1000,10,10,10,1315,9,1452,2,0,0.0,0.0,0,0
1012,20262,1316,531,-25,-1,-100,-40,1,139,1455,1452,5,0,221,4,11,1,0,-21.400000000000002,12,58,232,170,-75,806,11,0,0,0,-139,139,-1,0,0,0,-21.400000000000002,201,1000,11,11,11,1316,10,1455,2,0,0.0,0.0,0,0
1013,20282,1318,530,-24,-5,-96,-41,5,132,1448,1455,5,0,221,4,11,1,0,-22.900000000000002,9,62,232,168,-81,807,10,0,0,0,-132,132,0,0,0,0,-22.900000000000002,200,1000,11,11,11,1316,11,1448,2,0,0.0,0.0,0,0
1014,20302,1319,530,-24,-8,-96,-41,8,130,1446,1448,5,0,221,4,11,1,-8,-23.700000000000003,5,50,233,169,-57,808,10,0,0,0,-130,130,-3,-1,-1,-1,-23.700000000000003,201,1000,12,12,12,1316,11,1446,2,0,0.0,0.0,0,0
1015,20322,1321,530,-24,-9,-96,-42,9,129,1448,1446,5,0,221,4,11,1,21,-24.8,14,63,230,176,-83,809,10,0,0,0,-129,129,4,2,2,2,-24.8,203,1000,12,12,12,1319,14,1448,2,0,0.0,0.0,0,0
1016,20342,1323,530,-24,-8,-96,-43,8,131,1452,1448,5,0,221,4,11,1,21,-24.8,14,63,230,176,-83,809,30,0,0,0,-131,131,9,4,4,4,-24.8,203,1000,12,12,12,1321,17,1452,2,0,0.0,0.0,0,0
1017,20362,1325,530,-24,-8,-96,-43,8,131,1456,1452,5,0,221,4,11,1,20,-28.1,12,62,234,167,-81,811,1,0,0,0,-131,131,13,6,6,6,-28.1,201,1000,14,14,14,1325,20,1456,2,0,0.0,0.0,0,0
1018,20382,1327,530,-24,-6,-96,-44,6,134,1459,1456,5,0,221,4,11,1,13,-28.8,18,65,235,168,-87,812,0,0,0,0,-134,134,13,6,6,6,-28.8,202,1000,14,14,14,1325,20,1459,2,0,0.0,0.0,0,0
1019,20402,1328,530,-24,-5,-96,-44,5,135,1460,1459,5,0,221,4,11,1,13,-28.8,18,65,235,168,-87,812,20,0,0,0,-135,135,13,6,6,6,-28.8,202,1000,14,14,14,1325,20,1460,2,0,0.0,0.0,0,0
1020,20422,1330,530,-24,-4,-96,-45,4,137,1461,1460,5,0,221,4,11,1,0,-30.200000000000003,16,65,236,166,-85,814,1,0,0,0,-137,137,9,4,4,4,-30.200000000000003,201,1000,15,15,15,1324,19,1461,2,0,0.0,0.0,0,0
1021,20442,1332,532,-26,0,-104,-45,0,149,1472,1461,5,0,221,4,11,1,0,-30.200000000000003,16,65,236,166,-85,814,21,0,0,0,-149,149,6,3,3,3,-30.200000000000003,201,1000,15,15,15,1323,18,1472,2,0,0.0,0.0,0,0
1022,20462,1334,532,-26,5,-104,-46,-5,155,1478,1472,5,0,221,4,11,1,0,-31.3,16,65,236,164,-85,815,11,0,0,0,-155,155,4,2,2,2,-31.3,200,1000,16,16,16,1323,18,1478,2,0,0.0,0.0,0,0
1023,20482,1335,533,-27,9,-108,-47,-9,164,1488,1478,5,0,221,4,11,1,12,-31.700000000000003,20,65,240,164,-85,816,11,0,0,0,-164,164,7,3,3,3,-31.700000000000003,202,1000,16,16,16,1324,19,1488,2,0,0.0,0.0,0,0
1024,20502,1337,533,-27,14,-108,-47,-14,169,1493,1488,5,0,221,4,11,1,9,-32.6,14,65,237,161,-85,817,11,0,0,0,-169,169,7,3,3,3,-32.6,199,995,16,16,16,1324,20,1493,2,0,0.0,0.0,0,0
1025,20522,1339,532,-26,15,-104,-48,-15,167,1490,1493,5,0,221,4,11,1,0,-32.1,17,65,238,163,-85,818,10,0,0,0,-167,167,5,2,2,2,-32.1,201,1000,16,16,16,1323,18,1490,2,0,0.0,0.0,0,0
1026,20542,1341,532,-26,12,-104,-49,-12,165,1486,1490,5,0,221,4,11,1,-15,-32.9,14,65,235,163,-87,819,10,0,0,0,-165,165,-1,0,0,0,-32.9,199,995,16,16,16,1321,16,1486,2,0,0.0,0.0,0,0
1027,20562,1342,532,-26,9,-104,-49,-9,162,1481,1486,5,0,221,4,11,1,-15,-32.9,14,65,235,163,-87,819,30,0,0,0,-162,162,-5,-2,-2,-2,-32.9,199,995,16,16,16,1319,14,1481,2,0,0.0,0.0,0,0
1028,20582,1344,531,-25,3,-100,-50,-3,153,1472,1481,5,0,221,4,11,1,0,-32.5,12,62,238,162,-83,821,1,0,0,0,-153,153,-4,-2,-2,-2,-32.5,200,1000,16,16,16,1319,15,1472,2,0,0.0,0.0,0,0
1029,20602,1346,530,-24,-2,-96,-50,2,144,1464,1472,5,0,221,4,11,1,0,-32.7,13,61,236,165,-79,822,1,0,0,0,-144,144,-3,-1,-1,-1,-32.7,201,1000,16,16,16,1320,15,1464,2,0,0.0,0.0,0,0
1030,20622,1348,528,-22,-10,-88,-51,10,129,1449,1464,5,0,221,4,11,1,0,-32.6,10,62,242,163,-80,823,1,0,0,0,-129,129,-2,-1,-1,-1,-32.6,203,1000,16,16,16,1320,16,1449,2,0,0.0,0.0,0,0
1031,20642,1349,528,-22,-16,-88,-51,16,123,1443,1449,5,0,221,4,11,1,0,-32.6,10,62,242,163,-80,823,21,0,0,0,-123,123,-1,-1,-1,-1,-32.6,203,1000,16,16,16,1320,16,1443,2,0,0.0,0.0,0,0
1032,20662,1351,525,-19,-26,-76,-52,26,102,1424,1443,5,0,221,4,11,1,12,-33.2,10,63,237,160,-83,824,20,0,0,0,-102,102,3,1,1,1,-33.2,199,993,16,16,16,1322,18,1424,2,0,0.0,0.0,0,0
1033,20682,1353,523,-17,-36,-68,-52,36,84,1406,1424,5,0,221,4,11,1,0,-32.9,12,65,238,158,-85,825,11,0,0,0,-84,84,2,1,1,1,-32.9,198,990,16,16,16,1322,17,1406,2,0,0.0,0.0,0,0
1034,20702,1354,522,-16,-45,-64,-53,45,71,1393,1406,5,0,221,4,11,1,0,-32.6,12,65,239,161,-85,826,11,0,0,0,-71,71,1,1,1,1,-32.6,200,1000,16,16,16,1322,17,1393,2,0,0.0,0.0,0,0
1035,20722,1356,521,-15,-53,-60,-53,53,60,1381,1393,5,0,221,4,11,1,0,-32.5,11,61,240,162,-77,827,11,0,0,0,-60,60,1,0,0,0,-32.5,201,1000,16,16,16,1321,17,1381,2,0,0.0,0.0,0,0
1036,20742,1358,519,-13,-60,-52,-53,60,46,1367,1381,5,0,221,4,11,1,0,-33.2,11,61,236,160,-79,828,12,0,0,0,-46,46,1,0,0,0,-33.2,198,990,16,16,16,1321,17,1367,2,0,0.0,0.0,0,0
1037,20762,1360,518,-12,-61,-48,-54,61,40,1363,1367,5,0,221,4,11,1,13,-32.7,12,62,240,162,-80,829,12,0,0,0,-40,40,4,2,2,2,-32.7,201,1000,16,16,16,1323,18,1363,2,0,0.0,0.0,0,0
1038,20782,1361,518,-12,-61,-48,-54,61,41,1366,1363,5,0,221,4,11,1,18,-32.9,12,62,240,162,-81,830,1,0,0,0,-41,41,8,4,4,4,-32.9,201,1000,16,16,16,1325,20,1366,2,0,0.0,0.0,0,0
1039,20802,1363,519,-13,-56,-52,-54,56,50,1377,1366,5,0,221,4,11,1,20,-33.300000000000004,14,61,239,161,-79,831,1,0,0,0,-50,50,12,5,5,5,-33.300000000000004,200,1000,17,17,17,1327,22,1377,2,0,0.0,0.0,0,0
1040,20822,1365,517,-11,-51,-44,-55,51,48,1376,1377,5,0,221,4,11,1,17,-33.6,14,61,239,162,-79,832,1,0,0,0,-48,48,13,6,6,6,-33.6,201,1000,17,17,17,1328,23,1376,2,0,0.0,0.0,0,0
1041,20842,1367,516,-10,-45,-40,-55,45,49,1377,1376,5,0,221,4,11,1,15,-34.4,13,62,239,161,-81,833,1,0,0,0,-49,49,14,6,6,6,-34.4,200,1000,17,17,17,1328,23,1377,2,0,0.0,0.0,0,0
1042,20862,1369,516,-10,-41,-40,-55,41,54,1380,1377,5,0,221,4,11,1,0,-34.7,13,60,236,160,-79,834,1,0,0,0,-54,54,10,4,4,4,-34.7,198,990,17,17,17,1326,22,1380,2,0,0.0,0.0,0,0
1043,20882,1370,515,-9,-39,-36,-55,39,52,1377,1380,5,0,221,4,11,1,0,-34.7,13,60,236,160,-79,834,21,0,0,0,-52,52,7,3,3,3,-34.7,198,990,17,17,17,1325,20,1377,2,0,0.0,0.0,0,0
1044,20902,1372,514,-8,-40,-32,-55,40,47,1371,1377,5,0,221,4,11,1,0,-34.9,13,50,238,160,-59,835,11,0,0,0,-47,47,5,2,2,2,-34.9,199,995,17,17,17,1324,20,1371,2,0,0.0,0.0,0,0
1045,20922,1374,513,-7,-40,-28,-56,40,44,1368,1371,5,0,221,4,11,1,0,-34.7,8,62,233,169,-81,836,11,0,0,0,-44,44,3,2,2,2,-34.7,201,1000,17,17,17,1324,19,1368,2,0,0.0,0.0,0,0
1046,20942,1376,512,-6,-40,-24,-56,40,39,1362,1368,5,0,221,4,11,1,0,-34.5,10,52,239,164,-69,837,11,0,0,0,-39,39,2,1,1,1,-34.5,202,1000,17,17,17,1323,18,1362,2,0,0.0,0.0,0,0
1047,20962,1377,513,-7,-39,-28,-56,39,44,1368,1362,5,0,221,4,11,1,11,-35.0,14,42,233,166,-49,838,12,0,0,0,-44,44,5,2,2,2,-35.0,200,998,17,17,17,1324,20,1368,2,0,0.0,0.0,0,0
1048,20982,1379,511,-5,-38,-20,-56,38,38,1362,1368,5,0,221,4,11,1,0,-33.300000000000004,13,60,228,172,-69,839,12,0,0,0,-38,38,3,2,2,2,-33.300000000000004,200,1000,17,17,17,1324,18,1362,2,0,0.0,0.0,0,0
1049,21002,1381,510,-4,-38,0,-56,38,18,1338,1362,5,0,221,4,11,1,-10,-31.0,16,39,242,156,-39,840,1,0,0,0,-18,18,-1,0,0,0,-31.0,199,995,15,15,15,1320,15,1338,2,0,0.0,0.0,0,0
1050,21022,1382,508,-2,-40,0,-56,40,16,1337,1338,5,0,221,4,11,1,0,-31.3,23,33,225,180,-39,841,1,0,0,0,-16,16,0,0,0,0,-31.3,203,1000,16,16,16,1321,15,1337,2,0,0.0,0.0,0,0
1051,21042,1384,505,1,-45,0,-56,45,11,1330,1337,5,0,221,4,11,1,0,-28.0,26,31,228,171,-41,842,1,0,0,0,-11,11,0,0,0,0,-28.0,200,998,14,14,14,1319,14,1330,2,0,0.0,0.0,0,0
1052,21062,1386,503,3,-56,0,-56,56,0,1318,1330,5,0,221,4,11,1,0,-25.6,25,50,229,171,-59,843,1,0,0,0,0,0,0,0,0,0,-25.6,200,1000,13,13,13,1318,13,1318,2,0,0.0,0.0,0,0
1053,21082,1388,501,5,-65,20,-56,65,-30,1287,1318,5,0,221,4,11,1,0,-24.900000000000002,25,44,231,167,-57,844,1,0,0,0,30,-30,0,0,0,0,-24.900000000000002,199,995,12,12,12,1317,12,1287,2,0,0.0,0.0,0,0
1054,21102,1389,500,6,-73,24,-56,73,-41,1276,1287,5,0,221,4,11,1,0,-24.900000000000002,25,44,231,167,-57,844,21,0,0,0,41,-41,0,0,0,0,-24.900000000000002,199,995,12,12,12,1317,12,1276,2,0,0.0,0.0,0,0
1055,21122,1391,499,7,-75,28,-56,75,-48,1268,1276,5,0,221,4,11,1,-13,-26.900000000000002,26,23,231,169,-17,845,10,0,0,0,48,-48,-4,-2,-2,-2,-26.900000000000002,200,1000,13,13,13,1316,12,1268,2,0,0.0,0.0,0,0
1056,21142,1393,498,8,-74,32,-55,74,-50,1266,1268,5,0,221,4,11,1,-14,-27.200000000000003,22,62,218,183,-57,846,10,0,0,0,50,-50,-7,-3,-3,-3,-27.200000000000003,201,1000,14,14,14,1316,10,1266,2,0,0.0,0.0,0,0
1057,21162,1394,498,8,-71,32,-55,71,-48,1265,1266,5,0,221,4,11,1,-12,-25.200000000000003,17,43,234,162,-55,847,10,0,0,0,48,-48,-8,-4,-4,-4,-25.200000000000003,198,990,12,12,12,1313,9,1265,2,0,0.0,0.0,0,0
1058,21182,1396,496,10,-68,40,-55,68,-53,1260,1265,5,0,221,4,11,1,-14,-25.900000000000002,15,44,221,174,-53,848,10,0,0,0,53,-53,-10,-5,-5,-5,-25.900000000000002,198,988,13,13,13,1313,8,1260,2,0,0.0,0.0,0,0
1059,21202,1398,494,12,-66,48,-55,66,-59,1253,1260,5,0,221,4,11,1,-11,-24.3,18,60,231,171,-77,849,10,0,0,0,59,-59,-10,-5,-5,-5,-24.3,201,1000,12,12,12,1312,7,1253,2,0,0.0,0.0,0,0
1060,21222,1400,492,14,-66,56,-54,66,-68,1244,1253,5,0,221,4,11,1,-11,-24.3,18,60,231,171,-77,849,30,0,0,0,68,-68,-11,-5,-5,-5,-24.3,201,1000,12,12,12,1312,7,1244,2,0,0.0,0.0,0,0
1061,21242,1402,489,17,-71,68,-54,71,-85,1230,1244,5,0,221,4,11,1,0,-26.6,17,27,236,159,-18,850,20,0,0,0,85,-85,-7,-3,-3,-3,-26.6,198,988,13,13,13,1315,10,1230,2,0,0.0,0.0,0,0
1062,21262,1403,488,18,-76,72,-54,76,-94,1218,1230,5,0,221,4,11,1,-17,-24.400000000000002,18,42,238,164,-45,852,1,0,0,0,94,-94,-10,-5,-5,-5,-24.400000000000002,201,1000,12,12,12,1312,8,1218,2,0,0.0,0.0,0,0
1063,21282,1405,486,20,-81,80,-53,81,-108,1206,1218,5,0,221,4,11,1,-14,-27.3,21,25,226,183,-33,853,1,0,0,0,108,-108,-11,-5,-5,-5,-27.3,205,1000,14,14,14,1314,9,1206,2,0,0.0,0.0,0,0
1064,21302,1407,483,23,-86,92,-52,86,-126,1186,1206,5,0,221,4,11,1,-8,-24.900000000000002,18,61,229,174,-73,854,1,0,0,0,126,-126,-10,-5,-5,-5,-24.900000000000002,202,1000,12,12,12,1312,8,1186,2,0,0.0,0.0,0,0
1065,21322,1409,481,25,-90,100,-52,90,-139,1174,1186,5,0,221,4,11,1,-8,-24.900000000000002,18,61,229,174,-73,854,21,0,0,0,139,-139,-10,-4,-4,-4,-24.900000000000002,202,1000,12,12,12,1313,8,1174,2,0,0.0,0.0,0,0
1066,21342,1410,479,27,-94,108,-51,94,-151,1163,1174,5,0,221,4,11,1,-11,-27.8,18,26,236,160,-19,855,11,0,0,0,151,-151,-10,-5,-5,-5,-27.8,198,990,14,14,14,1314,9,1163,2,0,0.0,0.0,0,0
1067,21362,1412,478,28,-96,112,-51,96,-158,1158,1163,5,0,221,4,11,1,0,-27.6,21,56,217,187,-59,856,11,0,0,0,158,-158,-7,-3,-3,-3,-27.6,202,1000,14,14,14,1316,11,1158,2,0,0.0,0.0,0,0
1068,21382,1414,476,30,-96,120,-50,96,-167,1148,1158,5,0,221,4,11,1,0,-24.8,24,39,237,162,-41,857,11,0,0,0,167,-167,-5,-2,-2,-2,-24.8,200,998,12,12,12,1315,10,1148,2,0,0.0,0.0,0,0
1069,21402,1416,476,30,-91,120,-49,91,-162,1155,1148,5,0,221,4,11,1,0,-27.5,21,47,225,175,-61,858,11,0,0,0,162,-162,-3,-2,-2,-2,-27.5,200,1000,14,14,14,1317,12,1155,2,0,0.0,0.0,0,0
1070,21422,1417,474,32,-88,128,-48,88,-167,1150,1155,5,0,221,4,11,1,0,-26.5,17,61,235,164,-79,859,11,0,0,0,167,-167,-2,-1,-1,-1,-26.5,200,998,13,13,13,1317,12,1150,2,0,0.0,0.0,0,0
1071,21442,1419,472,34,-83,136,-48,83,-171,1151,1150,5,0,221,4,11,1,17,-29.8,18,60,237,163,-77,860,2,0,0,0,171,-171,3,2,2,2,-29.8,200,1000,15,15,15,1322,16,1151,2,0,0.0,0.0,0,0
1072,21462,1421,471,35,-80,140,-47,80,-174,1147,1151,5,0,221,4,11,1,0,-30.400000000000002,18,57,231,164,-75,861,2,0,0,0,174,-174,2,1,1,1,-30.400000000000002,198,988,15,15,15,1321,16,1147,2,0,0.0,0.0,0,0
1073,21482,1423,470,36,-77,144,-46,77,-176,1146,1147,5,0,221,4,11,1,0,-31.200000000000003,16,53,236,163,-65,862,1,0,0,0,176,-176,2,1,1,1,-31.200000000000003,200,998,16,16,16,1322,16,1146,2,0,0.0,0.0,0,0
1074,21502,1424,469,37,-74,148,-45,74,-177,1143,1146,5,0,221,4,11,1,-13,-31.6,18,58,231,169,-79,863,1,0,0,0,177,-177,-3,-1,-1,-1,-31.6,200,1000,16,16,16,1320,15,1143,2,0,0.0,0.0,0,0
1075,21522,1426,467,39,-72,156,-44,72,-184,1136,1143,5,0,221,4,11,1,0,-31.700000000000003,23,62,237,162,-81,864,1,0,0,0,184,-184,-2,-1,-1,-1,-31.700000000000003,200,998,16,16,16,1320,15,1136,2,0,0.0,0.0,0,0
1076,21542,1428,466,40,-69,160,-43,69,-186,1134,1136,5,0,221,4,11,1,0,-31.700000000000003,23,62,237,162,-81,864,21,0,0,0,186,-186,-1,-1,-1,-1,-31.700000000000003,200,998,16,16,16,1320,15,1134,2,0,0.0,0.0,0,0
1077,21562,1430,466,40,-66,160,-42,66,-184,1138,1134,5,0,221,4,11,1,12,-32.4,24,54,236,164,-65,865,11,0,0,0,184,-184,3,1,1,1,-32.4,200,1000,16,16,16,1322,17,1138,2,0,0.0,0.0,0,0
1078,21582,1431,466,40,-62,160,-41,62,-181,1141,1138,5,0,221,4,11,1,0,-32.6,21,52,229,168,-67,866,11,0,0,0,181,-181,2,1,1,1,-32.6,199,993,16,16,16,1322,17,1141,2,0,0.0,0.0,0,0
1079,21602,1433,466,40,-57,160,-40,57,-177,1145,1141,5,0,221,4,11,1,0,-32.800000000000004,18,61,237,164,-79,867,10,0,0,0,177,-177,1,1,1,1,-32.800000000000004,201,1000,16,16,16,1322,17,1145,2,0,0.0,0.0,0,0
1080,21622,1435,465,41,-48,164,-39,48,-173,1148,1145,5,0,221,4,11,1,-13,-33.2,20,40,230,168,-51,868,10,0,0,0,173,-173,-3,-1,-1,-1,-33.2,199,995,17,17,17,1321,15,1148,2,0,0.0,0.0,0,0
1081,21642,1436,465,41,-42,164,-38,42,-167,1153,1148,5,0,221,4,11,1,0,-32.300000000000004,20,49,231,174,-63,869,10,0,0,0,167,-167,-2,-1,-1,-1,-32.300000000000004,203,1000,16,16,16,1320,15,1153,2,0,0.0,0.0,0,0
1082,21662,1438,464,42,-37,168,-37,37,-167,1153,1153,5,0,221,4,11,1,0,-32.300000000000004,20,49,231,174,-63,869,30,0,0,0,167,-167,-1,-1,-1,-1,-32.300000000000004,203,1000,16,16,16,1320,15,1153,0,0,0.0,0.0,0,0
1083,21682,1440,464,42,-34,168,-36,34,-166,1155,1153,5,0,221,4,11,1,0,-31.200000000000003,17,61,235,166,-63,871,1,0,0,0,166,-166,-1,0,0,0,-31.200000000000003,201,1000,16,16,16,1321,15,1155,2,0,0.0,0.0,0,0
1084,21702,1442,464,42,-31,168,-35,31,-164,1154,1155,5,0,221,4,11,1,-12,-29.900000000000002,17,37,222,171,-49,872,1,0,0,0,164,-164,-4,-2,-2,-2,-29.900000000000002,197,983,15,15,15,1318,13,1154,2,0,0.0,0.0,0,0
1085,21722,1443,464,42,-28,168,-34,28,-162,1155,1154,5,0,221,4,11,1,-12,-29.900000000000002,17,37,222,171,-49,872,21,0,0,0,162,-162,-7,-3,-3,-3,-29.900000000000002,197,983,15,15,15,1317,12,1155,2,0,0.0,0.0,0,0
1086,21742,1445,465,41,-23,164,-33,23,-153,1163,1155,5,0,221,4,11,1,0,-26.6,14,38,224,174,-49,874,1,0,0,0,153,-153,-5,-2,-2,-2,-26.6,199,995,13,13,13,1316,11,1163,2,0,0.0,0.0,0,0
1087,21762,1447,466,40,-14,160,-32,14,-142,1175,1163,5,0,221,4,11,1,0,-26.6,14,38,224,174,-49,874,21,0,0,0,142,-142,-3,-1,-1,-1,-26.6,199,995,13,13,13,1317,12,1175,2,0,0.0,0.0,0,0
1088,21782,1449,464,42,-10,168,-31,10,-147,1169,1175,5,0,221,4,11,1,0,-24.400000000000002,12,38,226,173,-49,875,11,0,0,0,147,-147,-2,-1,-1,-1,-24.400000000000002,200,998,12,12,12,1316,11,1169,2,0,0.0,0.0,0,0
1089,21802,1450,464,42,-7,168,-30,7,-144,1173,1169,5,0,221,4,11,1,0,-25.200000000000003,11,48,231,169,-55,876,11,0,0,0,144,-144,-2,-1,-1,-1,-25.200000000000003,200,1000,13,13,13,1317,12,1173,2,0,0.0,0.0,0,0
1090,21822,1452,466,40,-4,160,-29,4,-135,1182,1173,5,0,221,4,11,1,0,-25.0,12,61,229,171,-83,877,11,0,0,0,135,-135,-1,-1,-1,-1,-25.0,200,1000,13,13,13,1317,12,1182,2,0,0.0,0.0,0,0
1091,21842,1454,465,41,-3,164,-28,3,-139,1180,1182,5,0,221,4,11,1,10,-25.900000000000002,8,43,234,169,-55,878,10,0,0,0,139,-139,2,1,1,1,-25.900000000000002,202,1000,13,13,13,1319,14,1180,2,0,0.0,0.0,0,0
1092,21862,1456,465,41,-3,164,-27,3,-139,1181,1180,5,0,221,4,11,1,0,-27.5,12,41,232,170,-43,879,10,0,0,0,139,-139,2,1,1,1,-27.5,201,1000,14,14,14,1320,14,1181,2,0,0.0,0.0,0,0
1093,21882,1457,465,41,-2,164,-26,2,-140,1179,1181,5,0,221,4,11,1,0,-27.5,12,41,232,170,-43,879,30,0,0,0,140,-140,1,0,0,0,-27.5,201,1000,14,14,14,1319,14,1179,2,0,0.0,0.0,0,0
1094,21902,1459,467,39,2,156,-25,-2,-129,1191,1179,5,0,221,4,11,1,12,-26.400000000000002,16,40,233,170,-52,881,1,0,0,0,129,-129,4,2,2,2,-26.400000000000002,202,1000,13,13,13,1320,15,1191,2,0,0.0,0.0,0,0
1095,21922,1461,468,38,6,152,-24,-6,-122,1199,1191,5,0,221,4,11,1,9,-26.700000000000003,15,43,223,170,-61,882,1,0,0,0,122,-122,6,3,3,3,-26.700000000000003,197,983,13,13,13,1321,16,1199,2,0,0.0,0.0,0,0
1096,21942,1462,469,37,11,148,-24,-11,-113,1206,1199,5,0,221,4,11,1,0,-24.8,16,53,236,166,-69,883,0,0,0,0,113,-113,4,2,2,2,-24.8,201,1000,12,12,12,1319,14,1206,2,0,0.0,0.0,0,0
1097,21962,1464,470,36,19,144,-23,-19,-102,1217,1206,5,0,221,4,11,1,0,-26.900000000000002,12,48,233,161,-57,884,1,0,0,0,102,-102,3,1,1,1,-26.900000000000002,197,985,13,13,13,1319,15,1217,2,0,0.0,0.0,0,0
1098,21982,1466,472,34,28,136,-22,-28,-86,1233,1217,5,0,221,4,11,1,0,-26.900000000000002,12,48,233,161,-57,884,21,0,0,0,86,-86,2,1,1,1,-26.900000000000002,197,985,13,13,13,1319,14,1233,2,0,0.0,0.0,0,0
1099,22002,1468,472,34,33,136,-21,-33,-82,1235,1233,5,0,221,4,11,1,-15,-26.6,14,55,229,172,-75,885,11,0,0,0,82,-82,-3,-1,-1,-1,-26.6,201,1000,13,13,13,1317,12,1235,2,0,0.0,0.0,0,0
1100,22022,1470,472,34,35,136,-20,-35,-81,1237,1235,5,0,221,4,11,1,0,-27.6,14,62,241,159,-81,886,11,0,0,0,81,-81,-2,-1,-1,-1,-27.6,200,1000,14,14,14,1318,13,1237,2,0,0.0,0.0,0,0
1101,22042,1471,472,34,33,136,-20,-33,-83,1235,1237,5,0,221,4,11,1,-10,-29.0,15,56,230,175,-45,887,11,0,0,0,83,-83,-5,-2,-2,-2,-29.0,203,1000,15,15,15,1318,12,1235,2,0,0.0,0.0,0,0
1102,22062,1473,473,33,31,132,-19,-31,-82,1233,1235,5,0,221,4,11,1,-19,-27.6,16,26,225,177,-15,888,11,0,0,0,82,-82,-9,-4,-4,-4,-27.6,201,1000,14,14,14,1315,10,1233,2,0,0.0,0.0,0,0
1103,22082,1475,474,32,28,128,-18,-28,-82,1233,1233,5,0,221,4,11,1,0,-26.0,20,59,221,182,-55,889,10,0,0,0,82,-82,-6,-3,-3,-3,-26.0,202,1000,13,13,13,1315,10,1233,0,0,0.0,0.0,0,0
1104,22102,1477,474,32,28,128,-17,-28,-84,1232,1233,5,0,221,4,11,1,0,-26.0,20,59,221,182,-55,889,30,0,0,0,84,-84,-4,-2,-2,-2,-26.0,202,1000,13,13,13,1316,11,1232,2,0,0.0,0.0,0,0
1105,22122,1478,474,32,26,128,-16,-26,-85,1233,1232,5,0,221,4,11,1,11,-26.6,21,43,230,168,-49,891,1,0,0,0,85,-85,0,0,0,0,-26.6,199,995,13,13,13,1318,13,1233,2,0,0.0,0.0,0,0
1106,22142,1480,474,32,25,128,-16,-25,-87,1231,1233,5,0,221,4,11,1,0,-26.6,24,59,227,170,-77,892,1,0,0,0,87,-87,0,0,0,0,-26.6,199,993,13,13,13,1318,13,1231,2,0,0.0,0.0,0,0
1107,22162,1482,474,32,21,128,-15,-21,-92,1226,1231,5,0,221,4,11,1,-8,-28.1,23,60,227,174,-37,893,1,0,0,0,92,-92,-2,-1,-1,-1,-28.1,201,1000,14,14,14,1318,13,1226,2,0,0.0,0.0,0,0
1108,22182,1484,474,32,17,128,-14,-17,-97,1220,1226,5,0,221,4,11,1,-8,-28.1,23,60,227,174,-37,893,21,0,0,0,97,-97,-4,-2,-2,-2,-28.1,201,1000,14,14,14,1317,12,1220,2,0,0.0,0.0,0,0
1109,22202,1485,474,32,14,128,-13,-14,-101,1215,1220,5,0,221,4,11,1,-12,-27.5,19,61,226,176,-77,894,20,0,0,0,101,-101,-6,-3,-3,-3,-27.5,201,1000,14,14,14,1316,11,1215,2,0,0.0,0.0,0,0
1110,22222,1486,475,31,12,124,-13,-12,-99,1216,1215,5,0,221,4,11,1,-23,-30.5,15,62,234,163,-81,895,11,0,0,0,99,-99,-11,-5,-5,-5,-30.5,199,993,15,15,15,1315,10,1216,2,0,0.0,0.0,0,0
1111,22242,1489,476,30,14,120,-12,-14,-95,1221,1216,5,0,221,4,11,1,0,-30.3,18,51,234,167,-67,896,11,0,0,0,95,-95,-8,-4,-4,-4,-30.3,201,1000,15,15,15,1316,12,1221,2,0,0.0,0.0,0,0
1112,22262,1490,477,29,16,116,-11,-16,-89,1228,1221,5,0,221,4,11,1,0,-29.8,15,57,231,169,-75,897,11,0,0,0,89,-89,-6,-3,-3,-3,-29.8,200,1000,15,15,15,1317,12,1228,2,0,0.0,0.0,0,0
1113,22282,1492,478,28,20,112,-11,-20,-81,1238,1228,5,0,221,4,11,1,9,-29.3,16,59,238,162,-75,898,11,0,0,0,81,-81,-1,-1,-1,-1,-29.3,200,1000,15,15,15,1319,14,1238,2,0,0.0,0.0,0,0
1114,22302,1494,480,26,27,104,-10,-27,-67,1253,1238,5,0,221,4,11,1,0,-29.900000000000002,16,61,232,164,-81,899,12,0,0,0,67,-67,-1,0,0,0,-29.900000000000002,198,990,15,15,15,1320,14,1253,2,0,0.0,0.0,0,0
1115,22322,1496,480,26,32,104,-9,-32,-63,1254,1253,5,0,221,4,11,1,-21,-31.3,21,60,234,160,-77,900,1,0,0,0,63,-63,-7,-3,-3,-3,-31.3,197,985,15,15,15,1317,12,1254,2,0,0.0,0.0,0,0
1116,22342,1498,480,26,34,104,-8,-34,-62,1254,1254,5,0,221,4,11,1,-19,-32.800000000000004,17,57,234,163,-71,901,1,0,0,0,62,-62,-11,-5,-5,-5,-32.800000000000004,199,993,16,16,16,1316,12,1254,0,0,0.0,0.0,0,0
1117,22362,1499,481,25,34,100,-8,-34,-58,1257,1254,5,0,221,4,11,1,-17,-33.0,17,54,234,165,-69,902,1,0,0,0,58,-58,-12,-6,-6,-6,-33.0,200,998,16,16,16,1315,11,1257,2,0,0.0,0.0,0,0
1118,22382,1501,482,24,33,96,-7,-33,-55,1262,1257,5,0,221,4,11,1,-8,-33.800000000000004,17,54,235,169,-69,903,1,0,0,0,55,-55,-11,-5,-5,-5,-33.800000000000004,202,1000,17,17,17,1317,12,1262,2,0,0.0,0.0,0,0
1119,22402,1503,482,24,31,96,-7,-31,-58,1260,1262,5,0,221,4,11,1,0,-34.1,19,52,236,164,-67,904,1,0,0,0,58,-58,-8,-4,-4,-4,-34.1,200,1000,17,17,17,1318,14,1260,2,0,0.0,0.0,0,0
1120,22422,1504,481,25,28,100,-6,-28,-65,1255,1260,5,0,221,4,11,1,0,-34.1,19,52,236,164,-67,904,21,0,0,0,65,-65,-5,-2,-2,-2,-34.1,200,1000,17,17,17,1320,15,1255,2,0,0.0,0.0,0,0
1121,22442,1506,480,26,24,104,-6,-24,-74,1248,1255,5,0,221,4,11,1,17,-32.6,19,52,234,166,-67,905,10,0,0,0,74,-74,1,1,1,1,-32.6,200,1000,16,16,16,1322,17,1248,2,0,0.0,0.0,0,0
1122,22462,1508,478,28,13,112,-5,-13,-94,1229,1248,5,0,221,4,11,1,9,-31.700000000000003,21,61,237,164,-79,906,10,0,0,0,94,-94,4,2,2,2,-31.700000000000003,201,1000,16,16,16,1323,17,1229,2,0,0.0,0.0,0,0
1123,22482,1510,478,28,1,112,-4,-1,-107,1214,1229,5,0,221,4,11,1,0,-30.900000000000002,21,38,232,167,-41,907,10,0,0,0,107,-107,3,1,1,1,-30.900000000000002,200,998,15,15,15,1321,17,1214,2,0,0.0,0.0,0,0
1124,22502,1511,478,28,-7,112,-4,7,-116,1206,1214,5,0,221,4,11,1,10,-30.200000000000003,22,45,224,179,-59,908,10,0,0,0,116,-116,5,2,2,2,-30.200000000000003,202,1000,15,15,15,1322,17,1206,2,0,0.0,0.0,0,0
1125,22522,1513,478,28,-12,112,-3,12,-121,1200,1206,5,0,221,4,11,1,0,-28.200000000000003,22,41,237,165,-45,909,11,0,0,0,121,-121,3,2,2,2,-28.200000000000003,201,1000,14,14,14,1321,16,1200,2,0,0.0,0.0,0,0
1126,22542,1515,478,28,-13,112,-2,13,-122,1198,1200,5,0,221,4,11,1,0,-28.200000000000003,22,41,237,165,-45,909,31,0,0,0,122,-122,2,1,1,1,-28.200000000000003,201,1000,14,14,14,1320,15,1198,2,0,0.0,0.0,0,0
1127,22562,1517,476,30,-13,120,-1,13,-132,1188,1198,5,0,221,4,11,1,9,-26.700000000000003,18,44,225,174,-59,910,20,0,0,0,132,-132,4,2,2,2,-26.700000000000003,200,998,13,13,13,1320,15,1188,2,0,0.0,0.0,0,0
1128,22582,1518,477,29,-13,116,-1,13,-128,1192,1188,5,0,221,4,11,1,0,-27.6,18,43,237,163,-45,912,1,0,0,0,128,-128,3,1,1,1,-27.6,200,1000,14,14,14,1320,15,1192,2,0,0.0,0.0,0,0
1129,22602,1520,478,28,-12,112,0,12,-124,1196,1192,5,0,221,4,11,1,0,-27.700000000000003,17,25,224,176,-21,913,1,0,0,0,124,-124,2,1,1,1,-27.700000000000003,200,1000,14,14,14,1320,15,1196,2,0,0.0,0.0,0,0
1130,22622,1522,478,28,-9,112,1,9,-122,1195,1196,5,0,221,4,11,1,-11,-27.200000000000003,15,51,217,177,-61,914,1,0,0,0,122,-122,-2,-1,-1,-1,-27.200000000000003,197,985,13,13,13,1317,13,1195,2,0,0.0,0.0,0,0
1131,22642,1524,478,28,-6,112,1,6,-119,1197,1195,5,0,221,4,11,1,-11,-27.200000000000003,15,51,217,177,-61,914,21,0,0,0,119,-119,-5,-2,-2,-2,-27.200000000000003,197,985,13,13,13,1316,11,1197,2,0,0.0,0.0,0,0
1132,22662,1525,479,27,-2,108,2,2,-111,1205,1197,5,0,221,4,11,1,-8,-28.0,12,52,237,169,-69,915,11,0,0,0,111,-111,-6,-3,-3,-3,-28.0,203,1000,14,14,14,1316,11,1205,2,0,0.0,0.0,0,0
1133,22682,1527,480,26,4,104,2,-4,-103,1214,1205,5,0,221,4,11,1,0,-28.0,15,42,232,164,-49,916,10,0,0,0,103,-103,-4,-2,-2,-2,-28.0,198,990,14,14,14,1317,12,1214,2,0,0.0,0.0,0,0
1134,22702,1529,480,26,8,104,3,-8,-100,1216,1214,5,0,221,4,11,1,-11,-27.8,12,36,220,172,-47,917,10,0,0,0,100,-100,-6,-3,-3,-3,-27.8,196,980,14,14,14,1316,11,1216,2,0,0.0,0.0,0,0
1135,22722,1530,480,26,10,104,4,-10,-97,1217,1216,5,0,221,4,11,1,-13,-25.700000000000003,12,52,231,168,-73,918,10,0,0,0,97,-97,-8,-4,-4,-4,-25.700000000000003,200,998,13,13,13,1314,9,1217,2,0,0.0,0.0,0,0
1136,22742,1532,480,26,12,104,4,-12,-96,1218,1217,5,0,221,4,11,1,-11,-26.0,15,48,232,166,-63,919,10,0,0,0,96,-96,-9,-4,-4,-4,-26.0,199,995,13,13,13,1314,9,1218,2,0,0.0,0.0,0,0
1137,22762,1534,480,26,11,104,5,-11,-97,1217,1218,5,0,221,4,11,1,-11,-26.200000000000003,14,52,230,168,-70,920,1,0,0,0,97,-97,-10,-4,-4,-4,-26.200000000000003,199,995,13,13,13,1314,9,1217,2,0,0.0,0.0,0,0
1138,22782,1536,479,27,8,108,6,-8,-106,1210,1217,5,0,221,4,11,1,0,-27.700000000000003,18,45,236,166,-53,921,0,0,0,0,106,-106,-7,-3,-3,-3,-27.700000000000003,201,1000,14,14,14,1316,11,1210,2,0,0.0,0.0,0,0
1139,22802,1538,475,31,-2,124,7,2,-132,1185,1210,5,0,221,4,11,1,0,-27.700000000000003,18,45,236,166,-53,921,20,0,0,0,132,-132,-5,-2,-2,-2,-27.700000000000003,201,1000,14,14,14,1317,12,1185,2,0,0.0,0.0,0,0
1140,22822,1539,476,30,-11,120,7,11,-138,1180,1185,5,0,221,4,11,1,0,-28.3,15,46,232,169,-59,923,1,0,0,0,138,-138,-3,-1,-1,-1,-28.3,201,1000,14,14,14,1318,13,1180,2,0,0.0,0.0,0,0
1141,22842,1541,473,33,-23,132,8,23,-163,1155,1180,5,0,221,4,11,1,0,-28.400000000000002,13,43,231,171,-55,924,1,0,0,0,163,-163,-2,-1,-1,-1,-28.400000000000002,201,1000,14,14,14,1318,13,1155,2,0,0.0,0.0,0,0
1142,22862,1543,475,31,-30,124,9,30,-163,1155,1155,5,0,221,4,11,1,0,-28.400000000000002,13,43,231,171,-55,924,21,0,0,0,163,-163,-2,-1,-1,-1,-28.400000000000002,201,1000,14,14,14,1318,13,1155,0,0,0.0,0.0,0,0
1143,22882,1545,473,33,-34,132,10,34,-175,1143,1155,5,0,221,4,11,1,0,-27.200000000000003,14,42,227,171,-54,925,11,0,0,0,175,-175,-1,-1,-1,-1,-27.200000000000003,199,995,14,14,14,1318,13,1143,2,0,0.0,0.0,0,0
1144,22902,1546,472,34,-36,136,10,36,-182,1134,1143,5,0,221,4,11,1,-10,-26.5,10,41,231,168,-51,926,11,0,0,0,182,-182,-4,-2,-2,-2,-26.5,200,998,13,13,13,1316,12,1134,2,0,0.0,0.0,0,0
1145,22922,1548,475,31,-32,124,11,32,-167,1150,1134,5,0,221,4,11,1,0,-25.700000000000003,11,51,227,176,-73,927,11,0,0,0,167,-167,-3,-1,-1,-1,-25.700000000000003,202,1000,13,13,13,1317,12,1150,2,0,0.0,0.0,0,0
1146,22942,1550,476,30,-21,120,12,21,-153,1164,1150,5,0,221,4,11,1,0,-25.8,10,52,239,163,-67,928,12,0,0,0,153,-153,-2,-1,-1,-1,-25.8,201,1000,13,13,13,1317,12,1164,2,0,0.0,0.0,0,0
1147,22962,1552,478,28,-9,112,12,9,-133,1184,1164,5,0,221,4,11,1,0,-27.200000000000003,11,45,230,165,-55,929,12,0,0,0,133,-133,-1,-1,-1,-1,-27.200000000000003,198,988,13,13,13,1317,13,1184,2,0,0.0,0.0,0,0
1148,22982,1553,478,28,2,112,13,-2,-123,1194,1184,5,0,221,4,11,1,-8,-26.900000000000002,12,58,229,167,-79,930,1,0,0,0,123,-123,-3,-1,-1,-1,-26.900000000000002,198,990,13,13,13,1317,12,1194,2,0,0.0,0.0,0,0
1149,23002,1555,479,27,14,108,14,-14,-107,1208,1194,5,0,221,4,11,1,-13,-26.8,17,54,239,160,-66,931,1,0,0,0,107,-107,-6,-3,-3,-3,-26.8,200,998,13,13,13,1315,11,1208,2,0,0.0,0.0,0,0
1150,23022,1557,480,26,21,104,14,-21,-97,1217,1208,5,0,221,4,11,1,-13,-26.8,17,54,239,160,-66,931,21,0,0,0,97,-97,-8,-4,-4,-4,-26.8,200,998,13,13,13,1314,10,1217,2,0,0.0,0.0,0,0
1151,23042,1558,480,26,26,104,15,-26,-93,1223,1217,5,0,221,4,11,1,0,-28.400000000000002,17,48,229,167,-59,932,20,0,0,0,93,-93,-6,-3,-3,-3,-28.400000000000002,198,990,14,14,14,1316,11,1223,2,0,0.0,0.0,0,0
1152,23062,1560,480,26,27,104,15,-27,-92,1226,1223,5,0,221,4,11,1,0,-29.900000000000002,20,37,237,161,-35,934,1,0,0,0,92,-92,-4,-2,-2,-2,-29.900000000000002,199,995,15,15,15,1318,13,1226,2,0,0.0,0.0,0,0
1153,23082,1562,479,27,24,108,16,-24,-100,1219,1226,5,0,221,4,11,1,0,-29.900000000000002,20,37,237,161,-35,934,21,0,0,0,100,-100,-3,-1,-1,-1,-29.900000000000002,199,995,15,15,15,1319,14,1219,2,0,0.0,0.0,0,0
1154,23102,1564,477,29,15,116,17,-15,-117,1199,1219,5,0,221,4,11,1,-19,-28.8,21,59,225,179,-69,935,11,0,0,0,117,-117,-8,-3,-3,-3,-28.8,202,1000,14,14,14,1316,11,1199,2,0,0.0,0.0,0,0
1155,23122,1565,476,30,6,120,17,-6,-131,1184,1199,5,0,221,4,11,1,-12,-28.400000000000002,17,58,239,163,-75,936,11,0,0,0,131,-131,-9,-4,-4,-4,-28.400000000000002,201,1000,14,14,14,1315,10,1184,2,0,0.0,0.0,0,0
1156,23142,1567,475,31,-6,124,18,6,-148,1169,1184,5,0,221,4,11,1,0,-30.8,17,61,236,170,-79,937,11,0,0,0,148,-148,-6,-3,-3,-3,-30.8,203,1000,15,15,15,1317,13,1169,2,0,0.0,0.0,0,0
1157,23162,1569,474,32,-17,128,19,17,-164,1154,1169,5,0,221,4,11,1,0,-30.1,18,62,240,165,-81,938,10,0,0,0,164,-164,-4,-2,-2,-2,-30.1,203,1000,15,15,15,1318,13,1154,2,0,0.0,0.0,0,0
1158,23182,1571,474,32,-23,128,20,23,-171,1148,1154,5,0,221,4,11,1,0,-30.5,15,31,234,170,-35,939,10,0,0,0,171,-171,-3,-1,-1,-1,-30.5,202,1000,15,15,15,1319,14,1148,2,0,0.0,0.0,0,0
1159,23202,1572,474,32,-26,128,20,26,-175,1144,1148,5,0,221,4,11,1,0,-30.5,15,31,234,170,-35,939,30,0,0,0,175,-175,-2,-1,-1,-1,-30.5,202,1000,15,15,15,1319,14,1144,2,0,0.0,0.0,0,0
1160,23222,1574,475,31,-24,124,21,24,-169,1150,1144,5,0,221,4,11,1,18,-24.700000000000003,13,44,237,164,-51,941,1,0,0,0,169,-169,4,2,2,2,-24.700000000000003,201,1000,12,12,12,1319,14,1150,2,0,0.0,0.0,0,0
1161,23242,1576,477,29,-15,116,22,15,-153,1169,1150,5,0,221,4,11,1,20,-26.1,13,57,226,174,-69,942,1,0,0,0,153,-153,9,4,4,4,-26.1,200,1000,13,13,13,1322,17,1169,2,0,0.0,0.0,0,0
1162,23262,1578,479,27,-2,108,23,2,-133,1190,1169,5,0,221,4,11,1,20,-26.1,13,57,226,174,-69,942,21,0,0,0,133,-133,12,5,5,5,-26.1,200,1000,13,13,13,1323,18,1190,2,0,0.0,0.0,0,0
1163,23282,1580,481,25,13,100,23,-13,-110,1216,1190,5,0,221,4,11,1,20,-27.3,22,62,240,160,-81,944,1,0,0,0,110,-110,14,7,7,7,-27.3,200,1000,14,14,14,1326,20,1216,2,0,0.0,0.0,0,0
1164,23302,1581,481,25,25,100,24,-25,-98,1228,1216,5,0,221,4,11,1,20,-27.3,22,62,240,160,-81,944,21,0,0,0,98,-98,16,7,7,7,-27.3,200,1000,14,14,14,1326,21,1228,2,0,0.0,0.0,0,0
1165,23322,1583,485,21,38,84,24,-38,-70,1257,1228,5,0,221,4,11,1,14,-29.700000000000003,21,56,235,161,-69,945,11,0,0,0,70,-70,15,7,7,7,-29.700000000000003,198,990,15,15,15,1327,22,1257,2,0,0.0,0.0,0,0
1166,23342,1585,487,19,50,76,25,-50,-51,1277,1257,5,0,221,4,11,1,13,-31.8,22,62,233,167,-85,946,11,0,0,0,51,-51,15,7,7,7,-31.8,200,1000,16,16,16,1328,23,1277,2,0,0.0,0.0,0,0
1167,23362,1586,488,18,60,72,25,-60,-37,1291,1277,5,0,221,4,11,1,14,-32.800000000000004,24,60,238,159,-78,947,11,0,0,0,37,-37,15,7,7,7,-32.800000000000004,199,993,16,16,16,1328,23,1291,2,0,0.0,0.0,0,0
1168,23382,1588,489,17,67,68,26,-67,-27,1300,1291,5,0,221,4,11,1,0,-33.7,18,35,233,166,-35,948,11,0,0,0,27,-27,10,5,5,5,-33.7,200,998,17,17,17,1327,21,1300,2,0,0.0,0.0,0,0
1169,23402,1590,491,15,71,60,26,-71,-15,1310,1300,5,0,221,4,11,1,8,-31.6,13,61,220,177,-75,949,10,0,0,0,15,-15,10,4,4,4,-31.6,199,993,16,16,16,1325,20,1310,2,0,0.0,0.0,0,0
1170,23422,1592,492,14,71,56,26,-71,-12,1313,1310,5,0,221,4,11,1,8,-31.6,13,61,220,177,-75,949,30,0,0,0,12,-12,9,4,4,4,-31.6,199,993,16,16,16,1325,20,1313,2,0,0.0,0.0,0,0
1171,23442,1593,492,14,69,56,27,-69,-14,1312,1313,5,0,221,4,11,1,23,-29.8,12,62,226,176,-73,951,1,0,0,0,14,-14,13,6,6,6,-29.8,201,1000,15,15,15,1326,21,1312,2,0,0.0,0.0,0,0
1172,23462,1595,492,14,64,56,27,-64,-19,1305,1312,5,0,221,4,11,1,8,-27.5,12,51,235,167,-67,952,2,0,0,0,19,-19,12,5,5,5,-27.5,201,1000,14,14,14,1324,19,1305,2,0,0.0,0.0,0,0
1173,23482,1597,492,14,56,56,27,-56,-27,1298,1305,5,0,221,4,11,1,9,-29.200000000000003,13,50,230,171,-69,953,2,0,0,0,27,-27,11,5,5,5,-29.200000000000003,201,1000,15,15,15,1325,19,1298,2,0,0.0,0.0,0,0
1174,23502,1599,494,12,49,48,28,-49,-26,1296,1298,5,0,221,4,11,1,0,-28.5,14,62,238,164,-85,954,1,0,0,0,26,-26,8,3,3,3,-28.5,201,1000,14,14,14,1322,18,1296,2,0,0.0,0.0,0,0
1175,23522,1600,494,12,44,48,28,-44,-32,1289,1296,5,0,221,4,11,1,0,-28.5,14,62,238,164,-85,954,21,0,0,0,32,-32,5,2,2,2,-28.5,201,1000,14,14,14,1321,17,1289,2,0,0.0,0.0,0,0
1176,23542,1602,496,10,43,40,28,-43,-25,1301,1289,5,0,221,4,11,1,26,-31.0,18,27,241,164,-21,955,11,0,0,0,25,-25,12,5,5,5,-31.0,203,1000,16,16,16,1326,21,1301,2,0,0.0,0.0,0,0
1177,23562,1604,499,7,48,28,28,-48,-8,1319,1301,5,0,221,4,11,1,26,-30.700000000000003,18,56,219,186,-61,956,11,0,0,0,8,-8,16,7,7,7,-30.700000000000003,203,1000,15,15,15,1327,22,1319,2,0,0.0,0.0,0,0
1178,23582,1606,501,5,56,20,29,-56,8,1334,1319,5,0,221,4,11,1,15,-27.200000000000003,17,53,237,165,-67,957,11,0,0,0,-8,8,16,7,7,7,-27.200000000000003,201,1000,14,14,14,1326,21,1334,2,0,0.0,0.0,0,0
1179,23602,1607,503,3,64,0,29,-64,35,1361,1334,5,0,221,4,11,1,15,-28.900000000000002,13,59,238,163,-75,958,11,0,0,0,-35,35,15,7,7,7,-28.900000000000002,201,1000,14,14,14,1326,21,1361,2,0,0.0,0.0,0,0
1180,23622,1609,505,1,72,0,29,-72,44,1372,1361,5,0,221,4,11,1,27,-28.6,15,32,233,162,-25,959,10,0,0,0,-44,44,19,9,9,9,-28.6,198,988,14,14,14,1328,23,1372,2,0,0.0,0.0,0,0
1181,23642,1611,507,-1,79,0,29,-79,50,1379,1372,5,0,221,4,11,1,27,-28.6,15,32,233,162,-25,959,30,0,0,0,-50,50,21,10,10,10,-28.6,198,988,14,14,14,1329,24,1379,2,0,0.0,0.0,0,0
1182,23662,1612,508,-2,83,0,29,-83,54,1380,1379,5,0,221,4,11,1,8,-26.1,20,57,239,161,-75,961,1,0,0,0,-54,54,17,8,8,8,-26.1,200,1000,13,13,13,1326,21,1380,2,0,0.0,0.0,0,0
1183,23682,1614,509,-3,84,0,29,-84,56,1384,1380,5,0,221,4,11,1,24,-28.5,21,51,238,165,-59,962,1,0,0,0,-56,56,19,9,9,9,-28.5,202,1000,14,14,14,1328,23,1384,2,0,0.0,0.0,0,0
1184,23702,1616,510,-4,81,0,29,-81,53,1382,1384,5,0,221,4,11,1,22,-29.200000000000003,21,26,221,178,-33,963,1,0,0,0,-53,53,20,9,9,9,-29.200000000000003,200,998,15,15,15,1329,24,1382,2,0,0.0,0.0,0,0
1185,23722,1618,510,-4,75,0,29,-75,46,1370,1382,5,0,221,4,11,1,0,-26.6,23,48,222,173,-57,964,1,0,0,0,-46,46,14,6,6,6,-26.6,198,988,13,13,13,1324,19,1370,2,0,0.0,0.0,0,0
1186,23742,1619,510,-4,68,0,29,-68,40,1362,1370,5,0,221,4,11,1,0,-26.6,23,48,222,173,-57,964,21,0,0,0,-40,40,10,4,4,4,-26.6,198,988,13,13,13,1322,18,1362,2,0,0.0,0.0,0,0
1187,23762,1621,512,-6,62,-24,28,-62,58,1383,1362,5,0,221,4,11,1,19,-28.900000000000002,18,62,230,168,-83,965,10,0,0,0,-58,58,13,6,6,6,-28.900000000000002,199,995,14,14,14,1325,20,1383,2,0,0.0,0.0,0,0
1188,23782,1623,514,-8,58,-32,28,-58,62,1386,1383,5,0,221,4,11,1,9,-27.200000000000003,19,47,234,166,-61,966,10,0,0,0,-62,62,12,5,5,5,-27.200000000000003,200,1000,14,14,14,1324,19,1386,2,0,0.0,0.0,0,0
1189,23802,1625,515,-9,58,-36,28,-58,66,1389,1386,5,0,221,4,11,1,0,-28.6,21,45,230,169,-51,967,10,0,0,0,-66,66,8,4,4,4,-28.6,200,998,14,14,14,1323,18,1389,2,0,0.0,0.0,0,0
1190,23822,1626,514,-8,56,-32,28,-56,60,1383,1389,5,0,221,4,11,1,0,-29.6,22,38,227,171,-45,968,10,0,0,0,-60,60,6,3,3,3,-29.6,199,995,15,15,15,1323,17,1383,2,0,0.0,0.0,0,0
1191,23842,1628,516,-10,55,-40,28,-55,68,1392,1383,5,0,221,4,11,1,24,-28.400000000000002,24,52,229,173,-69,969,10,0,0,0,-68,68,11,5,5,5,-28.400000000000002,201,1000,14,14,14,1324,19,1392,2,0,0.0,0.0,0,0
1192,23862,1630,516,-10,52,-40,27,-52,64,1390,1392,5,0,221,4,11,1,24,-28.400000000000002,24,52,229,173,-69,969,30,0,0,0,-64,64,15,7,7,7,-28.400000000000002,201,1000,14,14,14,1326,21,1390,2,0,0.0,0.0,0,0
1193,23882,1632,516,-10,46,-40,27,-46,59,1384,1390,5,0,221,4,11,1,0,-29.8,25,56,233,164,-75,970,20,0,0,0,-59,59,11,5,5,5,-29.8,199,993,15,15,15,1325,20,1384,2,0,0.0,0.0,0,0
1194,23902,1634,516,-10,40,-40,27,-40,53,1376,1384,5,0,221,4,11,1,0,-29.900000000000002,18,63,230,168,-67,972,1,0,0,0,-53,53,7,3,3,3,-29.900000000000002,199,995,15,15,15,1323,18,1376,2,0,0.0,0.0,0,0
1195,23922,1635,516,-10,35,-40,27,-35,48,1372,1376,5,0,221,4,11,1,11,-30.400000000000002,21,38,241,170,-35,973,1,0,0,0,-48,48,8,4,4,4,-30.400000000000002,206,1000,15,15,15,1324,19,1372,2,0,0.0,0.0,0,0
1196,23942,1637,516,-10,28,-40,26,-28,41,1364,1372,5,0,221,4,11,1,0,-29.6,19,61,225,178,-75,974,1,0,0,0,-41,41,6,3,3,3,-29.6,202,1000,15,15,15,1323,17,1364,2,0,0.0,0.0,0,0
1197,23962,1639,519,-13,27,-52,26,-27,53,1375,1364,5,0,221,4,11,1,0,-29.6,19,61,225,178,-75,974,21,0,0,0,-53,53,4,2,2,2,-29.6,202,1000,15,15,15,1322,17,1375,2,0,0.0,0.0,0,0
1198,23982,1640,518,-12,26,-48,26,-26,48,1369,1375,5,0,221,4,11,1,0,-29.3,15,60,243,161,-77,975,10,0,0,0,-48,48,3,1,1,1,-29.3,202,1000,15,15,15,1321,16,1369,2,0,0.0,0.0,0,0
1199,24002,1642,519,-13,27,-52,25,-27,53,1374,1369,5,0,221,4,11,1,0,-30.3,15,60,227,172,-55,976,10,0,0,0,-53,53,2,1,1,1,-30.3,200,998,15,15,15,1321,16,1374,2,0,0.0,0.0,0,0
1200,24022,1644,519,-13,28,-52,25,-28,55,1375,1374,5,0,221,4,11,1,0,-27.700000000000003,13,29,223,183,-37,977,10,0,0,0,-55,55,1,1,1,1,-27.700000000000003,203,1000,14,14,14,1320,14,1375,2,0,0.0,0.0,0,0
1201,24042,1646,520,-14,29,-56,25,-29,60,1378,1375,5,0,221,4,11,1,0,-25.3,13,56,229,170,-71,978,10,0,0,0,-60,60,1,0,0,0,-25.3,200,998,13,13,13,1318,13,1378,2,0,0.0,0.0,0,0
1202,24062,1647,520,-14,28,-56,24,-28,60,1377,1378,5,0,221,4,11,1,0,-24.400000000000002,11,61,236,161,-83,979,10,0,0,0,-60,60,1,0,0,0,-24.400000000000002,199,993,12,12,12,1317,12,1377,2,0,0.0,0.0,0,0
1203,24082,1649,520,-14,27,-56,24,-27,59,1377,1377,5,0,221,4,11,1,0,-26.5,10,57,235,163,-71,980,1,0,0,0,-59,59,0,0,0,0,-26.5,199,995,13,13,13,1318,13,1377,0,0,0.0,0.0,0,0
1204,24102,1651,520,-14,24,-56,24,-24,56,1374,1377,5,0,221,4,11,1,0,-26.5,10,57,235,163,-71,980,21,0,0,0,-56,56,0,0,0,0,-26.5,199,995,13,13,13,1318,13,1374,2,0,0.0,0.0,0,0
1205,24122,1653,522,-16,23,-64,23,-23,64,1386,1374,5,0,221,4,11,1,23,-28.700000000000003,16,44,237,170,-49,982,1,0,0,0,-64,64,7,3,3,3,-28.700000000000003,204,1000,14,14,14,1322,18,1386,2,0,0.0,0.0,0,0
1206,24142,1654,522,-16,23,-64,23,-23,64,1388,1386,5,0,221,4,11,1,19,-28.900000000000002,13,41,229,168,-43,983,1,0,0,0,-64,64,11,5,5,5,-28.900000000000002,199,993,14,14,14,1324,19,1388,2,0,0.0,0.0,0,0
1207,24162,1656,523,-17,25,-68,23,-25,71,1397,1388,5,0,221,4,11,1,26,-28.1,12,51,226,174,-73,984,1,0,0,0,-71,71,15,7,7,7,-28.1,200,1000,14,14,14,1326,21,1397,2,0,0.0,0.0,0,0
1208,24182,1658,524,-18,29,-72,22,-29,78,1405,1397,5,0,221,4,11,1,26,-28.1,12,51,226,174,-73,984,21,0,0,0,-78,78,19,8,8,8,-28.1,200,1000,14,14,14,1327,22,1405,2,0,0.0,0.0,0,0
1209,24202,1660,523,-17,29,-68,22,-29,75,1401,1405,5,0,221,4,11,1,8,-28.3,17,52,230,165,-69,985,11,0,0,0,-75,75,15,7,7,7,-28.3,198,988,14,14,14,1326,21,1401,2,0,0.0,0.0,0,0
1210,24222,1661,522,-16,27,-64,21,-27,69,1395,1401,5,0,221,4,11,1,15,-27.5,15,57,236,167,-73,986,11,0,0,0,-69,69,15,7,7,7,-27.5,202,1000,14,14,14,1326,21,1395,2,0,0.0,0.0,0,0
1211,24242,1663,523,-17,22,-68,21,-22,69,1395,1395,5,0,221,4,11,1,18,-28.6,13,56,236,164,-73,987,11,0,0,0,-69,69,16,7,7,7,-28.6,200,1000,14,14,14,1326,22,1395,0,0,0.0,0.0,0,0
1212,24262,1665,523,-17,17,-68,20,-17,64,1392,1395,5,0,221,4,11,1,29,-28.200000000000003,14,45,229,172,-59,988,11,0,0,0,-64,64,20,9,9,9,-28.200000000000003,201,1000,14,14,14,1328,23,1392,2,0,0.0,0.0,0,0
1213,24282,1666,524,-18,14,-72,20,-14,66,1396,1392,5,0,221,4,11,1,37,-28.1,14,60,233,172,-79,989,11,0,0,0,-66,66,25,11,11,11,-28.1,203,1000,14,14,14,1330,25,1396,2,0,0.0,0.0,0,0
1214,24302,1668,524,-18,12,-72,20,-12,64,1395,1396,5,0,221,4,11,1,21,-29.8,14,53,236,162,-65,990,1,0,0,0,-64,64,24,11,11,11,-29.8,199,995,15,15,15,1331,26,1395,2,0,0.0,0.0,0,0
1215,24322,1670,524,-18,14,-72,19,-14,66,1397,1395,5,0,221,4,11,1,24,-30.0,12,48,229,170,-63,991,1,0,0,0,-66,66,24,11,11,11,-30.0,200,998,15,15,15,1331,26,1397,2,0,0.0,0.0,0,0
1216,24342,1672,528,-22,19,-88,19,-19,88,1419,1397,5,0,221,4,11,1,24,-30.0,12,48,229,170,-63,991,21,0,0,0,-88,88,24,11,11,11,-30.0,200,998,15,15,15,1331,26,1419,2,0,0.0,0.0,0,0
1217,24362,1673,528,-22,24,-88,18,-24,94,1422,1419,5,0,221,4,11,1,0,-29.6,17,51,232,169,-63,992,20,0,0,0,-94,94,17,8,8,8,-29.6,201,1000,15,15,15,1328,22,1422,2,0,0.0,0.0,0,0
1218,24382,1675,529,-23,30,-92,18,-30,105,1433,1422,5,0,221,4,11,1,20,-30.700000000000003,24,48,235,164,-57,994,1,0,0,0,-105,105,18,8,8,8,-30.700000000000003,200,998,15,15,15,1328,23,1433,2,0,0.0,0.0,0,0
1219,24402,1677,530,-24,37,-96,17,-37,116,1444,1433,5,0,221,4,11,1,20,-30.700000000000003,24,48,235,164,-57,994,21,0,0,0,-116,116,18,8,8,8,-30.700000000000003,200,998,15,15,15,1328,24,1444,2,0,0.0,0.0,0,0
1220,24422,1679,533,-27,44,-108,16,-44,136,1463,1444,5,0,221,4,11,1,9,-31.0,22,60,230,168,-83,995,11,0,0,0,-136,136,16,7,7,7,-31.0,199,995,15,15,15,1327,22,1463,2,0,0.0,0.0,0,0
1221,24442,1681,532,-26,45,-104,16,-45,133,1459,1463,5,0,221,4,11,1,8,-30.400000000000002,25,53,242,158,-65,996,11,0,0,0,-133,133,13,6,6,6,-30.400000000000002,200,1000,15,15,15,1326,21,1459,2,0,0.0,0.0,0,0
1222,24462,1682,533,-27,46,-108,15,-46,139,1464,1459,5,0,221,4,11,1,0,-31.6,23,52,231,169,-65,997,12,0,0,0,-139,139,9,4,4,4,-31.6,200,1000,16,16,16,1325,20,1464,2,0,0.0,0.0,0,0
1223,24482,1684,534,-28,47,-112,14,-47,145,1470,1464,5,0,221,4,11,1,14,-30.6,19,60,230,164,-83,998,12,0,0,0,-145,145,11,5,5,5,-30.6,197,985,15,15,15,1325,20,1470,2,0,0.0,0.0,0,0
1224,24502,1686,534,-28,45,-112,14,-45,143,1469,1470,5,0,221,4,11,1,18,-30.400000000000002,15,56,238,164,-73,999,12,0,0,0,-143,143,13,6,6,6,-30.400000000000002,201,1000,15,15,15,1326,21,1469,2,0,0.0,0.0,0,0
1225,24522,1688,534,-28,39,-112,13,-39,138,1462,1469,5,0,221,4,11,1,0,-29.400000000000002,19,52,236,164,-65,1000,2,0,0,0,-138,138,9,4,4,4,-29.400000000000002,200,1000,15,15,15,1324,19,1462,2,0,0.0,0.0,0,0
1226,24542,1689,534,-28,34,-112,13,-34,134,1457,1462,5,0,221,4,11,1,0,-30.400000000000002,17,50,234,171,-63,1001,2,0,0,0,-134,134,6,3,3,3,-30.400000000000002,203,1000,15,15,15,1323,18,1457,2,0,0.0,0.0,0,0
1227,24562,1691,534,-28,29,-112,12,-29,129,1451,1457,5,0,221,4,11,1,0,-29.700000000000003,16,52,234,167,-67,1002,2,0,0,0,-129,129,4,2,2,2,-29.700000000000003,201,1000,15,15,15,1322,17,1451,2,0,0.0,0.0,0,0
1228,24582,1693,534,-28,23,-112,11,-23,124,1448,1451,5,0,221,4,11,1,19,-30.1,19,47,238,166,-55,1003,2,0,0,0,-124,124,9,4,4,4,-30.1,202,1000,15,15,15,1324,19,1448,2,0,0.0,0.0,0,0
1229,24602,1694,534,-28,18,-112,11,-18,120,1446,1448,5,0,221,4,11,1,17,-31.3,20,38,227,176,-49,1004,1,0,0,0,-120,120,11,5,5,5,-31.3,202,1000,16,16,16,1326,21,1446,2,0,0.0,0.0,0,0
1230,24622,1696,534,-28,15,-112,10,-15,117,1444,1446,5,0,221,4,11,1,17,-31.3,20,38,227,176,-49,1004,21,0,0,0,-117,117,13,6,6,6,-31.3,202,1000,16,16,16,1327,21,1444,2,0,0.0,0.0,0,0
1231,24642,1698,536,-30,15,-120,9,-15,126,1452,1444,5,0,221,4,11,1,17,-29.6,18,61,231,174,-69,1005,11,0,0,0,-126,126,14,6,6,6,-29.6,203,1000,15,15,15,1326,21,1452,2,0,0.0,0.0,0,0
1232,24662,1700,536,-30,16,-120,8,-16,128,1457,1452,5,0,221,4,11,1,32,-29.8,22,42,235,167,-49,1006,11,0,0,0,-128,128,20,9,9,9,-29.8,201,1000,15,15,15,1329,24,1457,2,0,0.0,0.0,0,0
1233,24682,1701,537,-31,19,-124,8,-19,135,1465,1457,5,0,221,4,11,1,27,-30.200000000000003,22,37,226,172,-45,1007,11,0,0,0,-135,135,22,10,10,10,-30.200000000000003,199,995,15,15,15,1330,25,1465,2,0,0.0,0.0,0,0
1234,24702,1703,541,-35,27,-140,7,-27,160,1489,1465,5,0,221,4,11,1,23,-28.400000000000002,23,54,229,170,-73,1008,11,0,0,0,-160,160,22,10,10,10,-28.400000000000002,200,998,14,14,14,1329,24,1489,2,0,0.0,0.0,0,0
1235,24722,1705,544,-38,41,-152,6,-41,187,1515,1489,5,0,221,4,11,1,14,-27.900000000000002,25,45,237,163,-53,1009,10,0,0,0,-187,187,20,9,9,9,-27.900000000000002,200,1000,14,14,14,1328,23,1515,2,0,0.0,0.0,0,0
1236,24742,1706,544,-38,51,-152,5,-51,198,1525,1515,5,0,221,4,11,1,14,-27.900000000000002,25,45,237,163,-53,1009,30,0,0,0,-198,198,18,8,8,8,-27.900000000000002,200,1000,14,14,14,1327,22,1525,2,0,0.0,0.0,0,0
1237,24762,1708,546,-40,61,-160,4,-61,217,1542,1525,5,0,221,4,11,1,11,-26.8,22,54,229,172,-71,1011,1,0,0,0,-217,217,16,7,7,7,-26.8,201,1000,13,13,13,1325,21,1542,2,0,0.0,0.0,0,0
1238,24782,1710,546,-40,66,-160,3,-66,223,1550,1542,5,0,221,4,11,1,19,-27.400000000000002,21,49,237,163,-61,1012,1,0,0,0,-223,223,17,8,8,8,-27.400000000000002,200,1000,14,14,14,1327,21,1550,2,0,0.0,0.0,0,0
1239,24802,1712,546,-40,62,-160,2,-62,221,1547,1550,5,0,221,4,11,1,16,-28.0,16,40,228,173,-52,1013,1,0,0,0,-221,221,17,7,7,7,-28.0,201,1000,14,14,14,1326,21,1547,2,0,0.0,0.0,0,0
1240,24822,1714,546,-40,54,-160,1,-54,213,1539,1547,5,0,221,4,11,1,15,-27.900000000000002,14,51,230,172,-63,1014,1,0,0,0,-213,213,16,7,7,7,-27.900000000000002,201,1000,14,14,14,1326,21,1539,2,0,0.0,0.0,0,0
1241,24842,1715,546,-40,46,-160,0,-46,206,1532,1539,5,0,221,4,11,1,15,-27.900000000000002,14,51,230,172,-63,1014,21,0,0,0,-206,206,16,7,7,7,-27.900000000000002,201,1000,14,14,14,1326,21,1532,2,0,0.0,0.0,0,0
1242,24862,1717,545,-39,35,-156,-1,-35,192,1519,1532,5,0,221,4,11,1,12,-29.3,14,43,233,164,-51,1015,10,0,0,0,-192,192,15,7,7,7,-29.3,199,993,15,15,15,1327,21,1519,2,0,0.0,0.0,0,0
1243,24882,1719,546,-40,28,-160,-2,-28,190,1516,1519,5,0,221,4,11,1,21,-28.5,11,39,227,175,-51,1016,10,0,0,0,-190,190,17,7,7,7,-28.5,201,1000,14,14,14,1326,22,1516,2,0,0.0,0.0,0,0
1244,24902,1721,546,-40,22,-160,-3,-22,185,1511,1516,5,0,221,4,11,1,21,-26.900000000000002,10,57,228,172,-65,1017,10,0,0,0,-185,185,18,8,8,8,-26.900000000000002,200,1000,13,13,13,1326,21,1511,2,0,0.0,0.0,0,0
1245,24922,1722,546,-40,18,-160,-4,-18,181,1508,1511,5,0,221,4,11,1,25,-25.1,11,62,240,164,-83,1018,10,0,0,0,-181,181,20,9,9,9,-25.1,202,1000,13,13,13,1327,22,1508,2,0,0.0,0.0,0,0
1246,24942,1724,547,-41,16,-164,-5,-16,185,1514,1508,5,0,221,4,11,1,33,-26.700000000000003,11,36,239,161,-31,1019,10,0,0,0,-185,185,24,11,11,11,-26.700000000000003,200,1000,13,13,13,1329,24,1514,2,0,0.0,0.0,0,0
1247,24962,1726,548,-42,18,-168,-6,-18,192,1522,1514,5,0,221,4,11,1,33,-26.700000000000003,11,36,239,161,-31,1019,30,0,0,0,-192,192,27,12,12,12,-26.700000000000003,200,1000,13,13,13,1330,25,1522,2,0,0.0,0.0,0,0
1248,24982,1728,547,-41,18,-164,-7,-18,189,1518,1522,5,0,221,4,11,1,23,-26.6,13,48,222,180,-67,1020,20,0,0,0,-189,189,26,11,11,11,-26.6,201,1000,13,13,13,1329,25,1518,2,0,0.0,0.0,0,0
1249,25002,1729,547,-41,17,-164,-8,-17,189,1520,1518,5,0,221,4,11,1,29,-28.0,14,54,231,163,-71,1022,1,0,0,0,-189,189,27,12,12,12,-28.0,197,985,14,14,14,1331,26,1520,2,0,0.0,0.0,0,0
1250,25022,1731,549,-43,18,-172,-9,-18,199,1530,1520,5,0,221,4,11,1,24,-27.8,13,45,235,166,-53,1023,1,0,0,0,-199,199,26,12,12,12,-27.8,201,1000,14,14,14,1331,26,1530,2,0,0.0,0.0,0,0
1251,25042,1733,550,-44,19,-176,-10,-19,205,1535,1530,5,0,221,4,11,1,22,-27.900000000000002,15,42,224,174,-55,1024,1,0,0,0,-205,205,25,11,11,11,-27.900000000000002,199,995,14,14,14,1330,25,1535,2,0,0.0,0.0,0,0
1252,25062,1734,550,-44,21,-176,-11,-21,208,1538,1535,5,0,221,4,11,1,22,-27.900000000000002,15,42,224,174,-55,1024,21,0,0,0,-208,208,24,11,11,11,-27.900000000000002,199,995,14,14,14,1330,25,1538,2,0,0.0,0.0,0,0
1253,25082,1736,550,-44,23,-176,-12,-23,211,1540,1538,5,0,221,4,11,1,26,-25.400000000000002,14,43,229,171,-57,1025,11,0,0,0,-211,211,25,11,11,11,-25.400000000000002,200,1000,13,13,13,1329,24,1540,2,0,0.0,0.0,0,0
1254,25102,1737,550,-44,25,-176,-12,-25,213,1542,1540,5,0,221,4,11,1,23,-25.700000000000003,12,60,229,171,-74,1026,11,0,0,0,-213,213,24,11,11,11,-25.700000000000003,200,1000,13,13,13,1329,24,1542,2,0,0.0,0.0,0,0
1255,25122,1739,550,-44,24,-176,-14,-24,214,1544,1542,5,0,221,4,11,1,33,-25.400000000000002,13,62,237,163,-81,1027,11,0,0,0,-214,214,27,12,12,12,-25.400000000000002,200,1000,13,13,13,1330,25,1544,2,0,0.0,0.0,0,0
1256,25142,1742,550,-44,19,-176,-15,-19,211,1542,1544,5,0,221,4,11,1,26,-27.5,14,42,229,171,-53,1028,11,0,0,0,-211,211,27,12,12,12,-27.5,200,1000,14,14,14,1331,26,1542,2,0,0.0,0.0,0,0
1257,25162,1743,550,-44,16,-176,-16,-16,208,1538,1542,5,0,221,4,11,1,19,-27.200000000000003,10,54,225,173,-75,1029,11,0,0,0,-208,208,24,11,11,11,-27.200000000000003,199,995,14,14,14,1330,24,1538,2,0,0.0,0.0,0,0
1258,25182,1745,550,-44,12,-176,-17,-12,206,1540,1538,5,0,221,4,11,1,49,-29.5,18,49,237,164,-61,1030,1,0,0,0,-206,206,32,14,14,14,-29.5,201,1000,15,15,15,1334,29,1540,2,0,0.0,0.0,0,0
1259,25202,1747,550,-44,10,-176,-19,-10,204,1541,1540,5,0,221,4,11,1,49,-29.5,18,49,237,164,-61,1030,21,0,0,0,-204,204,37,17,17,17,-29.5,201,1000,15,15,15,1337,31,1541,2,0,0.0,0.0,0,0
1260,25222,1748,550,-44,8,-176,-19,-8,203,1539,1541,5,0,221,4,11,1,32,-29.400000000000002,21,56,226,171,-77,1031,20,0,0,0,-203,203,35,16,16,16,-29.400000000000002,199,993,15,15,15,1336,31,1539,2,0,0.0,0.0,0,0
1261,25242,1750,548,-42,4,-168,-20,-4,192,1526,1539,5,0,221,4,11,1,19,-30.3,27,62,232,165,-85,1033,1,0,0,0,-192,192,30,14,14,14,-30.3,199,993,15,15,15,1334,29,1526,2,0,0.0,0.0,0,0
1262,25262,1752,549,-43,0,-172,-21,0,194,1525,1526,5,0,221,4,11,1,14,-30.0,32,55,238,164,-67,1034,1,0,0,0,-194,194,26,11,11,11,-30.0,201,1000,15,15,15,1331,26,1525,2,0,0.0,0.0,0,0
1263,25282,1754,548,-42,-4,-168,-23,4,187,1517,1525,5,0,221,4,11,1,14,-30.0,32,55,238,164,-67,1034,21,0,0,0,-187,187,22,10,10,10,-30.0,201,1000,15,15,15,1330,25,1517,2,0,0.0,0.0,0,0
1264,25302,1755,548,-42,-7,-168,-23,7,184,1516,1517,5,0,221,4,11,1,27,-31.200000000000003,27,54,234,167,-69,1035,11,0,0,0,-184,184,24,11,11,11,-31.200000000000003,201,1000,16,16,16,1332,26,1516,2,0,0.0,0.0,0,0
1265,25322,1757,548,-42,-9,-168,-24,9,183,1515,1516,5,0,221,4,11,1,24,-31.3,24,47,237,166,-53,1036,11,0,0,0,-183,183,24,11,11,11,-31.3,202,1000,16,16,16,1332,26,1515,2,0,0.0,0.0,0,0
1266,25342,1759,546,-40,-11,-160,-25,11,175,1507,1515,5,0,221,4,11,1,34,-31.0,20,60,228,171,-81,1037,10,0,0,0,-175,175,27,12,12,12,-31.0,200,998,15,15,15,1332,28,1507,2,0,0.0,0.0,0,0
1267,25362,1761,546,-40,-15,-160,-27,15,172,1506,1507,5,0,221,4,11,1,40,-29.700000000000003,17,45,236,167,-59,1038,10,0,0,0,-172,172,31,14,14,14,-29.700000000000003,202,1000,15,15,15,1334,29,1506,2,0,0.0,0.0,0,0
1268,25382,1762,546,-40,-17,-160,-27,17,170,1503,1506,5,0,221,4,11,1,28,-30.8,14,44,228,170,-55,1039,10,0,0,0,-170,170,30,13,13,13,-30.8,199,995,15,15,15,1333,29,1503,2,0,0.0,0.0,0,0
1269,25402,1764,546,-40,-18,-160,-28,18,170,1503,1503,5,0,221,4,11,1,28,-30.8,14,44,228,170,-55,1039,30,0,0,0,-170,170,29,13,13,13,-30.8,199,995,15,15,15,1333,29,1503,0,0,0.0,0.0,0,0
1270,25422,1766,546,-40,-18,-160,-29,18,172,1507,1503,5,0,221,4,11,1,50,-28.5,17,46,233,169,-59,1041,1,0,0,0,-172,172,36,16,16,16,-28.5,201,1000,14,14,14,1335,30,1507,2,0,0.0,0.0,0,0
1271,25442,1768,548,-42,-11,-168,-30,11,187,1523,1507,5,0,221,4,11,1,42,-27.5,17,45,229,170,-61,1042,0,0,0,0,-187,187,37,17,17,17,-27.5,200,998,14,14,14,1336,31,1523,2,0,0.0,0.0,0,0
1272,25462,1769,548,-42,-5,-168,-31,5,194,1530,1523,5,0,221,4,11,1,42,-27.5,17,45,229,170,-61,1042,20,0,0,0,-194,194,39,17,17,17,-27.5,200,998,14,14,14,1336,31,1530,2,0,0.0,0.0,0,0
1273,25482,1771,548,-42,1,-168,-32,-1,201,1536,1530,5,0,221,4,11,1,32,-26.400000000000002,17,46,229,169,-59,1044,1,0,0,0,-201,201,37,17,17,17,-26.400000000000002,199,995,13,13,13,1335,30,1536,2,0,0.0,0.0,0,0
1274,25502,1773,548,-42,5,-168,-33,-5,207,1541,1536,5,0,221,4,11,1,32,-26.400000000000002,17,46,229,169,-59,1044,21,0,0,0,-207,207,35,16,16,16,-26.400000000000002,199,995,13,13,13,1334,29,1541,2,0,0.0,0.0,0,0
1275,25522,1775,548,-42,7,-168,-35,-7,209,1542,1541,5,0,221,4,11,1,29,-26.1,12,43,230,170,-55,1045,11,0,0,0,-209,209,33,15,15,15,-26.1,200,1000,13,13,13,1333,28,1542,2,0,0.0,0.0,0,0
1276,25542,1776,548,-42,8,-168,-35,-8,211,1544,1542,5,0,221,4,11,1,30,-26.5,18,23,228,172,-17,1046,11,0,0,0,-211,211,32,15,15,15,-26.5,200,1000,13,13,13,1333,28,1544,2,0,0.0,0.0,0,0
1277,25562,1778,547,-41,5,-164,-36,-5,205,1537,1544,5,0,221,4,11,1,27,-26.3,18,33,217,184,-43,1047,12,0,0,0,-205,205,31,14,14,14,-26.3,201,1000,13,13,13,1332,27,1537,2,0,0.0,0.0,0,0
1278,25582,1780,548,-42,3,-168,-37,-3,208,1538,1537,5,0,221,4,11,1,24,-23.8,22,34,226,175,-45,1048,11,0,0,0,-208,208,29,13,13,13,-23.8,201,1000,12,12,12,1330,25,1538,2,0,0.0,0.0,0,0
1279,25602,1782,546,-40,-1,-160,-38,1,198,1526,1538,5,0,221,4,11,1,12,-24.0,22,38,223,170,-49,1049,11,0,0,0,-198,198,24,11,11,11,-24.0,197,983,12,12,12,1328,22,1526,2,0,0.0,0.0,0,0
1280,25622,1783,546,-40,-4,-160,-39,4,195,1521,1526,5,0,221,4,11,1,9,-24.200000000000003,23,59,222,174,-69,1050,1,0,0,0,-195,195,19,9,9,9,-24.200000000000003,198,990,12,12,12,1326,21,1521,2,0,0.0,0.0,0,0
1281,25642,1785,544,-38,-10,-152,-40,10,182,1507,1521,5,0,221,4,11,1,17,-24.6,18,61,234,169,-77,1051,1,0,0,0,-182,182,19,8,8,8,-24.6,202,1000,12,12,12,1325,21,1507,2,0,0.0,0.0,0,0
1282,25662,1787,544,-38,-16,-152,-41,16,177,1501,1507,5,0,221,4,11,1,0,-25.3,19,61,238,163,-79,1052,1,0,0,0,-177,177,13,6,6,6,-25.3,201,1000,13,13,13,1324,19,1501,2,0,0.0,0.0,0,0
1283,25682,1789,543,-37,-22,-148,-42,22,168,1491,1501,5,0,221,4,11,1,0,-27.400000000000002,15,62,232,166,-85,1053,1,0,0,0,-168,168,9,4,4,4,-27.400000000000002,199,995,14,14,14,1323,18,1491,2,0,0.0,0.0,0,0
1284,25702,1790,542,-36,-27,-144,-43,27,160,1482,1491,5,0,221,4,11,1,0,-27.400000000000002,15,62,232,166,-85,1053,21,0,0,0,-160,160,6,3,3,3,-27.400000000000002,199,995,14,14,14,1322,17,1482,2,0,0.0,0.0,0,0
1285,25722,1792,544,-38,-26,-152,-44,26,169,1490,1482,5,0,221,4,11,1,0,-28.8,19,61,242,164,-79,1054,20,0,0,0,-169,169,4,2,2,2,-28.8,203,1000,14,14,14,1321,16,1490,2,0,0.0,0.0,0,0
1286,25742,1794,542,-36,-24,-144,-45,24,165,1486,1490,5,0,221,4,11,1,0,-29.900000000000002,19,62,236,164,-81,1055,11,0,0,0,-165,165,3,1,1,1,-29.900000000000002,200,1000,15,15,15,1321,16,1486,2,0,0.0,0.0,0,0
1287,25762,1796,542,-36,-22,-144,-46,22,167,1493,1486,5,0,221,4,11,1,37,-30.0,24,55,237,163,-67,1056,11,0,0,0,-167,167,13,6,6,6,-30.0,200,1000,15,15,15,1326,21,1493,2,0,0.0,0.0,0,0
1288,25782,1797,541,-35,-22,-140,-46,22,164,1491,1493,5,0,221,4,11,1,24,-29.700000000000003,27,54,229,165,-69,1057,11,0,0,0,-164,164,17,7,7,7,-29.700000000000003,197,985,15,15,15,1327,22,1491,2,0,0.0,0.0,0,0
1289,25802,1799,540,-34,-23,-136,-47,23,160,1486,1491,5,0,221,4,11,1,9,-29.200000000000003,28,62,238,164,-81,1058,12,0,0,0,-160,160,14,6,6,6,-29.200000000000003,201,1000,15,15,15,1326,21,1486,2,0,0.0,0.0,0,0
1290,25822,1800,540,-34,-26,-136,-48,26,158,1482,1486,5,0,221,4,11,1,0,-29.5,24,58,236,163,-75,1059,11,0,0,0,-158,158,10,4,4,4,-29.5,200,998,15,15,15,1324,19,1482,2,0,0.0,0.0,0,0
1291,25842,1802,538,-32,-29,-128,-49,29,147,1470,1482,5,0,221,4,11,1,0,-30.1,25,60,236,166,-79,1060,1,0,0,0,-147,147,7,3,3,3,-30.1,201,1000,15,15,15,1323,18,1470,2,0,0.0,0.0,0,0
1292,25862,1804,537,-31,-32,-124,-49,32,141,1465,1470,5,0,221,4,11,1,13,-30.5,19,63,237,159,-81,1061,1,0,0,0,-141,141,9,4,4,4,-30.5,198,990,15,15,15,1324,19,1465,2,0,0.0,0.0,0,0
1293,25882,1806,535,-29,-37,-116,-50,37,129,1455,1465,5,0,221,4,11,1,15,-31.3,19,60,236,161,-77,1062,1,0,0,0,-129,129,11,5,5,5,-31.3,199,993,16,16,16,1326,20,1455,2,0,0.0,0.0,0,0
1294,25902,1808,534,-28,-43,-112,-51,43,120,1446,1455,5,0,221,4,11,1,9,-31.8,16,60,234,162,-78,1063,1,0,0,0,-120,120,10,5,5,5,-31.8,198,990,16,16,16,1326,20,1446,2,0,0.0,0.0,0,0
1295,25922,1810,533,-27,-47,-108,-52,47,112,1436,1446,5,0,221,4,11,1,0,-31.5,14,60,236,163,-78,1064,1,0,0,0,-112,112,7,3,3,3,-31.5,200,998,16,16,16,1324,19,1436,2,0,0.0,0.0,0,0
1296,25942,1811,531,-25,-52,-100,-52,52,100,1423,1436,5,0,221,4,11,1,0,-31.5,14,60,236,163,-78,1064,21,0,0,0,-100,100,5,2,2,2,-31.5,200,998,16,16,16,1323,18,1423,2,0,0.0,0.0,0,0
1297,25962,1813,529,-23,-56,-92,-53,56,88,1411,1423,5,0,221,4,11,1,0,-31.5,19,60,236,162,-78,1065,11,0,0,0,-88,88,3,2,2,2,-31.5,199,995,16,16,16,1323,17,1411,2,0,0.0,0.0,0,0
1298,25982,1815,528,-22,-60,-88,-53,60,82,1404,1411,5,0,221,4,11,1,0,-31.700000000000003,16,55,234,165,-71,1066,11,0,0,0,-82,82,2,1,1,1,-31.700000000000003,200,998,16,16,16,1322,17,1404,2,0,0.0,0.0,0,0
1299,26002,1816,528,-22,-61,-88,-53,61,80,1404,1404,5,0,221,4,11,1,20,-31.8,15,57,236,165,-73,1067,11,0,0,0,-80,80,8,3,3,3,-31.8,201,1000,16,16,16,1324,19,1404,0,0,0.0,0.0,0,0
1300,26022,1818,525,-19,-64,-76,-54,64,66,1391,1404,5,0,221,4,11,1,15,-31.6,15,57,237,162,-75,1068,11,0,0,0,-66,66,10,4,4,4,-31.6,200,998,16,16,16,1325,20,1391,2,0,0.0,0.0,0,0
1301,26042,1820,523,-17,-66,-68,-54,66,56,1382,1391,5,0,221,4,11,1,16,-31.3,14,48,231,169,-65,1069,11,0,0,0,-56,56,12,5,5,5,-31.3,200,1000,16,16,16,1326,21,1382,2,0,0.0,0.0,0,0
1302,26062,1822,522,-16,-68,-64,-55,68,51,1378,1382,5,0,221,4,11,1,16,-31.3,14,48,231,169,-65,1069,31,0,0,0,-51,51,13,6,6,6,-31.3,200,1000,16,16,16,1327,22,1378,2,0,0.0,0.0,0,0
1303,26082,1824,521,-15,-69,-60,-55,69,46,1370,1378,5,0,221,4,11,1,0,-29.3,11,61,238,163,-83,1071,1,0,0,0,-46,46,9,4,4,4,-29.3,201,1000,15,15,15,1324,19,1370,2,0,0.0,0.0,0,0
1304,26102,1825,520,-14,-70,-56,-55,70,42,1365,1370,5,0,221,4,11,1,0,-30.0,11,62,238,160,-81,1072,1,0,0,0,-42,42,6,3,3,3,-30.0,199,995,15,15,15,1323,18,1365,2,0,0.0,0.0,0,0
1305,26122,1827,520,-14,-66,-56,-56,66,46,1368,1365,5,0,221,4,11,1,0,-30.400000000000002,14,61,238,162,-79,1073,1,0,0,0,-46,46,4,2,2,2,-30.400000000000002,200,1000,15,15,15,1322,17,1368,2,0,0.0,0.0,0,0
1306,26142,1829,520,-14,-59,-56,-56,59,53,1376,1368,5,0,221,4,11,1,9,-30.6,17,61,235,162,-79,1074,1,0,0,0,-53,53,6,3,3,3,-30.6,199,993,15,15,15,1323,18,1376,2,0,0.0,0.0,0,0
1307,26162,1830,519,-13,-53,-52,-56,53,55,1378,1376,5,0,221,4,11,1,9,-30.6,17,61,235,162,-79,1074,21,0,0,0,-55,55,7,3,3,3,-30.6,199,993,15,15,15,1323,18,1378,2,0,0.0,0.0,0,0
1308,26182,1832,520,-14,-46,-56,-57,46,67,1391,1378,5,0,221,4,11,1,10,-31.6,16,59,236,161,-75,1075,10,0,0,0,-67,67,8,3,3,3,-31.6,199,993,16,16,16,1324,19,1391,2,0,0.0,0.0,0,0
1309,26202,1834,518,-12,-40,-48,-57,40,65,1390,1391,5,0,221,4,11,1,12,-32.7,16,54,235,165,-67,1076,10,0,0,0,-65,65,9,4,4,4,-32.7,200,1000,16,16,16,1325,20,1390,2,0,0.0,0.0,0,0
1310,26222,1836,517,-11,-38,-44,-57,38,64,1389,1390,5,0,221,4,11,1,10,-32.5,12,57,234,164,-75,1077,10,0,0,0,-64,64,9,4,4,4,-32.5,199,995,16,16,16,1325,20,1389,2,0,0.0,0.0,0,0
1311,26242,1837,516,-10,-37,-40,-58,37,61,1385,1389,5,0,221,4,11,1,0,-32.4,11,61,237,161,-83,1078,11,0,0,0,-61,61,7,3,3,3,-32.4,199,995,16,16,16,1324,19,1385,2,0,0.0,0.0,0,0
1312,26262,1839,516,-10,-37,-40,-58,37,61,1384,1385,5,0,221,4,11,1,0,-32.7,9,60,240,162,-77,1079,11,0,0,0,-61,61,5,2,2,2,-32.7,201,1000,16,16,16,1323,18,1384,2,0,0.0,0.0,0,0
1313,26282,1841,515,-9,-39,-36,-58,39,55,1379,1384,5,0,221,4,11,1,8,-32.300000000000004,11,60,237,162,-78,1080,1,0,0,0,-55,55,6,3,3,3,-32.300000000000004,200,998,16,16,16,1324,19,1379,2,0,0.0,0.0,0,0
1314,26302,1842,514,-8,-40,-32,-58,40,50,1374,1379,5,0,221,4,11,1,8,-32.300000000000004,11,60,237,162,-78,1080,21,0,0,0,-50,50,6,3,3,3,-32.300000000000004,200,998,16,16,16,1324,19,1374,2,0,0.0,0.0,0,0
1315,26322,1844,514,-8,-40,-32,-58,40,51,1376,1374,5,0,221,4,11,1,13,-31.900000000000002,14,52,236,161,-64,1082,1,0,0,0,-51,51,8,4,4,4,-31.900000000000002,199,993,16,16,16,1325,20,1376,2,0,0.0,0.0,0,0
1316,26342,1846,513,-7,-38,-28,-59,38,49,1374,1376,5,0,221,4,11,1,9,-31.6,13,46,230,172,-61,1083,1,0,0,0,-49,49,9,4,4,4,-31.6,201,1000,16,16,16,1325,20,1374,2,0,0.0,0.0,0,0
1317,26362,1848,511,-5,-39,-20,-59,39,40,1366,1374,5,0,221,4,11,1,21,-30.400000000000002,15,40,233,170,-49,1084,1,0,0,0,-40,40,12,6,6,6,-30.400000000000002,202,1000,15,15,15,1326,21,1366,2,0,0.0,0.0,0,0
1318,26382,1850,509,-3,-42,0,-59,42,17,1344,1366,5,0,221,4,11,1,21,-30.400000000000002,15,40,233,170,-49,1084,21,0,0,0,-17,17,15,7,7,7,-30.400000000000002,202,1000,15,15,15,1327,22,1344,2,0,0.0,0.0,0,0
1319,26402,1851,509,-3,-45,0,-59,45,14,1342,1344,5,0,221,4,11,1,23,-29.5,12,27,228,173,-27,1085,11,0,0,0,-14,14,17,8,8,8,-29.5,201,1000,15,15,15,1328,23,1342,2,0,0.0,0.0,0,0
1320,26422,1853,508,-2,-48,0,-59,48,11,1338,1342,5,0,221,4,11,1,18,-28.3,10,24,219,181,-31,1086,10,0,0,0,-11,11,18,8,8,8,-28.3,200,1000,14,14,14,1327,22,1338,2,0,0.0,0.0,0,0
1321,26442,1855,508,-2,-48,0,-59,48,11,1336,1338,5,0,221,4,11,1,8,-26.900000000000002,10,22,222,174,-28,1087,10,0,0,0,-11,11,15,7,7,7,-26.900000000000002,198,990,13,13,13,1325,20,1336,2,0,0.0,0.0,0,0
1322,26462,1856,508,-2,-47,0,-59,47,12,1336,1336,5,0,221,4,11,1,21,-24.400000000000002,12,22,226,179,-29,1088,10,0,0,0,-12,12,17,7,7,7,-24.400000000000002,203,1000,12,12,12,1324,20,1336,0,0,0.0,0.0,0,0
1323,26482,1858,508,-2,-42,0,-59,42,17,1340,1336,5,0,221,4,11,1,15,-22.5,14,22,221,179,-29,1089,10,0,0,0,-17,17,16,7,7,7,-22.5,200,1000,11,11,11,1323,18,1340,2,0,0.0,0.0,0,0
1324,26502,1860,508,-2,-35,0,-59,35,24,1344,1340,5,0,221,4,11,1,0,-20.400000000000002,16,22,218,182,-29,1090,1,0,0,0,-24,24,11,5,5,5,-20.400000000000002,200,1000,10,10,10,1320,15,1344,2,0,0.0,0.0,0,0
1325,26522,1862,508,-2,-28,0,-59,28,31,1351,1344,5,0,221,4,11,1,14,-19.5,18,20,220,176,-26,1091,1,0,0,0,-31,31,12,5,5,5,-19.5,198,990,10,10,10,1320,15,1351,2,0,0.0,0.0,0,0
1326,26542,1863,508,-2,-22,0,-59,22,36,1357,1351,5,0,221,4,11,1,14,-19.5,18,20,220,176,-26,1091,21,0,0,0,-36,36,13,6,6,6,-19.5,198,990,10,10,10,1321,15,1357,2,0,0.0,0.0,0,0
1327,26562,1865,507,-1,-19,0,-59,19,40,1361,1357,5,0,221,4,11,1,21,-18.1,13,20,217,180,-26,1093,1,0,0,0,-40,40,15,7,7,7,-18.1,199,993,9,9,9,1321,16,1361,2,0,0.0,0.0,0,0
1328,26582,1867,506,0,-19,0,-59,19,40,1363,1361,5,0,221,4,11,1,29,-18.1,10,20,217,181,-26,1094,1,0,0,0,-40,40,19,9,9,9,-18.1,199,995,9,9,9,1323,18,1363,2,0,0.0,0.0,0,0
1329,26602,1869,506,0,-20,0,-59,20,39,1363,1363,5,0,221,4,11,1,29,-18.1,10,20,217,181,-26,1094,21,0,0,0,-39,39,22,10,10,10,-18.1,199,995,9,9,9,1324,19,1363,0,0,0.0,0.0,0,0
1330,26622,1870,506,0,-20,0,-59,20,38,1364,1363,5,0,221,4,11,1,35,-18.0,9,20,215,181,-26,1095,11,0,0,0,-38,38,26,12,12,12,-18.0,198,990,9,9,9,1326,21,1364,2,0,0.0,0.0,0,0
1331,26642,1872,504,2,-23,0,-59,23,36,1361,1364,5,0,221,4,11,1,17,-18.400000000000002,11,20,217,182,-26,1096,11,0,0,0,-36,36,23,11,11,11,-18.400000000000002,200,998,9,9,9,1325,20,1361,2,0,0.0,0.0,0,0
1332,26662,1874,503,3,-26,0,-59,26,33,1356,1361,5,0,221,4,11,1,10,-18.3,13,20,219,180,-26,1097,10,0,0,0,-33,33,19,9,9,9,-18.3,200,998,9,9,9,1323,18,1356,2,0,0.0,0.0,0,0
1333,26682,1876,502,4,-29,0,-59,29,29,1351,1356,5,0,221,4,11,1,16,-17.900000000000002,13,20,214,184,-26,1098,10,0,0,0,-29,29,18,8,8,8,-17.900000000000002,199,995,9,9,9,1322,17,1351,2,0,0.0,0.0,0,0
1334,26702,1877,502,4,-32,0,-59,32,27,1346,1351,5,0,221,4,11,1,0,-16.900000000000002,14,20,216,180,-26,1099,10,0,0,0,-27,27,13,6,6,6,-16.900000000000002,198,990,8,8,8,1319,14,1346,2,0,0.0,0.0,0,0
1335,26722,1879,500,6,-36,24,-59,36,-1,1316,1346,5,0,221,4,11,1,0,-16.900000000000002,14,20,216,180,-26,1099,30,0,0,0,1,-1,9,4,4,4,-16.900000000000002,198,990,8,8,8,1317,12,1316,2,0,0.0,0.0,0,0
1336,26742,1881,500,6,-37,24,-58,37,-3,1322,1316,5,0,221,2,71,1,16,-17.3,12,1,211,187,0,1101,1,0,0,0,3,-3,11,17,17,17,0.0,0,0,0,0,3,1325,20,1322,10,0,0.0,0.0,0,0
1337,26762,1883,498,8,-39,32,-58,39,-13,1310,1322,5,0,221,2,71,1,14,-15.8,11,2,208,193,-3,1102,1,0,0,0,13,-13,12,18,18,18,0.0,0,0,0,0,0,1323,18,1310,2,0,0.0,0.0,0,0
1338,26782,1884,498,8,-40,32,-58,40,-14,1310,1310,5,0,221,2,71,1,14,-15.8,11,2,208,193,-3,1102,21,0,0,0,14,-14,13,19,19,19,0.0,0,0,0,0,0,1324,19,1310,0,0,0.0,0.0,0,0
1339,26802,1886,497,9,-42,36,-58,42,-20,1307,1310,5,0,221,2,71,1,20,-14.200000000000001,17,6,213,194,-7,1104,1,0,0,0,20,-20,15,22,22,22,0.0,0,0,0,0,0,1327,22,1307,2,0,0.0,0.0,0,0
1340,26822,1888,496,10,-42,40,-58,42,-24,1306,1307,5,0,221,2,71,1,20,-14.200000000000001,17,6,213,194,-7,1104,21,0,0,0,24,-24,16,25,25,25,0.0,0,0,0,0,0,1330,25,1306,2,0,0.0,0.0,0,0
1341,26842,1890,495,11,-43,44,-57,43,-29,1305,1306,5,0,221,2,7,1,27,-12.5,18,3,209,191,-3,1105,11,0,0,0,29,-29,20,29,29,29,0.0,0,0,0,0,0,1334,29,1305,2,0,0.0,0.0,0,0
1342,26862,1892,494,12,-42,48,-57,42,-33,1301,1305,5,0,221,2,7,1,18,-11.0,20,-5,209,189,0,1106,11,0,0,0,33,-33,19,29,29,29,0.0,0,0,0,0,0,1334,29,1301,2,0,0.0,0.0,0,0
1343,26882,1893,494,12,-42,48,-57,42,-33,1300,1301,5,0,221,2,7,1,17,-9.200000000000001,20,-7,205,194,11,1107,12,0,0,0,33,-33,18,28,28,28,0.0,0,0,0,0,0,1333,28,1300,2,0,0.0,0.0,0,0
1344,26902,1895,492,14,-43,56,-56,43,-42,1282,1300,5,0,221,2,7,1,0,-7.300000000000001,19,-17,201,199,23,1108,11,0,0,0,42,-42,13,19,19,19,0.0,0,0,0,0,0,1324,19,1282,2,0,0.0,0.0,0,0
1345,26922,1897,492,14,-43,56,-56,43,-42,1277,1282,5,0,221,2,7,1,0,-4.7,19,-17,196,204,23,1109,11,0,0,0,42,-42,9,14,14,14,0.0,0,0,0,0,0,1319,14,1277,2,0,0.0,0.0,0,0
1346,26942,1898,492,14,-42,56,-56,42,-42,1272,1277,5,0,221,2,7,1,0,-3.2,15,-16,198,211,21,1110,1,0,0,0,42,-42,6,9,9,9,0.0,0,0,0,0,0,1314,9,1272,2,0,0.0,0.0,0,0
1347,26962,1900,491,15,-40,60,-55,40,-45,1267,1272,5,0,221,2,7,1,0,-1.3,18,-17,196,198,23,1111,1,0,0,0,45,-45,4,7,7,7,0.0,0,0,0,0,0,1312,7,1267,2,0,0.0,0.0,0,0
1348,26982,1902,490,16,-39,64,-55,39,-48,1262,1267,5,0,221,2,7,1,0,0.7000000000000001,19,-17,196,208,23,1112,1,0,0,0,48,-48,3,5,5,5,0.0,0,0,0,0,0,1310,5,1262,2,0,0.0,0.0,0,0
1349,27002,1904,487,19,-40,76,-54,40,-62,1246,1262,5,0,221,2,7,1,0,2.6,15,-17,195,203,23,1113,0,0,0,0,62,-62,2,3,3,3,0.0,0,0,0,0,0,1308,3,1246,2,0,0.0,0.0,0,0
1350,27022,1905,487,19,-42,76,-54,42,-64,1243,1246,5,0,221,2,7,1,0,2.6,15,-17,195,203,23,1113,20,0,0,0,64,-64,2,2,2,2,0.0,0,0,0,0,0,1307,2,1243,2,0,0.0,0.0,0,0
1351,27042,1907,485,21,-48,84,-54,48,-78,1229,1243,5,0,221,2,7,1,0,2.7,15,-18,194,203,24,1114,20,0,0,0,78,-78,1,2,2,2,0.0,0,0,0,0,0,1307,2,1229,2,0,0.0,0.0,0,0
1352,27062,1909,483,23,-54,92,-53,54,-93,1213,1229,5,0,221,2,7,1,0,3.4000000000000004,16,-17,192,206,21,1115,11,0,0,0,93,-93,1,1,1,1,0.0,0,0,0,0,0,1306,1,1213,2,0,0.0,0.0,0,0
1353,27082,1911,479,27,-63,108,-52,63,-118,1188,1213,5,0,221,2,7,1,0,3.7,13,-17,195,205,23,1116,11,0,0,0,118,-118,1,1,1,1,0.0,0,0,0,0,0,1306,1,1188,2,0,0.0,0.0,0,0
1354,27102,1912,480,26,-69,104,-52,69,-121,1185,1188,5,0,221,2,7,1,0,3.2,11,-17,196,206,23,1117,11,0,0,0,121,-121,0,1,1,1,0.0,0,0,0,0,0,1306,1,1185,2,0,0.0,0.0,0,0
1355,27122,1914,479,27,-72,108,-51,72,-129,1176,1185,5,0,221,2,7,1,0,2.6,11,-16,192,204,21,1118,12,0,0,0,129,-129,0,0,0,0,0.0,0,0,0,0,0,1305,0,1176,2,0,0.0,0.0,0,0
1356,27142,1916,478,28,-71,112,-50,71,-133,1172,1176,5,0,221,2,7,1,0,2.9000000000000004,10,-16,195,206,21,1119,11,0,0,0,133,-133,0,0,0,0,0.0,0,0,0,0,0,1305,0,1172,2,0,0.0,0.0,0,0
1357,27162,1918,478,28,-65,112,-50,65,-128,1177,1172,5,0,221,2,7,1,0,3.1,9,-16,194,207,21,1120,1,0,0,0,128,-128,0,0,0,0,0.0,0,0,0,0,0,1305,0,1177,2,0,0.0,0.0,0,0
1358,27182,1919,479,27,-58,108,-49,58,-117,1188,1177,5,0,221,2,7,1,0,4.0,8,-16,194,208,21,1121,1,0,0,0,117,-117,0,0,0,0,0.0,0,0,0,0,0,1305,0,1188,2,0,0.0,0.0,0,0
1359,27202,1921,480,26,-47,104,-49,47,-102,1210,1188,5,0,221,2,7,1,16,5.300000000000001,16,-16,193,206,21,1122,1,0,0,0,102,-102,5,7,7,7,0.0,0,0,0,0,0,1312,7,1210,2,0,0.0,0.0,0,0
1360,27222,1923,480,26,-34,104,-48,34,-91,1219,1210,5,0,221,2,7,1,0,5.9,18,-16,194,208,21,1123,1,0,0,0,91,-91,3,5,5,5,0.0,0,0,0,0,0,1310,5,1219,2,0,0.0,0.0,0,0
1361,27242,1925,480,26,-23,104,-47,23,-80,1229,1219,5,0,221,2,7,1,0,5.9,18,-16,194,208,21,1123,21,0,0,0,80,-80,2,4,4,4,0.0,0,0,0,0,0,1309,4,1229,2,0,0.0,0.0,0,0
1362,27262,1926,479,27,-16,108,-47,16,-77,1231,1229,5,0,221,2,7,1,0,7.0,17,-9,191,202,11,1124,20,0,0,0,77,-77,2,3,3,3,0.0,0,0,0,0,0,1308,3,1231,2,0,0.0,0.0,0,0
1363,27282,1928,480,26,-12,104,-46,12,-70,1237,1231,5,0,221,2,7,1,0,4.4,19,-4,196,207,3,1125,10,0,0,0,70,-70,1,2,2,2,0.0,0,0,0,0,0,1307,2,1237,2,0,0.0,0.0,0,0
1364,27302,1930,478,28,-13,112,-45,13,-79,1227,1237,5,0,221,2,7,1,0,5.0,19,-1,193,203,0,1126,10,0,0,0,79,-79,1,1,1,1,0.0,0,0,0,0,0,1306,1,1227,2,0,0.0,0.0,0,0
1365,27322,1931,478,28,-14,112,-45,14,-81,1225,1227,5,0,221,2,7,1,0,3.4000000000000004,12,-2,198,204,3,1127,10,0,0,0,81,-81,1,1,1,1,0.0,0,0,0,0,0,1306,1,1225,2,0,0.0,0.0,0,0
1366,27342,1933,478,28,-15,112,-44,15,-83,1223,1225,5,0,221,2,7,1,0,3.3000000000000003,11,1,193,202,0,1128,10,0,0,0,83,-83,0,1,1,1,0.0,0,0,0,0,0,1306,1,1223,2,0,0.0,0.0,0,0
1367,27362,1935,477,29,-17,116,-43,17,-90,1221,1223,5,0,221,2,7,1,12,2.4000000000000004,12,2,198,202,-3,1129,10,0,0,0,90,-90,4,6,6,6,0.0,0,0,0,0,0,1311,6,1221,2,0,0.0,0.0,0,0
1368,27382,1937,476,30,-20,120,-42,20,-98,1216,1221,5,0,221,2,7,1,12,2.4000000000000004,12,2,198,202,-3,1129,30,0,0,0,98,-98,6,9,9,9,0.0,0,0,0,0,0,1314,9,1216,2,0,0.0,0.0,0,0
1369,27402,1938,476,30,-22,120,-42,22,-100,1212,1216,5,0,221,2,7,1,0,0.5,16,2,198,201,-3,1130,20,0,0,0,100,-100,4,7,7,7,0.0,0,0,0,0,0,1312,7,1212,2,0,0.0,0.0,0,0
1370,27422,1940,476,30,-23,120,-41,23,-101,1219,1212,5,0,221,2,7,1,23,-1.2000000000000002,21,4,203,201,-5,1132,1,0,0,0,101,-101,10,15,15,15,0.0,0,0,0,0,0,1320,15,1219,2,0,0.0,0.0,0,0
1371,27442,1942,474,32,-25,128,-40,25,-113,1202,1219,5,0,221,2,7,1,0,-1.3,25,2,198,202,-2,1133,1,0,0,0,113,-113,7,10,10,10,0.0,0,0,0,0,0,1315,10,1202,2,0,0.0,0.0,0,0
1372,27462,1944,473,33,-28,132,-39,28,-120,1192,1202,5,0,221,2,7,1,0,-1.6,26,4,201,199,-7,1134,1,0,0,0,120,-120,5,7,7,7,0.0,0,0,0,0,0,1312,7,1192,2,0,0.0,0.0,0,0
1373,27482,1945,474,32,-29,128,-39,29,-118,1192,1192,5,0,221,2,7,1,0,-1.6,26,4,201,199,-7,1134,21,0,0,0,118,-118,3,5,5,5,0.0,0,0,0,0,0,1310,5,1192,0,0,0.0,0.0,0,0
1374,27502,1947,475,31,-26,124,-38,26,-112,1202,1192,5,0,221,2,7,1,11,-2.5,22,9,201,202,-15,1135,10,0,0,0,112,-112,6,9,9,9,0.0,0,0,0,0,0,1314,9,1202,2,0,0.0,0.0,0,0
1375,27522,1949,477,29,-19,116,-37,19,-97,1214,1202,5,0,221,2,7,1,0,-1.5,22,9,200,195,-15,1136,10,0,0,0,97,-97,4,6,6,6,0.0,0,0,0,0,0,1311,6,1214,2,0,0.0,0.0,0,0
1376,27542,1950,476,30,-12,120,-37,12,-95,1219,1214,5,0,221,2,7,1,10,-2.6,18,3,201,195,-1,1137,10,0,0,0,95,-95,6,9,9,9,0.0,0,0,0,0,0,1314,9,1219,2,0,0.0,0.0,0,0
1377,27562,1952,478,28,-2,112,-36,2,-78,1233,1219,5,0,221,2,7,1,0,-3.0,17,1,195,201,-1,1138,10,0,0,0,78,-78,4,6,6,6,0.0,0,0,0,0,0,1311,6,1233,2,0,0.0,0.0,0,0
1378,27582,1954,478,28,7,112,-35,-7,-70,1231,1233,5,0,221,2,7,1,-18,-2.8000000000000003,17,0,201,199,0,1139,10,0,0,0,70,-70,-3,-4,-4,-4,0.0,0,0,0,0,0,1301,-4,1231,2,0,0.0,0.0,0,0
1379,27602,1956,480,26,14,104,-35,-14,-55,1239,1231,5,0,221,2,7,1,-18,-2.8000000000000003,17,0,201,199,0,1139,30,0,0,0,55,-55,-7,-11,-11,-11,0.0,0,0,0,0,0,1294,-11,1239,2,0,0.0,0.0,0,0
1380,27622,1958,479,27,17,108,-34,-17,-57,1240,1239,5,0,221,2,7,1,0,-2.6,22,-1,200,199,1,1140,20,0,0,0,57,-57,-5,-8,-8,-8,0.0,0,0,0,0,0,1297,-8,1240,2,0,0.0,0.0,0,0
1381,27642,1959,479,27,19,108,-33,-19,-55,1245,1240,5,0,221,2,7,1,0,-2.2,20,1,197,202,-1,1141,20,0,0,0,55,-55,-4,-5,-5,-5,0.0,0,0,0,0,0,1300,-5,1245,2,0,0.0,0.0,0,0
1382,27662,1961,479,27,18,108,-33,-18,-58,1243,1245,5,0,221,2,7,1,0,-2.0,18,0,197,202,0,1143,1,0,0,0,58,-58,-2,-4,-4,-4,0.0,0,0,0,0,0,1301,-4,1243,2,0,0.0,0.0,0,0
1383,27682,1963,478,28,13,112,-32,-13,-67,1239,1243,5,0,221,2,7,1,9,-2.5,15,0,200,198,0,1144,1,0,0,0,67,-67,1,1,1,1,0.0,0,0,0,0,0,1306,1,1239,2,0,0.0,0.0,0,0
1384,27702,1965,476,30,4,120,-31,-4,-85,1225,1239,5,0,221,2,7,1,9,-2.5,15,0,200,198,0,1144,21,0,0,0,85,-85,3,5,5,5,0.0,0,0,0,0,0,1310,5,1225,2,0,0.0,0.0,0,0
1385,27722,1966,475,31,-5,124,-31,5,-98,1211,1225,5,0,221,2,7,1,0,-2.7,12,0,201,202,0,1145,11,0,0,0,98,-98,2,4,4,4,0.0,0,0,0,0,0,1309,4,1211,2,0,0.0,0.0,0,0
1386,27742,1968,476,30,-12,120,-30,12,-102,1205,1211,5,0,221,2,7,1,0,-1.3,14,0,202,199,0,1146,11,0,0,0,102,-102,2,2,2,2,0.0,0,0,0,0,0,1307,2,1205,2,0,0.0,0.0,0,0
1387,27762,1970,475,31,-17,124,-29,17,-112,1195,1205,5,0,221,2,7,1,0,-1.0,19,1,202,201,-1,1147,11,0,0,0,112,-112,1,2,2,2,0.0,0,0,0,0,0,1307,2,1195,2,0,0.0,0.0,0,0
1388,27782,1972,474,32,-20,128,-28,20,-120,1186,1195,5,0,221,2,7,1,0,-0.6000000000000001,20,0,202,202,0,1148,11,0,0,0,120,-120,1,1,1,1,0.0,0,0,0,0,0,1306,1,1186,2,0,0.0,0.0,0,0
1389,27802,1973,475,31,-21,124,-28,21,-117,1189,1186,5,0,221,2,7,1,0,-1.1,22,8,201,199,-15,1149,11,0,0,0,117,-117,1,1,1,1,0.0,0,0,0,0,0,1306,1,1189,2,0,0.0,0.0,0,0
1390,27822,1975,475,31,-18,124,-27,18,-115,1198,1189,5,0,221,2,7,1,17,-2.1,20,6,206,198,-7,1150,1,0,0,0,115,-115,5,8,8,8,0.0,0,0,0,0,0,1313,8,1198,2,0,0.0,0.0,0,0
1391,27842,1977,476,30,-14,120,-26,14,-108,1207,1198,5,0,221,2,7,1,9,-2.6,18,3,199,200,-5,1151,1,0,0,0,108,-108,7,10,10,10,0.0,0,0,0,0,0,1315,10,1207,2,0,0.0,0.0,0,0
1392,27862,1979,476,30,-8,120,-25,8,-103,1209,1207,5,0,221,2,7,1,0,-2.6,15,3,204,197,-3,1152,0,0,0,0,103,-103,5,7,7,7,0.0,0,0,0,0,0,1312,7,1209,2,0,0.0,0.0,0,0
1393,27882,1980,477,29,-3,116,-25,3,-94,1216,1209,5,0,221,2,7,1,0,-2.0,18,0,200,194,0,1153,1,0,0,0,94,-94,3,5,5,5,0.0,0,0,0,0,0,1310,5,1216,2,0,0.0,0.0,0,0
1394,27902,1982,479,27,5,108,-24,-5,-79,1229,1216,5,0,221,2,7,1,0,-1.8,18,2,201,203,-3,1154,1,0,0,0,79,-79,2,3,3,3,0.0,0,0,0,0,0,1308,3,1229,2,0,0.0,0.0,0,0
1395,27922,1984,479,27,12,108,-23,-12,-72,1235,1229,5,0,221,2,7,1,0,-1.8,18,2,201,203,-3,1154,21,0,0,0,72,-72,2,2,2,2,0.0,0,0,0,0,0,1307,2,1235,2,0,0.0,0.0,0,0
1396,27942,1986,480,26,19,104,-23,-19,-63,1244,1235,5,0,221,2,7,1,0,-2.6,16,0,199,196,0,1155,11,0,0,0,63,-63,1,2,2,2,0.0,0,0,0,0,0,1307,2,1244,2,0,0.0,0.0,0,0
1397,27962,1987,480,26,23,104,-22,-23,-59,1247,1244,5,0,221,2,7,1,0,-2.1,14,0,200,199,0,1156,11,0,0,0,59,-59,1,1,1,1,0.0,0,0,0,0,0,1306,1,1247,2,0,0.0,0.0,0,0
1398,27982,1989,480,26,24,104,-22,-24,-59,1247,1247,5,0,221,2,7,1,0,-0.5,12,1,200,198,-1,1157,11,0,0,0,59,-59,1,1,1,1,0.0,0,0,0,0,0,1306,1,1247,0,0,0.0,0.0,0,0
1399,28002,1991,480,26,21,104,-21,-21,-62,1244,1247,5,0,221,2,7,1,0,-0.5,9,-6,197,203,7,1158,10,0,0,0,62,-62,0,1,1,1,0.0,0,0,0,0,0,1306,1,1244,2,0,0.0,0.0,0,0
1400,28022,1992,479,27,18,108,-21,-18,-70,1230,1244,5,0,221,2,7,1,-13,-1.0,9,-1,199,197,1,1159,10,0,0,0,70,-70,-4,-5,-5,-5,0.0,0,0,0,0,0,1300,-5,1230,2,0,0.0,0.0,0,0
1401,28042,1994,478,28,12,112,-20,-12,-80,1215,1230,5,0,221,2,7,1,-13,-1.0,9,-1,199,197,1,1159,30,0,0,0,80,-80,-6,-10,-10,-10,0.0,0,0,0,0,0,1295,-10,1215,2,0,0.0,0.0,0,0
1402,28062,1996,477,29,4,116,-19,-4,-93,1205,1215,5,0,221,2,7,1,0,-1.4000000000000001,13,1,202,197,0,1161,1,0,0,0,93,-93,-5,-7,-7,-7,0.0,0,0,0,0,0,1298,-7,1205,2,0,0.0,0.0,0,0
1403,28082,1998,476,30,-6,120,-18,6,-107,1193,1205,5,0,221,2,7,1,0,-2.7,13,8,199,204,0,1162,1,0,0,0,107,-107,-3,-5,-5,-5,0.0,0,0,0,0,0,1300,-5,1193,2,0,0.0,0.0,0,0
1404,28102,2000,477,29,-11,116,-17,11,-110,1197,1193,5,0,221,2,7,1,11,-1.8,13,2,205,198,0,1163,1,0,0,0,110,-110,1,2,2,2,0.0,0,0,0,0,0,1307,2,1197,2,0,0.0,0.0,0,0
1405,28122,2001,478,28,-12,112,-17,12,-107,1205,1197,5,0,221,2,7,1,14,-1.8,13,5,204,202,-7,1164,1,0,0,0,107,-107,5,7,7,7,0.0,0,0,0,0,0,1312,7,1205,2,0,0.0,0.0,0,0
1406,28142,2003,479,27,-7,108,-16,7,-99,1218,1205,5,0,221,2,7,1,14,-1.8,13,5,204,202,-7,1164,21,0,0,0,99,-99,8,12,12,12,0.0,0,0,0,0,0,1317,12,1218,2,0,0.0,0.0,0,0
1407,28162,2005,480,26,1,104,-15,-1,-87,1236,1218,5,0,221,2,7,1,22,-1.1,15,3,202,199,-3,1165,11,0,0,0,87,-87,12,18,18,18,0.0,0,0,0,0,0,1323,18,1236,2,0,0.0,0.0,0,0
1408,28182,2006,480,26,8,104,-15,-8,-81,1237,1236,5,0,221,2,7,1,0,-1.1,15,2,199,196,-2,1166,11,0,0,0,81,-81,8,13,13,13,0.0,0,0,0,0,0,1318,13,1237,2,0,0.0,0.0,0,0
1409,28202,2008,480,26,14,104,-14,-14,-75,1239,1237,5,0,221,2,7,1,0,-0.7000000000000001,15,0,200,200,0,1167,11,0,0,0,75,-75,6,9,9,9,0.0,0,0,0,0,0,1314,9,1239,2,0,0.0,0.0,0,0
1410,28222,2010,482,24,18,96,-14,-18,-64,1247,1239,5,0,221,2,7,1,0,0.30000000000000004,19,1,197,197,-1,1168,11,0,0,0,64,-64,4,6,6,6,0.0,0,0,0,0,0,1311,6,1247,2,0,0.0,0.0,0,0
1411,28242,2012,481,25,19,100,-13,-19,-68,1241,1247,5,0,221,2,7,1,0,-0.6000000000000001,15,5,200,202,-9,1169,10,0,0,0,68,-68,3,4,4,4,0.0,0,0,0,0,0,1309,4,1241,2,0,0.0,0.0,0,0
1412,28262,2013,480,26,18,104,-13,-18,-74,1234,1241,5,0,221,2,7,1,0,-0.6000000000000001,15,5,200,202,-9,1169,30,0,0,0,74,-74,2,3,3,3,0.0,0,0,0,0,0,1308,3,1234,2,0,0.0,0.0,0,0
1413,28282,2015,480,26,14,104,-12,-14,-78,1229,1234,5,0,221,2,7,1,0,-1.4000000000000001,13,2,195,198,0,1171,1,0,0,0,78,-78,1,2,2,2,0.0,0,0,0,0,0,1307,2,1229,2,0,0.0,0.0,0,0
1414,28302,2017,480,26,10,104,-11,-10,-83,1223,1229,5,0,221,2,7,1,0,-0.1,14,1,196,202,-1,1172,1,0,0,0,83,-83,1,1,1,1,0.0,0,0,0,0,0,1306,1,1223,2,0,0.0,0.0,0,0
1415,28322,2019,477,29,0,116,-10,0,-106,1200,1223,5,0,221,2,7,1,0,-1.7000000000000002,16,0,200,199,0,1173,1,0,0,0,106,-106,1,1,1,1,0.0,0,0,0,0,0,1306,1,1200,2,0,0.0,0.0,0,0
1416,28342,2020,478,28,-7,112,-10,7,-109,1197,1200,5,0,221,2,7,1,0,-1.7000000000000002,16,0,200,199,0,1173,21,0,0,0,109,-109,0,1,1,1,0.0,0,0,0,0,0,1306,1,1197,2,0,0.0,0.0,0,0
1417,28362,2022,477,29,-13,116,-9,13,-119,1187,1197,5,0,221,2,7,1,0,-1.5,17,0,198,203,0,1174,20,0,0,0,119,-119,0,1,1,1,0.0,0,0,0,0,0,1306,1,1187,2,0,0.0,0.0,0,0
1418,28382,2024,478,28,-15,112,-9,15,-119,1196,1187,5,0,221,2,7,1,21,-2.1,23,-1,202,199,1,1175,11,0,0,0,119,-119,7,10,10,10,0.0,0,0,0,0,0,1315,10,1196,2,0,0.0,0.0,0,0
1419,28402,2026,478,28,-15,112,-8,15,-119,1193,1196,5,0,221,2,7,1,0,-2.1,24,-1,196,201,1,1176,11,0,0,0,119,-119,5,7,7,7,0.0,0,0,0,0,0,1312,7,1193,2,0,0.0,0.0,0,0
1420,28422,2027,478,28,-13,112,-7,13,-118,1188,1193,5,0,221,2,7,1,-8,-2.1,29,1,200,202,0,1177,11,0,0,0,118,-118,1,1,1,1,0.0,0,0,0,0,0,1306,1,1188,2,0,0.0,0.0,0,0
1421,28442,2029,478,28,-10,112,-7,10,-115,1186,1188,5,0,221,2,7,1,-11,-2.5,21,4,201,195,-5,1178,12,0,0,0,115,-115,-3,-4,-4,-4,0.0,0,0,0,0,0,1301,-4,1186,2,0,0.0,0.0,0,0
1422,28462,2031,480,26,-3,104,-6,3,-101,1196,1186,5,0,221,2,7,1,-12,-3.8000000000000003,25,5,201,201,-7,1179,12,0,0,0,101,-101,-6,-8,-8,-8,0.0,0,0,0,0,0,1297,-8,1196,2,0,0.0,0.0,0,0
1423,28482,2033,480,26,2,104,-5,-2,-97,1202,1196,5,0,221,2,7,1,0,-3.8000000000000003,22,5,201,197,-7,1180,1,0,0,0,97,-97,-4,-6,-6,-6,0.0,0,0,0,0,0,1299,-6,1202,2,0,0.0,0.0,0,0
1424,28502,2034,480,26,6,104,-5,-6,-93,1208,1202,5,0,221,2,7,1,0,-3.9000000000000004,20,3,201,196,-3,1181,1,0,0,0,93,-93,-3,-4,-4,-4,0.0,0,0,0,0,0,1301,-4,1208,2,0,0.0,0.0,0,0
1425,28522,2036,480,26,10,104,-4,-10,-90,1205,1208,5,0,221,2,7,1,-15,-3.6,19,0,200,199,0,1182,1,0,0,0,90,-90,-6,-10,-10,-10,0.0,0,0,0,0,0,1295,-10,1205,2,0,0.0,0.0,0,0
1426,28542,2038,480,26,11,104,-3,-11,-90,1208,1205,5,0,221,2,7,1,0,-3.1,21,1,200,201,-1,1183,1,0,0,0,90,-90,-4,-7,-7,-7,0.0,0,0,0,0,0,1298,-7,1208,2,0,0.0,0.0,0,0
1427,28562,2040,480,26,9,104,-3,-9,-93,1207,1208,5,0,221,2,7,1,0,-2.1,18,0,202,198,0,1184,1,0,0,0,93,-93,-3,-5,-5,-5,0.0,0,0,0,0,0,1300,-5,1207,2,0,0.0,0.0,0,0
1428,28582,2041,480,26,7,104,-2,-7,-95,1207,1207,5,0,221,2,7,1,0,-2.1,18,0,202,198,0,1184,21,0,0,0,95,-95,-2,-3,-3,-3,0.0,0,0,0,0,0,1302,-3,1207,0,0,0.0,0.0,0,0
1429,28602,2043,479,27,4,108,-1,-4,-102,1201,1207,5,0,221,2,7,1,0,-2.9000000000000004,16,-5,201,204,9,1185,10,0,0,0,102,-102,-2,-2,-2,-2,0.0,0,0,0,0,0,1303,-2,1201,2,0,0.0,0.0,0,0
1430,28622,2045,480,26,2,104,-1,-2,-101,1206,1201,5,0,221,2,7,1,9,-0.7000000000000001,14,-7,197,201,11,1186,10,0,0,0,101,-101,2,2,2,2,0.0,0,0,0,0,0,1307,2,1206,2,0,0.0,0.0,0,0
1431,28642,2046,480,26,2,104,0,-2,-102,1213,1206,5,0,221,2,7,1,19,-0.7000000000000001,11,-1,199,200,1,1187,10,0,0,0,102,-102,7,10,10,10,0.0,0,0,0,0,0,1315,10,1213,2,0,0.0,0.0,0,0
1432,28662,2048,480,26,1,104,0,-1,-103,1213,1213,5,0,221,2,7,1,9,-0.1,10,2,200,198,-3,1188,10,0,0,0,103,-103,7,11,11,11,0.0,0,0,0,0,0,1316,11,1213,0,0,0.0,0.0,0,0
1433,28682,2050,480,26,2,104,1,-2,-103,1210,1213,5,0,221,2,7,1,0,-1.0,13,5,202,199,-9,1189,10,0,0,0,103,-103,5,8,8,8,0.0,0,0,0,0,0,1313,8,1210,2,0,0.0,0.0,0,0
1434,28702,2051,480,26,2,104,2,-2,-104,1207,1210,5,0,221,2,7,1,0,-1.0,13,5,202,199,-9,1189,30,0,0,0,104,-104,4,6,6,6,0.0,0,0,0,0,0,1311,6,1207,2,0,0.0,0.0,0,0
1435,28722,2053,480,26,3,104,2,-3,-103,1206,1207,5,0,221,2,7,1,0,-2.2,10,-1,202,198,0,1190,20,0,0,0,103,-103,3,4,4,4,0.0,0,0,0,0,0,1309,4,1206,2,0,0.0,0.0,0,0
1436,28742,2055,480,26,2,104,3,-2,-105,1203,1206,5,0,221,2,7,1,0,-3.1,13,6,203,201,-11,1192,1,0,0,0,105,-105,2,3,3,3,0.0,0,0,0,0,0,1308,3,1203,2,0,0.0,0.0,0,0
1437,28762,2057,480,26,2,104,3,-2,-106,1201,1203,5,0,221,2,7,1,0,-2.8000000000000003,13,-2,201,196,1,1193,1,0,0,0,106,-106,1,2,2,2,0.0,0,0,0,0,0,1307,2,1201,2,0,0.0,0.0,0,0
1438,28782,2059,480,26,1,104,4,-1,-107,1199,1201,5,0,221,2,7,1,0,-3.6,11,-1,199,200,1,1194,1,0,0,0,107,-107,1,1,1,1,0.0,0,0,0,0,0,1306,1,1199,2,0,0.0,0.0,0,0
1439,28802,2060,481,25,2,100,5,-2,-102,1204,1199,5,0,221,2,7,1,0,-3.6,11,-1,199,200,1,1194,21,0,0,0,102,-102,1,1,1,1,0.0,0,0,0,0,0,1306,1,1204,2,0,0.0,0.0,0,0
1440,28822,2062,480,26,2,104,5,-2,-107,1199,1204,5,0,221,2,7,1,0,-2.3000000000000003,12,-1,198,200,1,1195,11,0,0,0,107,-107,0,1,1,1,0.0,0,0,0,0,0,1306,1,1199,2,0,0.0,0.0,0,0
1441,28842,2064,480,26,2,104,6,-2,-108,1197,1199,5,0,221,2,7,1,0,-1.5,12,-2,199,194,3,1196,11,0,0,0,108,-108,0,0,0,0,0.0,0,0,0,0,0,1305,0,1197,2,0,0.0,0.0,0,0
1442,28862,2066,480,26,1,104,7,-1,-109,1188,1197,5,0,221,2,7,1,-18,-1.3,13,-1,198,201,1,1197,10,0,0,0,109,-109,-5,-8,-8,-8,0.0,0,0,0,0,0,1297,-8,1188,2,0,0.0,0.0,0,0
1443,28882,2067,480,26,1,104,7,-1,-111,1180,1188,5,0,221,2,7,1,-18,-0.2,12,1,201,200,-1,1198,10,0,0,0,111,-111,-9,-14,-14,-14,0.0,0,0,0,0,0,1291,-14,1180,2,0,0.0,0.0,0,0
1444,28902,2069,478,28,-4,112,8,4,-124,1163,1180,5,0,221,2,7,1,-19,-0.7000000000000001,11,-3,204,201,0,1199,10,0,0,0,124,-124,-12,-18,-18,-18,0.0,0,0,0,0,0,1287,-18,1163,2,0,0.0,0.0,0,0
1445,28922,2071,478,28,-7,112,9,7,-128,1156,1163,5,0,221,2,7,1,-19,-0.7000000000000001,11,-3,204,201,0,1199,30,0,0,0,128,-128,-14,-21,-21,-21,0.0,0,0,0,0,0,1284,-21,1156,2,0,0.0,0.0,0,0
1446,28942,2073,477,29,-12,116,9,12,-138,1145,1156,5,0,221,2,7,1,-16,-1.3,12,0,202,198,0,1201,1,0,0,0,138,-138,-15,-22,-22,-22,0.0,0,0,0,0,0,1283,-22,1145,2,0,0.0,0.0,0,0
1447,28962,2074,476,30,-17,120,10,17,-147,1135,1145,5,0,221,2,7,1,-16,-1.3,12,0,202,198,0,1201,21,0,0,0,147,-147,-15,-23,-23,-23,0.0,0,0,0,0,0,1282,-23,1135,2,0,0.0,0.0,0,0
1448,28982,2076,476,30,-21,120,11,21,-152,1137,1135,5,0,221,2,7,1,0,-0.7000000000000001,16,-1,199,199,1,1203,1,0,0,0,152,-152,-11,-16,-16,-16,0.0,0,0,0,0,0,1289,-16,1137,2,0,0.0,0.0,0,0
1449,29002,2078,477,29,-20,116,11,20,-148,1150,1137,5,0,221,2,7,1,8,-1.1,19,0,201,199,0,1204,1,0,0,0,148,-148,-5,-7,-7,-7,0.0,0,0,0,0,0,1298,-7,1150,2,0,0.0,0.0,0,0
1450,29022,2080,476,30,-19,120,12,19,-151,1152,1150,5,0,221,2,7,1,8,-1.1,19,0,201,199,0,1204,21,0,0,0,151,-151,-1,-2,-2,-2,0.0,0,0,0,0,0,1303,-2,1152,2,0,0.0,0.0,0,0
1451,29042,2081,476,30,-18,120,13,18,-150,1154,1152,5,0,221,2,7,1,0,-1.0,17,0,200,201,0,1205,11,0,0,0,150,-150,-1,-1,-1,-1,0.0,0,0,0,0,0,1304,-1,1154,2,0,0.0,0.0,0,0
1452,29062,2083,477,29,-13,116,13,13,-142,1158,1154,5,0,221,2,7,1,-10,-1.6,18,0,199,198,0,1206,11,0,0,0,142,-142,-4,-5,-5,-5,0.0,0,0,0,0,0,1300,-5,1158,2,0,0.0,0.0,0,0
1453,29082,2085,477,29,-9,116,14,9,-139,1162,1158,5,0,221,2,7,1,0,-1.6,18,1,200,202,-1,1207,11,0,0,0,139,-139,-2,-4,-4,-4,0.0,0,0,0,0,0,1301,-4,1162,2,0,0.0,0.0,0,0
1454,29102,2086,478,28,-5,112,15,5,-131,1171,1162,5,0,221,2,7,1,0,-1.6,13,3,204,201,-5,1208,10,0,0,0,131,-131,-2,-3,-3,-3,0.0,0,0,0,0,0,1302,-3,1171,2,0,0.0,0.0,0,0
1455,29122,2088,476,30,-3,120,15,3,-138,1165,1171,5,0,221,2,7,1,0,-1.7000000000000002,12,-1,198,198,1,1209,11,0,0,0,138,-138,-1,-2,-2,-2,0.0,0,0,0,0,0,1303,-2,1165,2,0,0.0,0.0,0,0
1456,29142,2090,476,30,-3,120,16,3,-139,1165,1165,5,0,221,2,7,1,0,-1.7000000000000002,12,-1,198,198,1,1209,31,0,0,0,139,-139,-1,-1,-1,-1,0.0,0,0,0,0,0,1304,-1,1165,0,0,0.0,0.0,0,0
1457,29162,2092,476,30,-5,120,17,5,-142,1154,1165,5,0,221,2,7,1,-18,-1.5,15,-1,194,201,0,1211,1,0,0,0,142,-142,-6,-9,-9,-9,0.0,0,0,0,0,0,1296,-9,1154,2,0,0.0,0.0,0,0
1458,29182,2094,476,30,-7,120,18,7,-145,1147,1154,5,0,221,2,7,1,-14,-1.3,12,-6,198,202,7,1212,1,0,0,0,145,-145,-8,-13,-13,-13,0.0,0,0,0,0,0,1292,-13,1147,2,0,0.0,0.0,0,0
1459,29202,2095,476,30,-9,120,18,9,-147,1141,1147,5,0,221,2,7,1,-19,-0.9,18,-3,195,201,3,1213,1,0,0,0,147,-147,-12,-17,-17,-17,0.0,0,0,0,0,0,1288,-17,1141,2,0,0.0,0.0,0,0
1460,29222,2097,474,32,-10,128,19,10,-157,1131,1141,5,0,221,2,7,1,-10,-0.8,17,0,198,204,0,1214,1,0,0,0,157,-157,-11,-17,-17,-17,0.0,0,0,0,0,0,1288,-17,1131,2,0,0.0,0.0,0,0
1461,29242,2099,475,31,-11,124,20,11,-155,1134,1131,5,0,221,2,7,1,-10,-0.8,17,0,198,204,0,1214,21,0,0,0,155,-155,-11,-16,-16,-16,0.0,0,0,0,0,0,1289,-16,1134,2,0,0.0,0.0,0,0
1462,29262,2101,474,32,-13,128,21,13,-162,1132,1134,5,0,221,2,7,1,0,-0.4,17,0,197,197,0,1215,11,0,0,0,162,-162,-8,-11,-11,-11,0.0,0,0,0,0,0,1294,-11,1132,2,0,0.0,0.0,0,0
1463,29282,2102,475,31,-13,124,21,13,-159,1138,1132,5,0,221,2,7,1,0,-1.8,12,5,200,202,0,1216,11,0,0,0,159,-159,-5,-8,-8,-8,0.0,0,0,0,0,0,1297,-8,1138,2,0,0.0,0.0,0,0
1464,29302,2104,474,32,-13,128,22,13,-163,1132,1138,5,0,221,2,7,1,-10,-1.4000000000000001,15,-9,200,198,0,1217,11,0,0,0,163,-163,-7,-10,-10,-10,0.0,0,0,0,0,0,1295,-10,1132,2,0,0.0,0.0,0,0
1465,29322,2106,473,33,-12,132,23,12,-168,1121,1132,5,0,221,2,7,1,-19,-2.0,12,-7,199,199,0,1218,11,0,0,0,168,-168,-10,-16,-16,-16,0.0,0,0,0,0,0,1289,-16,1121,2,0,0.0,0.0,0,0
1466,29342,2108,472,34,-16,136,24,16,-176,1114,1121,5,0,221,2,7,1,-10,-2.5,12,-10,198,203,15,1219,10,0,0,0,176,-176,-10,-15,-15,-15,0.0,0,0,0,0,0,1290,-15,1114,2,0,0.0,0.0,0,0
1467,29362,2109,472,34,-18,136,25,18,-179,1111,1114,5,0,221,2,7,1,-10,-2.5,12,-10,198,203,15,1219,30,0,0,0,179,-179,-10,-15,-15,-15,0.0,0,0,0,0,0,1290,-15,1111,2,0,0.0,0.0,0,0
1468,29382,2111,472,34,-21,136,26,21,-182,1112,1111,5,0,221,2,7,1,0,0.2,14,-5,202,200,7,1221,1,0,0,0,182,-182,-7,-11,-11,-11,0.0,0,0,0,0,0,1294,-11,1112,2,0,0.0,0.0,0,0
1469,29402,2113,472,34,-20,136,26,20,-183,1115,1112,5,0,221,2,7,1,0,0.2,12,-6,195,205,9,1222,1,0,0,0,183,-183,-5,-7,-7,-7,0.0,0,0,0,0,0,1298,-7,1115,2,0,0.0,0.0,0,0
1470,29422,2114,472,34,-19,136,27,19,-182,1113,1115,5,0,221,2,7,1,-11,0.4,14,-3,200,203,3,1223,1,0,0,0,182,-182,-7,-10,-10,-10,0.0,0,0,0,0,0,1295,-10,1113,2,0,0.0,0.0,0,0
1471,29442,2116,472,34,-16,136,28,16,-180,1118,1113,5,0,221,2,7,1,0,0.0,15,-2,195,205,0,1224,1,0,0,0,180,-180,-5,-7,-7,-7,0.0,0,0,0,0,0,1298,-7,1118,2,0,0.0,0.0,0,0
1472,29462,2118,473,33,-12,132,29,12,-172,1128,1118,5,0,221,2,7,1,0,0.0,15,-2,195,205,0,1224,21,0,0,0,172,-172,-3,-5,-5,-5,0.0,0,0,0,0,0,1300,-5,1128,2,0,0.0,0.0,0,0
1473,29482,2120,472,34,-9,136,30,9,-174,1128,1128,5,0,221,2,7,1,0,0.0,17,-2,200,198,3,1225,10,0,0,0,174,-174,-2,-3,-3,-3,0.0,0,0,0,0,0,1302,-3,1128,0,0,0.0,0.0,0,0
1474,29502,2121,472,34,-6,136,30,6,-173,1126,1128,5,0,221,2,7,1,-8,-0.30000000000000004,13,1,197,199,-1,1226,10,0,0,0,173,-173,-4,-6,-6,-6,0.0,0,0,0,0,0,1299,-6,1126,2,0,0.0,0.0,0,0
1475,29522,2123,474,32,-3,128,31,3,-162,1139,1126,5,0,221,2,7,1,0,-0.5,14,-3,202,203,0,1227,10,0,0,0,162,-162,-3,-4,-4,-4,0.0,0,0,0,0,0,1301,-4,1139,2,0,0.0,0.0,0,0
1476,29542,2125,474,32,1,128,32,-1,-159,1138,1139,5,0,221,2,7,1,-12,-0.30000000000000004,12,-3,198,199,3,1228,10,0,0,0,159,-159,-6,-8,-8,-8,0.0,0,0,0,0,0,1297,-8,1138,2,0,0.0,0.0,0,0
1477,29562,2127,474,32,5,128,33,-5,-156,1135,1138,5,0,221,2,7,1,-19,-0.6000000000000001,10,0,198,203,0,1229,10,0,0,0,156,-156,-10,-14,-14,-14,0.0,0,0,0,0,0,1291,-14,1135,2,0,0.0,0.0,0,0
1478,29582,2128,474,32,7,128,33,-7,-154,1132,1135,5,0,221,2,7,1,-19,-0.6000000000000001,10,0,198,203,0,1229,30,0,0,0,154,-154,-12,-19,-19,-19,0.0,0,0,0,0,0,1286,-19,1132,2,0,0.0,0.0,0,0
1479,29602,2130,477,29,13,116,34,-13,-138,1141,1132,5,0,221,2,7,1,-28,-1.1,10,8,198,200,-15,1230,20,0,0,0,138,-138,-17,-26,-26,-26,0.0,0,0,0,0,0,1279,-26,1141,2,0,0.0,0.0,0,0
1480,29622,2132,475,31,14,124,35,-14,-145,1137,1141,5,0,221,2,7,1,-11,-2.5,16,11,202,199,-15,1232,1,0,0,0,145,-145,-15,-23,-23,-23,0.0,0,0,0,0,0,1282,-23,1137,2,0,0.0,0.0,0,0
1481,29642,2134,475,31,14,124,36,-14,-145,1144,1137,5,0,221,2,7,1,0,-2.7,17,-3,204,198,5,1233,1,0,0,0,145,-145,-11,-16,-16,-16,0.0,0,0,0,0,0,1289,-16,1144,2,0,0.0,0.0,0,0
1482,29662,2136,476,30,15,120,37,-15,-142,1147,1144,5,0,221,2,7,1,-11,-3.3000000000000003,19,1,196,202,-1,1234,1,0,0,0,142,-142,-11,-16,-16,-16,0.0,0,0,0,0,0,1289,-16,1147,2,0,0.0,0.0,0,0
1483,29682,2137,476,30,14,120,37,-14,-143,1146,1147,5,0,221,2,7,1,-11,-3.3000000000000003,19,1,196,202,-1,1234,21,0,0,0,143,-143,-11,-16,-16,-16,0.0,0,0,0,0,0,1289,-16,1146,2,0,0.0,0.0,0,0
1484,29702,2139,476,30,11,120,38,-11,-147,1147,1146,5,0,221,2,7,1,0,-3.2,21,8,200,205,-15,1235,12,0,0,0,147,-147,-8,-11,-11,-11,0.0,0,0,0,0,0,1294,-11,1147,2,0,0.0,0.0,0,0
1485,29722,2141,477,29,12,116,39,-12,-142,1155,1147,5,0,221,2,7,1,0,-2.1,20,3,208,193,-1,1236,11,0,0,0,142,-142,-5,-8,-8,-8,0.0,0,0,0,0,0,1297,-8,1155,2,0,0.0,0.0,0,0
1486,29742,2142,478,28,15,112,39,-15,-136,1158,1155,5,0,221,2,7,1,-12,-3.0,17,0,198,206,0,1237,11,0,0,0,136,-136,-7,-11,-11,-11,0.0,0,0,0,0,0,1294,-11,1158,2,0,0.0,0.0,0,0
1487,29762,2144,478,28,17,112,40,-17,-135,1159,1158,5,0,221,2,7,1,-8,-1.9000000000000001,18,-4,199,199,4,1238,11,0,0,0,135,-135,-8,-11,-11,-11,0.0,0,0,0,0,0,1294,-11,1159,2,0,0.0,0.0,0,0
1488,29782,2146,480,26,21,104,41,-21,-123,1180,1159,5,0,221,2,7,1,13,-2.4000000000000004,21,-3,199,206,3,1239,11,0,0,0,123,-123,-1,-2,-2,-2,0.0,0,0,0,0,0,1303,-2,1180,2,0,0.0,0.0,0,0
1489,29802,2148,482,24,28,96,41,-28,-109,1200,1180,5,0,221,2,7,1,11,-1.1,17,-6,198,201,9,1240,1,0,0,0,109,-109,2,4,4,4,0.0,0,0,0,0,0,1309,4,1200,2,0,0.0,0.0,0,0
1490,29822,2149,482,24,33,96,42,-33,-104,1203,1200,5,0,221,2,7,1,0,-0.7000000000000001,22,-6,196,201,11,1241,1,0,0,0,104,-104,2,2,2,2,0.0,0,0,0,0,0,1307,2,1203,2,0,0.0,0.0,0,0
1491,29842,2151,484,22,39,88,42,-39,-92,1215,1203,5,0,221,2,7,1,0,-0.5,25,-2,199,203,1,1242,1,0,0,0,92,-92,1,2,2,2,0.0,0,0,0,0,0,1307,2,1215,2,0,0.0,0.0,0,0
1492,29862,2153,486,20,46,80,43,-46,-77,1229,1215,5,0,221,2,7,1,0,0.6000000000000001,23,-6,197,199,9,1243,1,0,0,0,77,-77,1,1,1,1,0.0,0,0,0,0,0,1306,1,1229,2,0,0.0,0.0,0,0
1493,29882,2155,487,19,50,76,43,-50,-69,1237,1229,5,0,221,2,7,1,0,0.4,17,-7,196,203,9,1244,1,0,0,0,69,-69,1,1,1,1,0.0,0,0,0,0,0,1306,1,1237,2,0,0.0,0.0,0,0
1494,29902,2156,487,19,53,76,43,-53,-66,1240,1237,5,0,221,2,7,1,0,0.4,17,-7,196,203,9,1244,21,0,0,0,66,-66,0,1,1,1,0.0,0,0,0,0,0,1306,1,1240,2,0,0.0,0.0,0,0
1495,29922,2158,488,18,54,72,44,-54,-62,1243,1240,5,0,221,2,7,1,0,1.0,19,-7,195,207,9,1245,11,0,0,0,62,-62,0,0,0,0,0.0,0,0,0,0,0,1305,0,1243,2,0,0.0,0.0,0,0
1496,29942,2160,487,19,49,76,44,-49,-71,1238,1243,5,0,221,2,7,1,8,0.9,14,2,203,199,-5,1246,11,0,0,0,71,-71,3,4,4,4,0.0,0,0,0,0,0,1309,4,1238,2,0,0.0,0.0,0,0
1497,29962,2162,488,18,42,72,45,-42,-75,1237,1238,5,0,221,2,7,1,10,0.5,8,2,198,203,-3,1247,10,0,0,0,75,-75,5,7,7,7,0.0,0,0,0,0,0,1312,7,1237,2,0,0.0,0.0,0,0
1498,29982,2163,488,18,37,72,45,-37,-81,1229,1237,5,0,221,2,7,1,0,-0.6000000000000001,12,9,207,195,-11,1248,10,0,0,0,81,-81,3,5,5,5,0.0,0,0,0,0,0,1310,5,1229,2,0,0.0,0.0,0,0
1499,30002,2165,488,18,31,72,46,-31,-87,1227,1229,5,0,221,2,7,1,12,-1.3,15,6,200,202,-11,1249,10,0,0,0,87,-87,6,9,9,9,0.0,0,0,0,0,0,1314,9,1227,2,0,0.0,0.0,0,0
1500,30022,2167,489,17,27,68,46,-27,-87,1230,1227,5,0,221,2,7,1,12,-1.3,15,6,200,202,-11,1249,30,0,0,0,87,-87,8,12,12,12,0.0,0,0,0,0,0,1317,12,1230,2,0,0.0,0.0,0,0
1501,30042,2169,490,16,27,64,47,-27,-84,1229,1230,5,0,221,2,7,1,0,-3.2,20,-4,199,202,5,1251,1,0,0,0,84,-84,5,8,8,8,0.0,0,0,0,0,0,1313,8,1229,2,0,0.0,0.0,0,0
1502,30062,2170,491,15,28,60,47,-28,-79,1240,1229,5,0,221,2,7,1,19,-1.6,25,0,199,202,0,1252,1,0,0,0,79,-79,10,14,14,14,0.0,0,0,0,0,0,1319,14,1240,2,0,0.0,0.0,0,0
1503,30082,2172,493,13,32,52,47,-32,-67,1257,1240,5,0,221,2,7,1,19,-1.6,25,0,199,202,0,1252,21,0,0,0,67,-67,12,19,19,19,0.0,0,0,0,0,0,1324,19,1257,2,0,0.0,0.0,0,0
1504,30102,2174,495,11,39,44,47,-39,-52,1272,1257,5,0,221,2,7,1,14,-2.4000000000000004,22,-2,201,196,3,1253,20,0,0,0,52,-52,13,19,19,19,0.0,0,0,0,0,0,1324,19,1272,2,0,0.0,0.0,0,0
1505,30122,2176,496,10,46,40,48,-46,-42,1276,1272,5,0,221,2,7,1,0,-1.7000000000000002,23,-1,195,198,1,1254,20,0,0,0,42,-42,9,13,13,13,0.0,0,0,0,0,0,1318,13,1276,2,0,0.0,0.0,0,0
1506,30142,2177,496,10,50,40,48,-50,-38,1276,1276,5,0,221,2,7,1,0,-1.8,19,-10,198,208,19,1255,11,0,0,0,38,-38,6,9,9,9,0.0,0,0,0,0,0,1314,9,1276,0,0,0.0,0.0,0,0
1507,30162,2179,496,10,50,40,48,-50,-38,1274,1276,5,0,221,2,7,1,0,-4.0,18,-5,192,199,3,1256,11,0,0,0,38,-38,4,7,7,7,0.0,0,0,0,0,0,1312,7,1274,2,0,0.0,0.0,0,0
1508,30182,2181,499,7,50,28,48,-50,-27,1283,1274,5,0,221,2,7,1,0,-1.4000000000000001,18,-1,203,202,0,1257,11,0,0,0,27,-27,3,5,5,5,0.0,0,0,0,0,0,1310,5,1283,2,0,0.0,0.0,0,0
1509,30202,2182,497,9,48,36,48,-48,-37,1268,1283,5,0,221,2,7,1,-8,-1.6,18,-9,200,201,17,1258,11,0,0,0,37,-37,0,0,0,0,0.0,0,0,0,0,0,1305,0,1268,2,0,0.0,0.0,0,0
1510,30222,2184,496,10,41,40,49,-41,-47,1258,1268,5,0,221,2,7,1,0,-1.0,16,-2,195,206,3,1259,10,0,0,0,47,-47,0,0,0,0,0.0,0,0,0,0,0,1305,0,1258,2,0,0.0,0.0,0,0
1511,30242,2186,496,10,33,40,49,-33,-56,1249,1258,5,0,221,2,7,1,0,-1.0,16,-2,195,206,3,1259,30,0,0,0,56,-56,0,0,0,0,0.0,0,0,0,0,0,1305,0,1249,2,0,0.0,0.0,0,0
1512,30262,2188,496,10,23,40,49,-23,-66,1239,1249,5,0,221,2,7,1,0,-0.8,15,0,201,201,0,1261,1,0,0,0,66,-66,0,0,0,0,0.0,0,0,0,0,0,1305,0,1239,2,0,0.0,0.0,0,0
1513,30282,2190,494,12,11,48,50,-11,-86,1219,1239,5,0,221,2,7,1,0,-0.7000000000000001,13,-5,196,205,7,1262,1,0,0,0,86,-86,0,0,0,0,0.0,0,0,0,0,0,1305,0,1219,2,0,0.0,0.0,0,0
1514,30302,2191,493,13,2,52,50,-2,-99,1206,1219,5,0,221,2,7,1,0,0.9,11,-12,199,198,20,1263,1,0,0,0,99,-99,0,0,0,0,0.0,0,0,0,0,0,1305,0,1206,2,0,0.0,0.0,0,0
1515,30322,2193,493,13,-5,52,50,5,-107,1198,1206,5,0,221,2,7,1,0,0.7000000000000001,9,-1,194,208,1,1264,0,0,0,0,107,-107,0,0,0,0,0.0,0,0,0,0,0,1305,0,1198,2,0,0.0,0.0,0,0
1516,30342,2195,491,15,-14,60,51,14,-125,1180,1198,5,0,221,2,7,1,0,0.7000000000000001,9,-1,194,208,1,1264,20,0,0,0,125,-125,0,0,0,0,0.0,0,0,0,0,0,1305,0,1180,2,0,0.0,0.0,0,0
1517,30362,2196,490,16,-22,64,51,22,-137,1168,1180,5,0,221,2,7,1,0,1.5,7,1,197,202,0,1265,10,0,0,0,137,-137,0,0,0,0,0.0,0,0,0,0,0,1305,0,1168,2,0,0.0,0.0,0,0
1518,30382,2198,489,17,-29,68,51,29,-149,1156,1168,5,0,221,2,7,1,0,0.2,8,2,202,201,-3,1266,10,0,0,0,149,-149,0,0,0,0,0.0,0,0,0,0,0,1305,0,1156,2,0,0.0,0.0,0,0
1519,30402,2200,490,16,-31,64,52,31,-147,1158,1156,5,0,221,2,7,1,0,0.0,7,2,203,200,-3,1267,10,0,0,0,147,-147,0,0,0,0,0.0,0,0,0,0,0,1305,0,1158,2,0,0.0,0.0,0,0
1520,30422,2202,488,18,-33,72,52,33,-157,1148,1158,5,0,221,2,7,1,0,-1.1,7,9,204,200,-11,1268,10,0,0,0,157,-157,0,0,0,0,0.0,0,0,0,0,0,1305,0,1148,2,0,0.0,0.0,0,0
1521,30442,2203,488,18,-34,72,52,34,-158,1147,1148,5,0,221,2,7,1,0,-2.3000000000000003,7,8,205,197,-9,1269,10,0,0,0,158,-158,0,0,0,0,0.0,0,0,0,0,0,1305,0,1147,2,0,0.0,0.0,0,0
1522,30462,2205,490,16,-29,64,53,29,-145,1160,1147,5,0,221,2,7,1,0,-2.3000000000000003,7,8,205,197,-9,1269,30,0,0,0,145,-145,0,0,0,0,0.0,0,0,0,0,0,1305,0,1160,2,0,0.0,0.0,0,0
1523,30482,2207,490,16,-21,64,53,21,-139,1166,1160,5,0,221,2,7,1,0,-3.2,7,-5,204,195,0,1270,20,0,0,0,139,-139,0,0,0,0,0.0,0,0,0,0,0,1305,0,1166,2,0,0.0,0.0,0,0
1524,30502,2209,490,16,-15,64,54,15,-133,1164,1166,5,0,221,2,7,1,-18,-2.2,15,-9,198,199,17,1272,1,0,0,0,133,-133,-5,-8,-8,-8,0.0,0,0,0,0,0,1297,-8,1164,2,0,0.0,0.0,0,0
1525,30522,2210,489,17,-11,68,54,11,-133,1159,1164,5,0,221,2,7,1,-17,-1.4000000000000001,19,4,197,199,-7,1273,1,0,0,0,133,-133,-9,-13,-13,-13,0.0,0,0,0,0,0,1292,-13,1159,2,0,0.0,0.0,0,0
1526,30542,2212,489,17,-8,68,54,8,-130,1161,1159,5,0,221,2,7,1,-11,-0.2,19,-1,206,200,0,1274,1,0,0,0,130,-130,-10,-14,-14,-14,0.0,0,0,0,0,0,1291,-14,1161,2,0,0.0,0.0,0,0
1527,30562,2214,488,18,-10,72,55,10,-137,1153,1161,5,0,221,2,7,1,-11,-0.2,19,-1,206,200,0,1274,21,0,0,0,137,-137,-10,-15,-15,-15,0.0,0,0,0,0,0,1290,-15,1153,2,0,0.0,0.0,0,0
1528,30582,2216,489,17,-11,68,55,11,-134,1156,1153,5,0,221,2,7,1,-10,0.2,19,-2,197,199,3,1275,10,0,0,0,134,-134,-10,-15,-15,-15,0.0,0,0,0,0,0,1290,-15,1156,2,0,0.0,0.0,0,0
1529,30602,2217,486,20,-14,80,56,14,-150,1138,1156,5,0,221,2,7,1,-14,0.0,13,-1,199,205,1,1276,11,0,0,0,150,-150,-11,-17,-17,-17,0.0,0,0,0,0,0,1288,-17,1138,2,0,0.0,0.0,0,0
1530,30622,2219,486,20,-17,80,56,17,-154,1133,1138,5,0,221,2,7,1,-13,-0.30000000000000004,14,3,201,199,-1,1277,10,0,0,0,154,-154,-12,-18,-18,-18,0.0,0,0,0,0,0,1287,-18,1133,2,0,0.0,0.0,0,0
1531,30642,2221,487,19,-19,76,57,19,-152,1141,1133,5,0,221,2,7,1,0,-0.7000000000000001,11,9,204,200,-11,1278,10,0,0,0,152,-152,-8,-12,-12,-12,0.0,0,0,0,0,0,1293,-12,1141,2,0,0.0,0.0,0,0
1532,30662,2222,488,18,-18,72,57,18,-147,1149,1141,5,0,221,2,7,1,0,-2.5,13,4,204,199,-7,1279,10,0,0,0,147,-147,-6,-9,-9,-9,0.0,0,0,0,0,0,1296,-9,1149,2,0,0.0,0.0,0,0
1533,30682,2224,487,19,-16,76,58,16,-149,1150,1149,5,0,221,2,7,1,0,-2.5,13,4,204,199,-7,1279,30,0,0,0,149,-149,-4,-6,-6,-6,0.0,0,0,0,0,0,1299,-6,1150,2,0,0.0,0.0,0,0
1534,30702,2226,488,18,-9,72,58,9,-139,1166,1150,5,0,221,2,7,1,10,-1.9000000000000001,17,3,202,200,-3,1280,20,0,0,0,139,-139,0,0,0,0,0.0,0,0,0,0,0,1305,0,1166,2,0,0.0,0.0,0,0
1535,30722,2228,488,18,-4,72,59,4,-134,1171,1166,5,0,221,2,7,1,0,-2.4000000000000004,16,0,201,197,0,1281,20,0,0,0,134,-134,0,0,0,0,0.0,0,0,0,0,0,1305,0,1171,2,0,0.0,0.0,0,0
1536,30742,2230,489,17,0,68,59,0,-127,1178,1171,5,0,221,2,7,1,0,-1.9000000000000001,14,-1,201,201,1,1283,1,0,0,0,127,-127,0,0,0,0,0.0,0,0,0,0,0,1305,0,1178,2,0,0.0,0.0,0,0
1537,30762,2231,490,16,4,64,59,-4,-119,1186,1178,5,0,221,2,7,1,0,-0.7000000000000001,12,-1,200,202,1,1284,1,0,0,0,119,-119,0,0,0,0,0.0,0,0,0,0,0,1305,0,1186,2,0,0.0,0.0,0,0
1538,30782,2233,489,17,8,68,60,-8,-119,1186,1186,5,0,221,2,7,1,0,-0.7000000000000001,12,-1,200,202,1,1284,21,0,0,0,119,-119,0,0,0,0,0.0,0,0,0,0,0,1305,0,1186,0,0,0.0,0.0,0,0
1539,30802,2235,489,17,9,68,60,-9,-119,1190,1186,5,0,221,2,7,1,8,-0.9,9,1,201,202,0,1285,11,0,0,0,119,-119,2,4,4,4,0.0,0,0,0,0,0,1309,4,1190,2,0,0.0,0.0,0,0
1540,30822,2237,488,18,7,72,60,-7,-125,1188,1190,5,0,221,2,7,1,13,-1.3,13,-1,199,201,0,1286,11,0,0,0,125,-125,6,8,8,8,0.0,0,0,0,0,0,1313,8,1188,2,0,0.0,0.0,0,0
1541,30842,2238,487,19,3,76,60,-3,-133,1184,1188,5,0,221,2,7,1,14,-1.9000000000000001,15,-1,200,201,1,1287,10,0,0,0,133,-133,8,12,12,12,0.0,0,0,0,0,0,1317,12,1184,2,0,0.0,0.0,0,0
1542,30862,2239,489,17,0,68,60,0,-128,1186,1184,5,0,221,2,7,1,0,-1.8,20,1,199,199,-1,1288,10,0,0,0,128,-128,6,9,9,9,0.0,0,0,0,0,0,1314,9,1186,2,0,0.0,0.0,0,0
1543,30882,2242,490,16,1,64,60,-1,-123,1188,1186,5,0,221,2,7,1,0,-1.8,20,0,199,201,0,1289,10,0,0,0,123,-123,4,6,6,6,0.0,0,0,0,0,0,1311,6,1188,2,0,0.0,0.0,0,0
1544,30902,2243,490,16,3,64,60,-3,-121,1188,1188,5,0,221,2,7,1,0,-1.8,20,0,199,201,0,1289,30,0,0,0,121,-121,3,4,4,4,0.0,0,0,0,0,0,1309,4,1188,0,0,0.0,0.0,0,0
1545,30922,2245,490,16,7,64,60,-7,-117,1191,1188,5,0,221,2,7,1,0,-1.7000000000000002,18,4,200,200,-13,1291,1,0,0,0,117,-117,2,3,3,3,0.0,0,0,0,0,0,1308,3,1191,2,0,0.0,0.0,0,0
1546,30942,2247,490,16,10,64,60,-10,-114,1193,1191,5,0,221,2,7,1,0,-1.8,12,6,202,196,-9,1292,1,0,0,0,114,-114,1,2,2,2,0.0,0,0,0,0,0,1307,2,1193,2,0,0.0,0.0,0,0
1547,30962,2249,490,16,9,64,60,-9,-115,1191,1193,5,0,221,2,7,1,0,-1.8,12,6,202,196,-9,1292,21,0,0,0,115,-115,1,1,1,1,0.0,0,0,0,0,0,1306,1,1191,2,0,0.0,0.0,0,0
1548,30982,2250,491,15,10,60,60,-10,-110,1196,1191,5,0,221,2,7,1,0,-4.2,9,11,205,194,-13,1294,1,0,0,0,110,-110,1,1,1,1,0.0,0,0,0,0,0,1306,1,1196,2,0,0.0,0.0,0,0
1549,31002,2252,492,14,11,56,60,-11,-105,1201,1196,5,0,221,2,7,1,0,-4.2,9,11,205,194,-13,1294,21,0,0,0,105,-105,0,1,1,1,0.0,0,0,0,0,0,1306,1,1201,2,0,0.0,0.0,0,0
1550,31022,2254,492,14,14,56,60,-14,-102,1207,1201,5,0,221,4,43,1,8,-5.4,7,20,205,195,-31,1295,11,0,0,0,102,-102,3,1,1,1,-5.4,200,1000,3,3,3,1309,4,1207,2,0,0.0,0.0,0,0
1551,31042,2256,494,12,19,48,60,-19,-89,1219,1207,5,0,221,2,103,1,0,-6.6000000000000005,10,0,215,192,0,1296,11,0,0,0,89,-89,2,3,3,3,0.0,0,0,0,0,0,1308,3,1219,2,0,0.0,0.0,0,0
1552,31062,2257,494,12,23,48,60,-23,-85,1218,1219,5,0,221,2,103,1,-9,-7.6000000000000005,16,0,200,199,0,1297,11,0,0,0,85,-85,-1,-2,-2,-2,0.0,0,0,0,0,0,1303,-2,1218,2,0,0.0,0.0,0,0
1553,31082,2259,494,12,24,48,60,-24,-84,1216,1218,5,0,221,2,103,1,-9,-6.6000000000000005,17,-5,199,195,7,1298,10,0,0,0,84,-84,-4,-5,-5,-5,0.0,0,0,0,0,0,1300,-5,1216,2,0,0.0,0.0,0,0
1554,31102,2261,494,12,24,48,60,-24,-84,1212,1216,5,0,221,2,103,1,-12,-4.5,16,-11,201,204,19,1299,10,0,0,0,84,-84,-6,-9,-9,-9,0.0,0,0,0,0,0,1296,-9,1212,2,0,0.0,0.0,0,0
1555,31122,2263,494,12,22,48,60,-22,-86,1207,1212,5,0,221,2,103,1,-12,-4.5,16,-11,201,204,19,1299,30,0,0,0,86,-86,-8,-12,-12,-12,0.0,0,0,0,0,0,1293,-12,1207,2,0,0.0,0.0,0,0
1556,31142,2265,495,11,19,44,60,-19,-85,1212,1207,5,0,221,2,7,1,0,-0.30000000000000004,23,-11,200,205,15,1301,1,0,0,0,85,-85,-6,-8,-8,-8,0.0,0,0,0,0,0,1297,-8,1212,2,0,0.0,0.0,0,0
1557,31162,2266,496,10,18,40,60,-18,-82,1217,1212,5,0,221,2,7,1,0,0.1,19,-16,194,200,23,1302,1,0,0,0,82,-82,-4,-6,-6,-6,0.0,0,0,0,0,0,1299,-6,1217,2,0,0.0,0.0,0,0
1558,31182,2268,496,10,19,40,60,-19,-81,1220,1217,5,0,221,2,7,1,0,1.2000000000000002,23,-16,196,207,21,1303,1,0,0,0,81,-81,-3,-4,-4,-4,0.0,0,0,0,0,0,1301,-4,1220,2,0,0.0,0.0,0,0
1559,31202,2270,496,10,20,40,60,-20,-80,1222,1220,5,0,221,2,7,1,0,1.2000000000000002,23,-16,196,207,21,1303,21,0,0,0,80,-80,-2,-3,-3,-3,0.0,0,0,0,0,0,1302,-3,1222,2,0,0.0,0.0,0,0
1560,31222,2271,496,10,20,40,60,-20,-80,1223,1222,5,0,221,2,7,1,0,1.8,25,-14,196,204,19,1304,20,0,0,0,80,-80,-1,-2,-2,-2,0.0,0,0,0,0,0,1303,-2,1223,2,0,0.0,0.0,0,0
1561,31242,2273,496,10,19,40,60,-19,-81,1231,1223,5,0,221,2,7,1,18,2.0,28,-11,194,206,13,1305,10,0,0,0,81,-81,4,7,7,7,0.0,0,0,0,0,0,1312,7,1231,2,0,0.0,0.0,0,0
1562,31262,2275,496,10,15,40,60,-15,-85,1233,1231,5,0,221,2,7,1,19,1.8,23,-6,201,200,7,1306,10,0,0,0,85,-85,9,13,13,13,0.0,0,0,0,0,0,1318,13,1233,2,0,0.0,0.0,0,0
1563,31282,2277,497,9,14,36,60,-14,-82,1236,1233,5,0,221,2,7,1,9,1.1,27,-5,195,205,3,1307,10,0,0,0,82,-82,9,13,13,13,0.0,0,0,0,0,0,1318,13,1236,2,0,0.0,0.0,0,0
1564,31302,2278,498,8,14,32,60,-14,-78,1236,1236,5,0,221,2,7,1,0,0.30000000000000004,20,-6,203,198,9,1308,10,0,0,0,78,-78,6,9,9,9,0.0,0,0,0,0,0,1314,9,1236,0,0,0.0,0.0,0,0
1565,31322,2280,501,5,20,20,60,-20,-60,1252,1236,5,0,221,2,7,1,0,0.8,19,0,197,205,0,1309,10,0,0,0,60,-60,4,7,7,7,0.0,0,0,0,0,0,1312,7,1252,2,0,0.0,0.0,0,0
1566,31342,2282,501,5,27,20,60,-27,-53,1257,1252,5,0,221,2,7,1,0,0.8,19,0,197,205,0,1309,30,0,0,0,53,-53,3,5,5,5,0.0,0,0,0,0,0,1310,5,1257,2,0,0.0,0.0,0,0
1567,31362,2284,502,4,34,0,60,-34,-26,1282,1257,5,0,221,2,7,1,0,0.0,12,0,200,197,0,1310,20,0,0,0,26,-26,2,3,3,3,0.0,0,0,0,0,0,1308,3,1282,2,0,0.0,0.0,0,0
1568,31382,2285,501,5,38,20,60,-38,-42,1265,1282,5,0,221,2,7,1,0,-0.4,9,-3,196,202,5,1312,1,0,0,0,42,-42,1,2,2,2,0.0,0,0,0,0,0,1307,2,1265,2,0,0.0,0.0,0,0
1569,31402,2287,502,4,37,0,60,-37,-23,1284,1265,5,0,221,2,7,1,0,-0.1,10,-6,199,199,9,1313,1,0,0,0,23,-23,1,2,2,2,0.0,0,0,0,0,0,1307,2,1284,2,0,0.0,0.0,0,0
1570,31422,2289,502,4,32,0,60,-32,-28,1278,1284,5,0,221,2,7,1,0,-0.4,13,0,197,204,0,1314,1,0,0,0,28,-28,1,1,1,1,0.0,0,0,0,0,0,1306,1,1278,2,0,0.0,0.0,0,0
1571,31442,2290,501,5,26,20,60,-26,-54,1252,1278,5,0,221,2,7,1,0,-0.4,13,0,197,204,0,1314,21,0,0,0,54,-54,1,1,1,1,0.0,0,0,0,0,0,1306,1,1252,2,0,0.0,0.0,0,0
1572,31462,2292,501,5,21,20,60,-21,-59,1251,1252,5,0,221,2,7,1,11,-1.1,17,-13,200,206,20,1315,11,0,0,0,59,-59,4,5,5,5,0.0,0,0,0,0,0,1310,5,1251,2,0,0.0,0.0,0,0
1573,31482,2294,502,4,17,0,60,-17,-43,1271,1251,5,0,221,2,7,1,12,-1.2000000000000002,15,-13,194,204,17,1316,10,0,0,0,43,-43,6,9,9,9,0.0,0,0,0,0,0,1314,9,1271,2,0,0.0,0.0,0,0
1574,31502,2296,502,4,14,0,60,-14,-46,1271,1271,5,0,221,2,7,1,12,1.0,18,-13,197,208,17,1317,10,0,0,0,46,-46,8,12,12,12,0.0,0,0,0,0,0,1317,12,1271,0,0,0.0,0.0,0,0
1575,31522,2297,502,4,12,0,60,-12,-48,1265,1271,5,0,221,2,7,1,0,1.8,21,-4,200,201,7,1318,10,0,0,0,48,-48,6,8,8,8,0.0,0,0,0,0,0,1313,8,1265,2,0,0.0,0.0,0,0
1576,31542,2299,502,4,12,0,60,-12,-48,1268,1265,5,0,221,2,7,1,12,2.6,19,-4,199,204,5,1319,10,0,0,0,48,-48,7,11,11,11,0.0,0,0,0,0,0,1316,11,1268,2,0,0.0,0.0,0,0
1577,31562,2301,502,4,11,0,60,-11,-49,1269,1268,5,0,221,2,7,1,12,2.6,19,-4,199,204,5,1319,30,0,0,0,49,-49,9,13,13,13,0.0,0,0,0,0,0,1318,13,1269,2,0,0.0,0.0,0,0
1578,31582,2302,503,3,11,0,60,-11,-49,1269,1269,5,0,221,2,7,1,8,2.7,15,-9,197,198,15,1320,20,0,0,0,49,-49,9,13,13,13,0.0,0,0,0,0,0,1318,13,1269,0,0,0.0,0.0,0,0
1579,31602,2305,504,2,12,0,60,-12,-48,1270,1269,5,0,221,2,7,1,8,2.2,11,1,196,202,0,1322,1,0,0,0,48,-48,8,13,13,13,0.0,0,0,0,0,0,1318,13,1270,2,0,0.0,0.0,0,0
1580,31622,2306,504,2,14,0,60,-14,-46,1268,1270,5,0,221,2,7,1,0,0.5,11,3,202,200,-5,1323,1,0,0,0,46,-46,6,9,9,9,0.0,0,0,0,0,0,1314,9,1268,2,0,0.0,0.0,0,0
1581,31642,2308,505,1,18,0,60,-18,-42,1269,1268,5,0,221,2,7,1,0,0.6000000000000001,11,-5,198,201,0,1324,1,0,0,0,42,-42,4,6,6,6,0.0,0,0,0,0,0,1311,6,1269,2,0,0.0,0.0,0,0
1582,31662,2310,506,0,22,0,60,-22,-38,1271,1269,5,0,221,2,7,1,0,0.6000000000000001,11,-5,198,201,0,1324,21,0,0,0,38,-38,3,4,4,4,0.0,0,0,0,0,0,1309,4,1271,2,0,0.0,0.0,0,0
1583,31682,2311,506,0,24,0,60,-24,-36,1276,1271,5,0,221,2,7,1,8,1.2000000000000002,13,-1,194,202,0,1325,11,0,0,0,36,-36,4,7,7,7,0.0,0,0,0,0,0,1312,7,1276,2,0,0.0,0.0,0,0
1584,31702,2313,506,0,25,0,60,-25,-35,1280,1276,5,0,221,2,7,1,13,0.6000000000000001,14,0,200,200,0,1326,10,0,0,0,35,-35,7,10,10,10,0.0,0,0,0,0,0,1315,10,1280,2,0,0.0,0.0,0,0
1585,31722,2315,506,0,24,0,60,-24,-36,1281,1280,5,0,221,2,7,1,11,-0.8,14,3,198,199,-5,1327,10,0,0,0,36,-36,8,12,12,12,0.0,0,0,0,0,0,1317,12,1281,2,0,0.0,0.0,0,0
1586,31742,2317,506,0,20,0,60,-20,-40,1274,1281,5,0,221,2,7,1,0,-1.4000000000000001,14,7,202,198,-9,1328,10,0,0,0,40,-40,6,9,9,9,0.0,0,0,0,0,0,1314,9,1274,2,0,0.0,0.0,0,0
1587,31762,2318,506,0,17,0,60,-17,-43,1274,1274,5,0,221,2,7,1,13,-2.9000000000000004,15,4,201,199,-3,1329,10,0,0,0,43,-43,8,12,12,12,0.0,0,0,0,0,0,1317,12,1274,0,0,0.0,0.0,0,0
1588,31782,2320,506,0,14,0,60,-14,-46,1273,1274,5,0,221,2,7,1,13,-2.9000000000000004,15,4,201,199,-3,1329,30,0,0,0,46,-46,9,14,14,14,0.0,0,0,0,0,0,1319,14,1273,2,0,0.0,0.0,0,0
1589,31802,2322,506,0,11,0,60,-11,-49,1266,1273,5,0,221,2,7,1,0,-3.2,17,2,198,199,-3,1331,1,0,0,0,49,-49,7,10,10,10,0.0,0,0,0,0,0,1315,10,1266,2,0,0.0,0.0,0,0
1590,31822,2324,508,-2,12,0,60,-12,-48,1264,1266,5,0,221,2,7,1,0,-3.2,17,2,198,199,-3,1331,21,0,0,0,48,-48,5,7,7,7,0.0,0,0,0,0,0,1312,7,1264,2,0,0.0,0.0,0,0
1591,31842,2325,506,0,11,0,60,-11,-49,1264,1264,5,0,221,2,7,1,8,-3.4000000000000004,18,6,202,203,-9,1332,20,0,0,0,49,-49,6,8,8,8,0.0,0,0,0,0,0,1313,8,1264,0,0,0.0,0.0,0,0
1592,31862,2327,505,1,8,0,60,-8,-52,1259,1264,5,0,221,2,7,1,0,-2.8000000000000003,16,0,201,203,0,1334,1,0,0,0,52,-52,4,6,6,6,0.0,0,0,0,0,0,1311,6,1259,2,0,0.0,0.0,0,0
1593,31882,2329,505,1,4,0,60,-4,-56,1253,1259,5,0,221,2,7,1,0,-2.8000000000000003,16,0,201,203,0,1334,21,0,0,0,56,-56,3,4,4,4,0.0,0,0,0,0,0,1309,4,1253,2,0,0.0,0.0,0,0
1594,31902,2331,503,3,-4,0,60,4,-64,1249,1253,5,0,221,2,7,1,12,-2.2,14,0,201,201,0,1335,11,0,0,0,64,-64,6,8,8,8,0.0,0,0,0,0,0,1313,8,1249,2,0,0.0,0.0,0,0
1595,31922,2332,504,2,-9,0,60,9,-69,1249,1249,5,0,221,2,7,1,15,-2.1,13,2,203,198,-3,1336,11,0,0,0,69,-69,8,13,13,13,0.0,0,0,0,0,0,1318,13,1249,0,0,0.0,0.0,0,0
1596,31942,2334,504,2,-12,0,60,12,-72,1246,1249,5,0,221,2,7,1,10,-2.1,16,-1,203,201,1,1337,10,0,0,0,72,-72,9,13,13,13,0.0,0,0,0,0,0,1318,13,1246,2,0,0.0,0.0,0,0
1597,31962,2336,504,2,-12,0,60,12,-72,1256,1246,5,0,221,2,7,1,30,-1.8,19,0,201,203,1,1338,10,0,0,0,72,-72,15,23,23,23,0.0,0,0,0,0,0,1328,23,1256,2,0,0.0,0.0,0,0
1598,31982,2338,504,2,-10,0,60,10,-70,1262,1256,5,0,221,2,7,1,25,-2.0,17,8,197,202,-11,1339,10,0,0,0,70,-70,18,27,27,27,0.0,0,0,0,0,0,1332,27,1262,2,0,0.0,0.0,0,0
1599,32002,2339,504,2,-8,0,60,8,-68,1267,1262,5,0,221,2,7,1,25,-2.0,17,8,197,202,-11,1339,30,0,0,0,68,-68,20,30,30,30,0.0,0,0,0,0,0,1335,30,1267,2,0,0.0,0.0,0,0
1600,32022,2341,505,1,-5,0,60,5,-65,1267,1267,5,0,221,2,7,1,12,-4.4,20,-1,198,196,-1,1341,1,0,0,0,65,-65,18,27,27,27,0.0,0,0,0,0,0,1332,27,1267,0,0,0.0,0.0,0,0
1601,32042,2343,506,0,-1,0,60,1,-61,1263,1267,5,0,221,2,7,1,0,-2.0,17,0,199,199,0,1342,1,0,0,0,61,-61,12,19,19,19,0.0,0,0,0,0,0,1324,19,1263,2,0,0.0,0.0,0,0
1602,32062,2345,506,0,4,0,60,-4,-56,1262,1263,5,0,221,2,7,1,0,-2.0,17,0,199,199,0,1342,21,0,0,0,56,-56,9,13,13,13,0.0,0,0,0,0,0,1318,13,1262,2,0,0.0,0.0,0,0
1603,32082,2346,506,0,8,0,60,-8,-52,1262,1262,5,0,221,2,7,1,0,-2.5,15,0,196,200,0,1343,20,0,0,0,52,-52,6,9,9,9,0.0,0,0,0,0,0,1314,9,1262,0,0,0.0,0.0,0,0
1604,32102,2348,506,0,10,0,60,-10,-50,1267,1262,5,0,221,2,7,1,13,0.1,16,7,202,199,-13,1344,20,0,0,0,50,-50,8,12,12,12,0.0,0,0,0,0,0,1317,12,1267,2,0,0.0,0.0,0,0
1605,32122,2350,505,1,8,0,60,-8,-52,1271,1267,5,0,221,2,7,1,20,-2.0,17,5,205,199,-5,1345,11,0,0,0,52,-52,12,18,18,18,0.0,0,0,0,0,0,1323,18,1271,2,0,0.0,0.0,0,0
1606,32142,2352,504,2,3,0,60,-3,-57,1268,1271,5,0,221,2,7,1,18,-1.8,12,-3,202,197,0,1346,11,0,0,0,57,-57,14,20,20,20,0.0,0,0,0,0,0,1325,20,1268,2,0,0.0,0.0,0,0
1607,32162,2353,504,2,-2,0,60,2,-62,1262,1268,5,0,221,2,7,1,10,-2.6,12,13,196,203,0,1347,11,0,0,0,62,-62,13,19,19,19,0.0,0,0,0,0,0,1324,19,1262,2,0,0.0,0.0,0,0
1608,32182,2355,503,3,-8,0,60,8,-68,1250,1262,5,0,221,2,7,1,0,-2.1,10,4,204,194,-3,1348,11,0,0,0,68,-68,9,13,13,13,0.0,0,0,0,0,0,1318,13,1250,2,0,0.0,0.0,0,0
1609,32202,2357,502,4,-14,0,60,14,-74,1248,1250,5,0,221,2,7,1,18,-2.9000000000000004,12,2,199,203,-1,1349,11,0,0,0,74,-74,12,17,17,17,0.0,0,0,0,0,0,1322,17,1248,2,0,0.0,0.0,0,0
1610,32222,2359,502,4,-17,0,60,17,-77,1240,1248,5,0,221,2,7,1,0,-0.8,15,1,205,200,-1,1350,1,0,0,0,77,-77,8,12,12,12,0.0,0,0,0,0,0,1317,12,1240,2,0,0.0,0.0,0,0
1611,32242,2360,502,4,-19,0,60,19,-79,1238,1240,5,0,221,2,7,1,8,-2.4000000000000004,15,-2,198,201,3,1351,1,0,0,0,79,-79,8,12,12,12,0.0,0,0,0,0,0,1317,12,1238,2,0,0.0,0.0,0,0
1612,32262,2362,502,4,-19,0,60,19,-79,1246,1238,5,0,221,2,7,1,26,-1.1,18,-2,206,200,3,1352,1,0,0,0,79,-79,13,20,20,20,0.0,0,0,0,0,0,1325,20,1246,2,0,0.0,0.0,0,0
1613,32282,2364,502,4,-17,0,60,17,-77,1251,1246,5,0,221,2,7,1,19,-1.6,18,0,199,203,0,1353,1,0,0,0,77,-77,15,23,23,23,0.0,0,0,0,0,0,1328,23,1251,2,0,0.0,0.0,0,0
1614,32302,2366,503,3,-12,0,60,12,-72,1257,1251,5,0,221,2,7,1,18,-1.1,15,0,202,198,0,1354,0,0,0,0,72,-72,16,24,24,24,0.0,0,0,0,0,0,1329,24,1257,2,0,0.0,0.0,0,0
1615,32322,2367,505,1,-6,0,60,6,-66,1264,1257,5,0,221,2,7,1,18,-1.1,15,0,202,198,0,1354,20,0,0,0,66,-66,17,25,25,25,0.0,0,0,0,0,0,1330,25,1264,2,0,0.0,0.0,0,0
1616,32342,2369,506,0,3,0,60,-3,-57,1275,1264,5,0,221,2,7,1,21,-1.6,11,-3,202,202,5,1355,11,0,0,0,57,-57,18,27,27,27,0.0,0,0,0,0,0,1332,27,1275,2,0,0.0,0.0,0,0
1617,32362,2371,506,0,12,0,60,-12,-48,1276,1275,5,0,221,2,7,1,0,-1.9000000000000001,16,-2,199,196,3,1356,11,0,0,0,48,-48,13,19,19,19,0.0,0,0,0,0,0,1324,19,1276,2,0,0.0,0.0,0,0
1618,32382,2373,508,-2,21,0,60,-21,-39,1279,1276,5,0,221,2,7,1,0,-0.30000000000000004,12,-1,198,205,1,1357,11,0,0,0,39,-39,9,13,13,13,0.0,0,0,0,0,0,1318,13,1279,2,0,0.0,0.0,0,0
1619,32402,2374,508,-2,27,0,60,-27,-33,1281,1279,5,0,221,2,7,1,0,-0.4,15,2,196,194,0,1358,11,0,0,0,33,-33,6,9,9,9,0.0,0,0,0,0,0,1314,9,1281,2,0,0.0,0.0,0,0
1620,32422,2376,508,-2,28,0,60,-28,-32,1285,1281,5,0,221,2,7,1,12,0.4,16,2,200,202,0,1359,12,0,0,0,32,-32,8,12,12,12,0.0,0,0,0,0,0,1317,12,1285,2,0,0.0,0.0,0,0
1621,32442,2378,509,-3,29,0,60,-29,-31,1282,1285,5,0,221,2,7,1,0,0.6000000000000001,21,-1,199,197,0,1360,1,0,0,0,31,-31,6,8,8,8,0.0,0,0,0,0,0,1313,8,1282,2,0,0.0,0.0,0,0
1622,32462,2380,508,-2,26,0,60,-26,-34,1284,1282,5,0,221,2,7,1,15,-1.2000000000000002,19,0,200,204,0,1361,1,0,0,0,34,-34,8,13,13,13,0.0,0,0,0,0,0,1318,13,1284,2,0,0.0,0.0,0,0
1623,32482,2381,508,-2,24,0,60,-24,-36,1291,1284,5,0,221,2,7,1,30,-1.1,24,0,201,199,0,1362,1,0,0,0,36,-36,15,22,22,22,0.0,0,0,0,0,0,1327,22,1291,2,0,0.0,0.0,0,0
1624,32502,2383,507,-1,17,0,60,-17,-43,1290,1291,5,0,221,2,7,1,27,-2.5,26,0,200,201,0,1363,1,0,0,0,43,-43,19,28,28,28,0.0,0,0,0,0,0,1333,28,1290,2,0,0.0,0.0,0,0
1625,32522,2385,508,-2,12,0,60,-12,-48,1290,1290,5,0,221,2,7,1,31,-2.1,25,5,204,198,-7,1364,1,0,0,0,48,-48,22,33,33,33,0.0,0,0,0,0,0,1338,33,1290,0,0,0.0,0.0,0,0
1626,32542,2386,508,-2,9,0,60,-9,-51,1291,1290,5,0,221,2,7,1,31,-2.1,25,5,204,198,-7,1364,21,0,0,0,51,-51,25,37,37,37,0.0,0,0,0,0,0,1342,37,1291,2,0,0.0,0.0,0,0
1627,32562,2388,508,-2,6,0,60,-6,-54,1286,1291,5,0,221,2,7,1,19,-2.8000000000000003,22,3,202,200,-3,1365,10,0,0,0,54,-54,23,35,35,35,0.0,0,0,0,0,0,1340,35,1286,2,0,0.0,0.0,0,0
1628,32582,2390,510,-4,8,0,60,-8,-52,1284,1286,5,0,221,2,7,1,16,-3.5,22,2,201,202,-1,1366,10,0,0,0,52,-52,21,31,31,31,0.0,0,0,0,0,0,1336,31,1284,2,0,0.0,0.0,0,0
1629,32602,2392,512,-6,16,-24,60,-16,-20,1319,1284,5,0,221,2,7,1,26,-2.4000000000000004,24,4,201,200,-5,1367,10,0,0,0,20,-20,22,34,34,34,0.0,0,0,0,0,0,1339,34,1319,2,0,0.0,0.0,0,0
1630,32622,2393,513,-7,23,-28,60,-23,-9,1324,1319,5,0,221,2,7,1,9,-3.1,22,5,203,198,-7,1368,10,0,0,0,9,-9,18,28,28,28,0.0,0,0,0,0,0,1333,28,1324,2,0,0.0,0.0,0,0
1631,32642,2395,515,-9,33,-36,59,-33,9,1339,1324,5,0,221,2,7,1,13,-2.6,22,4,201,198,-5,1369,10,0,0,0,-9,9,17,25,25,25,0.0,0,0,0,0,0,1330,25,1339,2,0,0.0,0.0,0,0
1632,32662,2397,517,-11,43,-44,59,-43,28,1356,1339,5,0,221,2,7,1,13,-2.6,22,4,201,198,-5,1369,30,0,0,0,-28,28,16,23,23,23,0.0,0,0,0,0,0,1328,23,1356,2,0,0.0,0.0,0,0
1633,32682,2399,518,-12,50,-48,59,-50,40,1366,1356,5,0,221,2,7,1,11,-3.7,19,9,203,193,-15,1370,20,0,0,0,-40,40,14,21,21,21,0.0,0,0,0,0,0,1326,21,1366,2,0,0.0,0.0,0,0
1634,32702,2400,519,-13,56,-52,59,-56,49,1374,1366,5,0,221,2,7,1,12,-3.5,24,11,202,198,-19,1371,20,0,0,0,-49,49,14,20,20,20,0.0,0,0,0,0,0,1325,20,1374,2,0,0.0,0.0,0,0
1635,32722,2402,520,-14,58,-56,58,-58,56,1382,1374,5,0,221,2,7,1,16,-4.7,12,9,203,198,-9,1373,1,0,0,0,-56,56,14,21,21,21,0.0,0,0,0,0,0,1326,21,1382,2,0,0.0,0.0,0,0
1636,32742,2404,520,-14,57,-56,58,-57,55,1370,1382,5,0,221,4,43,1,23,-4.9,13,20,204,197,-31,1374,1,0,0,0,-55,55,17,8,8,8,-4.9,201,1000,2,2,2,1315,10,1370,2,0,0.0,0.0,0,0
1637,32762,2406,520,-14,52,-56,58,-52,50,1365,1370,5,0,221,4,43,1,23,-4.9,13,20,204,197,-31,1374,21,0,0,0,-50,50,19,8,8,8,-4.9,201,1000,2,2,2,1315,11,1365,2,0,0.0,0.0,0,0
1638,32782,2407,520,-14,46,-56,57,-46,45,1360,1365,5,0,221,4,43,1,10,-6.0,16,20,212,191,-26,1375,11,0,0,0,-45,45,16,7,7,7,-6.0,202,1000,3,3,3,1315,10,1360,2,0,0.0,0.0,0,0
1639,32802,2409,522,-16,41,-64,57,-41,48,1362,1360,5,0,221,4,43,1,0,-7.6000000000000005,9,20,209,193,-26,1376,11,0,0,0,-48,48,11,5,5,5,-7.6000000000000005,201,1000,4,4,4,1314,9,1362,2,0,0.0,0.0,0,0
1640,32822,2411,523,-17,39,-68,56,-39,50,1364,1362,5,0,221,4,43,1,12,-8.1,12,20,211,190,-26,1377,10,0,0,0,-50,50,11,5,5,5,-8.1,201,1000,4,4,4,1314,9,1364,2,0,0.0,0.0,0,0
1641,32842,2413,524,-18,40,-72,56,-40,56,1371,1364,5,0,221,4,43,1,17,-8.9,14,20,211,194,-26,1378,10,0,0,0,-56,56,13,6,6,6,-8.9,203,1000,4,4,4,1315,10,1371,2,0,0.0,0.0,0,0
1642,32862,2414,525,-19,41,-76,56,-41,62,1376,1371,5,0,221,4,11,1,0,-9.4,16,20,208,188,-26,1379,10,0,0,0,-62,62,9,4,4,4,-9.4,198,990,5,5,5,1314,9,1376,2,0,0.0,0.0,0,0
1643,32882,2416,525,-19,43,-76,55,-43,64,1377,1376,5,0,221,4,11,1,0,-9.4,16,20,208,188,-26,1379,30,0,0,0,-64,64,6,3,3,3,-9.4,198,990,5,5,5,1313,8,1377,2,0,0.0,0.0,0,0
1644,32902,2418,526,-20,42,-80,55,-42,67,1378,1377,5,0,221,4,11,1,0,-8.6,14,20,211,190,-26,1381,1,0,0,0,-67,67,5,2,2,2,-8.6,201,1000,4,4,4,1311,6,1378,2,0,0.0,0.0,0,0
1645,32922,2420,528,-22,42,-88,54,-42,76,1386,1378,5,0,221,4,11,1,0,-8.200000000000001,12,20,210,191,-26,1382,0,0,0,0,-76,76,3,1,1,1,-8.200000000000001,201,1000,4,4,4,1310,6,1386,2,0,0.0,0.0,0,0
1646,32942,2421,529,-23,44,-92,54,-44,82,1392,1386,5,0,221,4,11,1,0,-8.200000000000001,12,20,210,191,-26,1382,20,0,0,0,-82,82,2,1,1,1,-8.200000000000001,201,1000,4,4,4,1310,5,1392,2,0,0.0,0.0,0,0
1647,32962,2423,531,-25,47,-100,53,-47,94,1406,1392,5,0,221,4,11,1,17,-8.4,17,42,212,188,-53,1384,1,0,0,0,-94,94,7,3,3,3,-8.4,200,1000,4,4,4,1312,7,1406,2,0,0.0,0.0,0,0
1648,32982,2425,531,-25,51,-100,52,-51,99,1412,1406,5,0,221,4,11,1,17,-8.4,17,42,212,188,-53,1384,21,0,0,0,-99,99,10,4,4,4,-8.4,200,1000,4,4,4,1313,9,1412,2,0,0.0,0.0,0,0
1649,33002,2426,532,-26,53,-104,52,-53,105,1415,1412,5,0,221,4,11,1,-30,-11.600000000000001,30,44,218,179,-59,1385,11,0,0,0,-105,105,-2,-1,-1,-1,-11.600000000000001,199,993,6,6,6,1310,5,1415,2,0,0.0,0.0,0,0
1650,33022,2428,533,-27,54,-108,51,-54,111,1422,1415,5,0,221,4,11,1,0,-13.3,36,42,224,179,-53,1386,11,0,0,0,-111,111,-2,-1,-1,-1,-13.3,202,1000,7,7,7,1311,6,1422,2,0,0.0,0.0,0,0
1651,33042,2430,534,-28,52,-112,50,-52,114,1426,1422,5,0,221,4,11,1,0,-15.0,34,52,218,181,-71,1387,11,0,0,0,-114,114,-1,0,0,0,-15.0,200,998,7,7,7,1312,7,1426,2,0,0.0,0.0,0,0
1652,33062,2432,534,-28,48,-112,50,-48,111,1428,1426,5,0,221,4,11,1,29,-16.2,39,59,231,174,-81,1388,11,0,0,0,-111,111,8,4,4,4,-16.2,203,1000,8,8,8,1317,12,1428,2,0,0.0,0.0,0,0
1653,33082,2433,534,-28,45,-112,49,-45,108,1428,1428,5,0,221,4,11,1,26,-18.900000000000002,39,49,225,172,-63,1389,10,0,0,0,-108,108,13,6,6,6,-18.900000000000002,199,993,9,9,9,1320,15,1428,0,0,0.0,0.0,0,0
1654,33102,2435,536,-30,43,-120,48,-43,114,1436,1428,5,0,221,4,11,1,26,-18.900000000000002,39,49,225,172,-63,1389,30,0,0,0,-114,114,17,8,8,8,-18.900000000000002,199,993,9,9,9,1322,17,1436,2,0,0.0,0.0,0,0
1655,33122,2437,536,-30,40,-120,48,-40,113,1433,1436,5,0,221,4,11,1,0,-19.8,25,61,233,166,-79,1391,1,0,0,0,-113,113,12,5,5,5,-19.8,200,998,10,10,10,1320,15,1433,2,0,0.0,0.0,0,0
1656,33142,2439,535,-29,36,-116,47,-36,105,1428,1433,5,0,221,4,11,1,25,-21.0,30,62,234,167,-81,1392,1,0,0,0,-105,105,16,7,7,7,-21.0,201,1000,11,11,11,1323,18,1428,2,0,0.0,0.0,0,0
1657,33162,2441,536,-30,32,-120,46,-32,106,1433,1428,5,0,221,4,11,1,34,-24.200000000000003,24,63,233,173,-83,1393,1,0,0,0,-106,106,21,10,10,10,-24.200000000000003,203,1000,12,12,12,1327,22,1433,2,0,0.0,0.0,0,0
1658,33182,2442,535,-29,27,-116,46,-27,97,1428,1433,5,0,221,4,11,1,45,-25.700000000000003,21,65,234,168,-85,1394,1,0,0,0,-97,97,28,13,13,13,-25.700000000000003,201,1000,13,13,13,1331,26,1428,2,0,0.0,0.0,0,0
1659,33202,2444,536,-30,21,-120,45,-21,96,1429,1428,5,0,221,4,11,1,45,-25.700000000000003,21,65,234,168,-85,1394,21,0,0,0,-96,96,33,15,15,15,-25.700000000000003,201,1000,13,13,13,1333,28,1429,2,0,0.0,0.0,0,0
1660,33222,2446,537,-31,19,-124,44,-19,99,1434,1429,5,0,221,4,11,1,41,-27.900000000000002,21,65,237,165,-85,1395,11,0,0,0,-99,99,36,16,16,16,-27.900000000000002,201,1000,14,14,14,1335,30,1434,2,0,0.0,0.0,0,0
1661,33242,2447,538,-32,19,-128,43,-19,103,1437,1434,5,0,221,4,11,1,23,-30.0,22,65,237,165,-85,1396,11,0,0,0,-103,103,32,14,14,14,-30.0,201,1000,15,15,15,1334,29,1437,2,0,0.0,0.0,0,0
1662,33262,2449,538,-32,21,-128,43,-21,106,1439,1437,5,0,221,4,11,1,18,-31.1,17,65,236,165,-85,1397,11,0,0,0,-106,106,28,12,12,12,-31.1,201,1000,16,16,16,1333,28,1439,2,0,0.0,0.0,0,0
1663,33282,2451,540,-34,26,-136,42,-26,120,1453,1439,5,0,221,4,11,1,21,-32.1,19,65,236,163,-85,1398,11,0,0,0,-120,120,26,12,12,12,-32.1,200,998,16,16,16,1333,28,1453,2,0,0.0,0.0,0,0
1664,33302,2453,542,-36,32,-144,41,-32,135,1468,1453,5,0,221,4,11,1,20,-33.0,21,65,240,161,-85,1399,11,0,0,0,-135,135,24,11,11,11,-33.0,201,1000,17,17,17,1333,27,1468,2,0,0.0,0.0,0,0
1665,33322,2454,541,-35,35,-140,40,-35,135,1467,1468,5,0,221,4,11,1,20,-33.0,21,65,240,161,-85,1399,31,0,0,0,-135,135,23,10,10,10,-33.0,201,1000,17,17,17,1332,27,1467,2,0,0.0,0.0,0,0
1666,33342,2456,542,-36,37,-144,39,-37,142,1472,1467,5,0,221,4,11,1,13,-32.9,20,65,236,162,-85,1401,1,0,0,0,-142,142,20,9,9,9,-32.9,199,995,16,16,16,1330,25,1472,2,0,0.0,0.0,0,0
1667,33362,2458,544,-38,40,-152,38,-40,154,1483,1472,5,0,221,4,11,1,13,-31.700000000000003,20,65,237,161,-85,1402,1,0,0,0,-154,154,18,8,8,8,-31.700000000000003,199,995,16,16,16,1329,24,1483,2,0,0.0,0.0,0,0
1668,33382,2460,544,-38,40,-152,37,-40,155,1482,1483,5,0,221,4,11,1,0,-32.300000000000004,19,65,237,162,-85,1403,1,0,0,0,-155,155,12,6,6,6,-32.300000000000004,200,998,16,16,16,1327,22,1482,2,0,0.0,0.0,0,0
1669,33402,2461,543,-37,38,-148,37,-38,149,1474,1482,5,0,221,4,11,1,0,-32.0,14,65,235,163,-85,1404,1,0,0,0,-149,149,9,4,4,4,-32.0,199,995,16,16,16,1325,20,1474,2,0,0.0,0.0,0,0
1670,33422,2463,543,-37,34,-148,36,-34,147,1471,1474,5,0,221,4,11,1,0,-32.0,14,65,235,163,-85,1404,21,0,0,0,-147,147,6,3,3,3,-32.0,199,995,16,16,16,1324,19,1471,2,0,0.0,0.0,0,0
1671,33442,2465,542,-36,27,-144,35,-27,136,1461,1471,5,0,221,4,11,1,8,-33.800000000000004,15,65,238,163,-85,1405,12,0,0,0,-136,136,7,3,3,3,-33.800000000000004,201,1000,17,17,17,1325,20,1461,2,0,0.0,0.0,0,0
1672,33462,2467,543,-37,18,-148,34,-18,133,1459,1461,5,0,221,4,11,1,15,-34.1,16,65,239,162,-85,1406,11,0,0,0,-133,133,9,4,4,4,-34.1,201,1000,17,17,17,1326,21,1459,2,0,0.0,0.0,0,0
1673,33482,2468,544,-38,14,-152,33,-14,132,1460,1459,5,0,221,4,11,1,12,-35.4,16,65,238,162,-85,1407,11,0,0,0,-132,132,10,5,5,5,-35.4,200,1000,18,18,18,1328,22,1460,2,0,0.0,0.0,0,0
1674,33502,2470,543,-37,12,-148,32,-12,128,1456,1460,5,0,221,4,11,1,11,-35.800000000000004,13,65,241,161,-85,1408,11,0,0,0,-128,128,10,5,5,5,-35.800000000000004,201,1000,18,18,18,1328,23,1456,2,0,0.0,0.0,0,0
1675,33522,2472,542,-36,9,-144,31,-9,122,1450,1456,5,0,221,4,11,1,11,-36.6,14,65,243,162,-85,1409,11,0,0,0,-122,122,11,5,5,5,-36.6,203,1000,18,18,18,1328,23,1450,2,0,0.0,0.0,0,0
1676,33542,2474,542,-36,6,-144,30,-6,120,1450,1450,5,0,221,4,11,1,31,-36.4,16,65,241,161,-85,1410,1,0,0,0,-120,120,17,7,7,7,-36.4,201,1000,18,18,18,1330,26,1450,0,0,0.0,0.0,0,0
1677,33562,2475,542,-36,3,-144,30,-3,118,1451,1450,5,0,221,4,11,1,33,-36.2,12,62,240,160,-81,1411,1,0,0,0,-118,118,22,10,10,10,-36.2,200,1000,18,18,18,1333,28,1451,2,0,0.0,0.0,0,0
1678,33582,2477,543,-37,0,-148,29,0,119,1452,1451,5,0,221,4,11,1,27,-35.4,12,60,238,163,-78,1412,1,0,0,0,-119,119,23,10,10,10,-35.4,201,1000,18,18,18,1333,28,1452,2,0,0.0,0.0,0,0
1679,33602,2479,544,-38,2,-152,27,-2,127,1460,1452,5,0,221,4,11,1,26,-34.800000000000004,12,61,239,160,-79,1413,1,0,0,0,-127,127,24,11,11,11,-34.800000000000004,200,998,17,17,17,1333,28,1460,2,0,0.0,0.0,0,0
1680,33622,2481,544,-38,7,-152,26,-7,132,1462,1460,5,0,221,4,11,1,0,-34.5,16,61,238,162,-79,1414,1,0,0,0,-132,132,17,8,8,8,-34.5,200,1000,17,17,17,1330,25,1462,2,0,0.0,0.0,0,0
1681,33642,2482,544,-38,10,-152,26,-10,136,1463,1462,5,0,221,4,11,1,0,-34.5,16,61,238,162,-79,1414,21,0,0,0,-136,136,12,5,5,5,-34.5,200,1000,17,17,17,1327,23,1463,2,0,0.0,0.0,0,0
1682,33662,2484,544,-38,12,-152,25,-12,139,1467,1463,5,0,221,4,11,1,15,-35.0,12,56,238,161,-69,1415,11,0,0,0,-139,139,13,6,6,6,-35.0,200,998,17,17,17,1328,23,1467,2,0,0.0,0.0,0,0
1683,33682,2486,544,-38,11,-152,24,-11,139,1468,1467,5,0,221,4,11,1,16,-35.1,12,59,238,165,-79,1416,11,0,0,0,-139,139,14,6,6,6,-35.1,202,1000,18,18,18,1329,24,1468,2,0,0.0,0.0,0,0
1684,33702,2488,542,-36,6,-144,23,-6,127,1455,1468,5,0,221,4,11,1,15,-34.9,11,55,238,161,-71,1417,11,0,0,0,-127,127,14,6,6,6,-34.9,200,998,17,17,17,1328,24,1455,2,0,0.0,0.0,0,0
1685,33722,2489,542,-36,1,-144,22,-1,122,1452,1455,5,0,221,4,11,1,17,-35.2,14,51,238,163,-61,1418,10,0,0,0,-122,122,15,7,7,7,-35.2,201,1000,18,18,18,1330,24,1452,2,0,0.0,0.0,0,0
1686,33742,2490,542,-36,-4,-144,22,4,118,1447,1452,5,0,221,4,11,1,8,-35.1,12,46,232,169,-59,1419,10,0,0,0,-118,118,13,6,6,6,-35.1,201,1000,18,18,18,1329,23,1447,2,0,0.0,0.0,0,0
1687,33762,2493,542,-36,-8,-144,20,8,116,1444,1447,5,0,221,4,11,1,8,-35.1,12,46,232,169,-59,1419,30,0,0,0,-116,116,11,5,5,5,-35.1,201,1000,18,18,18,1328,23,1444,2,0,0.0,0.0,0,0
1688,33782,2494,542,-36,-10,-144,20,10,114,1439,1444,5,0,221,4,11,1,0,-33.1,13,43,236,160,-49,1421,1,0,0,0,-114,114,8,4,4,4,-33.1,198,990,16,16,16,1325,20,1439,2,0,0.0,0.0,0,0
1689,33802,2496,540,-34,-13,-136,19,13,104,1428,1439,5,0,221,4,11,1,0,-32.5,13,33,227,170,-37,1422,2,0,0,0,-104,104,6,3,3,3,-32.5,199,993,16,16,16,1324,19,1428,2,0,0.0,0.0,0,0
1690,33822,2498,540,-34,-14,-136,18,14,104,1427,1428,5,0,221,4,11,1,0,-31.1,15,52,228,173,-73,1423,1,0,0,0,-104,104,4,2,2,2,-31.1,201,1000,16,16,16,1323,17,1427,2,0,0.0,0.0,0,0
1691,33842,2500,540,-34,-16,-136,17,16,103,1426,1427,5,0,221,4,11,1,12,-29.900000000000002,16,59,242,160,-81,1424,1,0,0,0,-103,103,6,3,3,3,-29.900000000000002,201,1000,15,15,15,1323,18,1426,2,0,0.0,0.0,0,0
1692,33862,2502,540,-34,-17,-136,16,17,103,1427,1426,5,0,221,4,11,1,12,-29.900000000000002,16,59,242,160,-81,1424,21,0,0,0,-103,103,8,4,4,4,-29.900000000000002,201,1000,15,15,15,1324,19,1427,2,0,0.0,0.0,0,0
1693,33882,2503,540,-34,-16,-136,16,16,104,1430,1427,5,0,221,4,11,1,28,-30.900000000000002,19,30,241,161,-21,1425,11,0,0,0,-104,104,14,6,6,6,-30.900000000000002,201,1000,15,15,15,1326,22,1430,2,0,0.0,0.0,0,0
1694,33902,2505,538,-32,-16,-128,15,16,97,1424,1430,5,0,221,4,11,1,16,-30.700000000000003,20,59,221,186,-61,1426,11,0,0,0,-97,97,15,7,7,7,-30.700000000000003,204,1000,15,15,15,1327,22,1424,2,0,0.0,0.0,0,0
1695,33922,2507,537,-31,-19,-124,14,19,92,1418,1424,5,0,221,4,11,1,19,-27.200000000000003,23,57,241,158,-73,1427,11,0,0,0,-92,92,16,7,7,7,-27.200000000000003,200,998,14,14,14,1326,21,1418,2,0,0.0,0.0,0,0
1696,33942,2508,536,-30,-22,-120,14,22,84,1410,1418,5,0,221,4,11,1,12,-28.0,19,33,229,170,-43,1428,11,0,0,0,-84,84,15,7,7,7,-28.0,200,998,14,14,14,1326,21,1410,2,0,0.0,0.0,0,0
1697,33962,2510,535,-29,-27,-116,13,27,76,1402,1410,5,0,221,4,11,1,24,-25.900000000000002,18,40,229,177,-53,1429,10,0,0,0,-76,76,18,8,8,8,-25.900000000000002,203,1000,13,13,13,1326,21,1402,2,0,0.0,0.0,0,0
1698,33982,2512,534,-28,-33,-112,12,33,67,1394,1402,5,0,221,4,11,1,24,-25.900000000000002,18,40,229,177,-53,1429,30,0,0,0,-67,67,19,9,9,9,-25.900000000000002,203,1000,13,13,13,1327,22,1394,2,0,0.0,0.0,0,0
1699,34002,2514,534,-28,-35,-112,11,35,66,1392,1394,5,0,221,4,11,1,19,-25.0,13,51,235,163,-67,1431,1,0,0,0,-66,66,19,9,9,9,-25.0,199,995,12,12,12,1326,21,1392,2,0,0.0,0.0,0,0
1700,34022,2516,535,-29,-32,-116,10,32,73,1400,1392,5,0,221,4,11,1,12,-28.0,11,42,229,168,-51,1432,1,0,0,0,-73,73,17,8,8,8,-28.0,199,993,14,14,14,1327,22,1400,2,0,0.0,0.0,0,0
1701,34042,2517,534,-28,-29,-112,10,29,73,1399,1400,5,0,221,4,11,1,11,-28.8,10,26,227,171,-25,1433,1,0,0,0,-73,73,15,7,7,7,-28.8,199,995,14,14,14,1326,21,1399,2,0,0.0,0.0,0,0
1702,34062,2519,534,-28,-24,-112,9,24,79,1406,1399,5,0,221,4,11,1,22,-28.3,10,41,221,178,-59,1434,1,0,0,0,-79,79,17,8,8,8,-28.3,200,998,14,14,14,1327,22,1406,2,0,0.0,0.0,0,0
1703,34082,2521,534,-28,-19,-112,8,19,84,1411,1406,5,0,221,4,11,1,22,-28.3,10,41,221,178,-59,1434,21,0,0,0,-84,84,19,8,8,8,-28.3,200,998,14,14,14,1327,23,1411,2,0,0.0,0.0,0,0
1704,34102,2522,534,-28,-16,-112,8,16,88,1413,1411,5,0,221,4,11,1,0,-28.200000000000003,17,46,225,168,-63,1435,10,0,0,0,-88,88,13,6,6,6,-28.200000000000003,197,983,14,14,14,1325,20,1413,2,0,0.0,0.0,0,0
1705,34122,2524,532,-26,-16,-104,7,16,81,1403,1413,5,0,221,4,11,1,0,-27.200000000000003,18,47,231,164,-61,1436,10,0,0,0,-81,81,9,4,4,4,-27.200000000000003,198,988,13,13,13,1322,18,1403,2,0,0.0,0.0,0,0
1706,34142,2526,533,-27,-16,-108,7,16,86,1408,1403,5,0,221,4,11,1,0,-27.8,20,50,229,169,-65,1437,10,0,0,0,-86,86,6,3,3,3,-27.8,199,995,14,14,14,1322,17,1408,2,0,0.0,0.0,0,0
1707,34162,2528,531,-25,-18,-100,6,18,76,1397,1408,5,0,221,4,11,1,0,-28.6,22,32,233,168,-31,1438,10,0,0,0,-76,76,4,2,2,2,-28.6,201,1000,14,14,14,1321,16,1397,2,0,0.0,0.0,0,0
1708,34182,2529,530,-24,-21,-96,6,21,69,1390,1397,5,0,221,4,11,1,8,-28.400000000000002,21,45,222,182,-59,1439,10,0,0,0,-69,69,6,2,2,2,-28.400000000000002,202,1000,14,14,14,1321,17,1390,2,0,0.0,0.0,0,0
1709,34202,2531,530,-24,-25,-96,5,25,67,1389,1390,5,0,221,4,11,1,8,-28.400000000000002,21,45,222,182,-59,1439,30,0,0,0,-67,67,6,3,3,3,-28.400000000000002,202,1000,14,14,14,1322,17,1389,2,0,0.0,0.0,0,0
1710,34222,2533,530,-24,-25,-96,4,25,67,1388,1389,5,0,221,4,11,1,0,-28.3,16,25,231,165,-21,1440,20,0,0,0,-67,67,4,2,2,2,-28.3,198,990,14,14,14,1321,16,1388,2,0,0.0,0.0,0,0
1711,34242,2535,529,-23,-26,-92,4,26,62,1383,1388,5,0,221,4,11,1,13,-25.1,17,41,232,168,-53,1442,1,0,0,0,-62,62,7,3,3,3,-25.1,200,1000,13,13,13,1321,16,1383,2,0,0.0,0.0,0,0
1712,34262,2536,530,-24,-26,-96,3,26,67,1390,1383,5,0,221,4,11,1,24,-25.3,19,40,228,172,-53,1443,1,0,0,0,-67,67,12,5,5,5,-25.3,200,1000,13,13,13,1323,18,1390,2,0,0.0,0.0,0,0
1713,34282,2538,530,-24,-21,-96,3,21,72,1395,1390,5,0,221,4,11,1,18,-24.200000000000003,19,55,228,169,-72,1444,1,0,0,0,-72,72,14,6,6,6,-24.200000000000003,199,993,12,12,12,1323,18,1395,2,0,0.0,0.0,0,0
1714,34302,2540,531,-25,-15,-100,2,15,83,1407,1395,5,0,221,4,11,1,18,-24.200000000000003,19,55,228,169,-72,1444,21,0,0,0,-83,83,15,7,7,7,-24.200000000000003,199,993,12,12,12,1324,19,1407,2,0,0.0,0.0,0,0
1715,34322,2542,531,-25,-9,-100,1,9,90,1415,1407,5,0,221,4,11,1,16,-27.200000000000003,19,50,233,162,-62,1445,11,0,0,0,-90,90,15,7,7,7,-27.200000000000003,198,988,13,13,13,1325,20,1415,2,0,0.0,0.0,0,0
1716,34342,2543,533,-27,-2,-108,1,2,105,1429,1415,5,0,221,4,11,1,0,-28.3,19,49,231,170,-61,1446,10,0,0,0,-105,105,11,5,5,5,-28.3,201,1000,14,14,14,1324,19,1429,2,0,0.0,0.0,0,0
1717,34362,2545,533,-27,5,-108,0,-5,112,1435,1429,5,0,221,4,11,1,0,-29.200000000000003,17,60,229,171,-83,1447,10,0,0,0,-112,112,8,3,3,3,-29.200000000000003,200,1000,15,15,15,1323,18,1435,2,0,0.0,0.0,0,0
1718,34382,2547,534,-28,11,-112,-1,-11,124,1447,1435,5,0,221,4,11,1,10,-28.8,17,44,236,164,-57,1448,10,0,0,0,-124,124,8,4,4,4,-28.8,200,1000,14,14,14,1323,18,1447,2,0,0.0,0.0,0,0
1719,34402,2548,535,-29,17,-116,-1,-17,134,1457,1447,5,0,221,4,11,1,13,-28.8,16,57,225,173,-77,1449,10,0,0,0,-134,134,10,4,4,4,-28.8,199,995,14,14,14,1323,19,1457,2,0,0.0,0.0,0,0
1720,34422,2550,535,-29,22,-116,-2,-22,139,1463,1457,5,0,221,4,11,1,13,-28.8,16,57,225,173,-77,1449,30,0,0,0,-139,139,11,5,5,5,-28.8,199,995,14,14,14,1324,19,1463,2,0,0.0,0.0,0,0
1721,34442,2552,534,-28,21,-112,-3,-21,135,1460,1463,5,0,221,4,11,1,10,-29.1,12,28,216,187,-29,1451,1,0,0,0,-135,135,10,5,5,5,-29.1,202,1000,15,15,15,1325,19,1460,2,0,0.0,0.0,0,0
1722,34462,2554,534,-28,18,-112,-3,-18,133,1458,1460,5,0,221,4,11,1,10,-29.1,12,28,216,187,-29,1451,21,0,0,0,-133,133,10,5,5,5,-29.1,202,1000,15,15,15,1325,19,1458,2,0,0.0,0.0,0,0
1723,34482,2556,535,-29,14,-116,-4,-14,134,1455,1458,5,0,221,4,11,1,0,-25.6,17,45,233,171,-59,1453,1,0,0,0,-134,134,7,3,3,3,-25.6,202,1000,13,13,13,1321,16,1455,2,0,0.0,0.0,0,0
1724,34502,2557,534,-28,10,-112,-5,-10,127,1448,1455,5,0,221,4,11,1,8,-25.5,19,44,225,170,-59,1454,1,0,0,0,-127,127,7,3,3,3,-25.5,198,988,13,13,13,1321,16,1448,2,0,0.0,0.0,0,0
1725,34522,2559,534,-28,7,-112,-5,-7,124,1445,1448,5,0,221,4,11,1,8,-25.5,19,44,225,170,-59,1454,21,0,0,0,-124,124,8,3,3,3,-25.5,198,988,13,13,13,1321,16,1445,2,0,0.0,0.0,0,0
1726,34542,2561,534,-28,5,-112,-6,-5,124,1444,1445,5,0,221,4,11,1,0,-26.0,19,38,230,167,-45,1455,11,0,0,0,-124,124,5,2,2,2,-26.0,199,993,13,13,13,1320,15,1444,2,0,0.0,0.0,0,0
1727,34562,2562,533,-27,3,-108,-6,-3,117,1438,1444,5,0,221,4,11,1,12,-25.8,21,25,224,181,-33,1456,11,0,0,0,-117,117,7,3,3,3,-25.8,203,1000,13,13,13,1321,16,1438,2,0,0.0,0.0,0,0
1728,34582,2564,535,-29,2,-116,-7,-2,126,1448,1438,5,0,221,4,11,1,22,-23.400000000000002,17,30,227,175,-35,1457,11,0,0,0,-126,126,12,5,5,5,-23.400000000000002,201,1000,12,12,12,1322,17,1448,2,0,0.0,0.0,0,0
1729,34602,2566,534,-28,2,-112,-8,-2,123,1445,1448,5,0,221,4,11,1,20,-22.700000000000003,17,52,226,172,-67,1458,10,0,0,0,-123,123,14,6,6,6,-22.700000000000003,199,995,11,11,11,1322,18,1445,2,0,0.0,0.0,0,0
1730,34622,2568,535,-29,4,-116,-9,-4,129,1452,1445,5,0,221,4,11,1,11,-23.3,21,43,227,174,-53,1459,10,0,0,0,-129,129,13,6,6,6,-23.3,201,1000,12,12,12,1323,18,1452,2,0,0.0,0.0,0,0
1731,34642,2569,534,-28,5,-112,-9,-5,126,1449,1452,5,0,221,4,11,1,11,-23.3,21,43,227,174,-53,1459,30,0,0,0,-126,126,13,6,6,6,-23.3,201,1000,12,12,12,1323,17,1449,2,0,0.0,0.0,0,0
1732,34662,2571,536,-30,7,-120,-10,-7,137,1459,1449,5,0,221,4,11,1,10,-24.6,20,48,232,166,-63,1461,1,0,0,0,-137,137,12,5,5,5,-24.6,199,995,12,12,12,1322,18,1459,2,0,0.0,0.0,0,0
1733,34682,2573,536,-30,9,-120,-11,-9,140,1462,1459,5,0,221,4,11,1,0,-25.3,19,61,230,170,-83,1462,1,0,0,0,-140,140,8,4,4,4,-25.3,200,1000,13,13,13,1322,16,1462,2,0,0.0,0.0,0,0
1734,34702,2575,534,-28,8,-112,-12,-8,132,1453,1462,5,0,221,4,11,1,0,-27.0,17,49,239,160,-57,1463,1,0,0,0,-132,132,6,3,3,3,-27.0,200,998,13,13,13,1321,16,1453,2,0,0.0,0.0,0,0
1735,34722,2576,534,-28,7,-112,-12,-7,131,1451,1453,5,0,221,4,11,1,0,-27.0,17,49,239,160,-57,1463,21,0,0,0,-131,131,4,2,2,2,-27.0,200,998,13,13,13,1320,15,1451,2,0,0.0,0.0,0,0
1736,34742,2578,534,-28,3,-112,-13,-3,128,1448,1451,5,0,221,4,11,1,0,-28.6,12,62,227,173,-81,1464,20,0,0,0,-128,128,3,1,1,1,-28.6,200,1000,14,14,14,1320,16,1448,2,0,0.0,0.0,0,0
1737,34762,2580,533,-27,-3,-108,-14,3,118,1442,1448,5,0,221,4,11,1,23,-29.6,14,41,237,160,-41,1465,11,0,0,0,-118,118,9,4,4,4,-29.6,199,993,15,15,15,1324,19,1442,2,0,0.0,0.0,0,0
1738,34782,2582,532,-26,-9,-104,-14,9,109,1434,1442,5,0,221,4,11,1,13,-29.700000000000003,14,35,221,182,-41,1466,11,0,0,0,-109,109,10,5,5,5,-29.700000000000003,202,1000,15,15,15,1325,19,1434,2,0,0.0,0.0,0,0
1739,34802,2584,530,-24,-15,-96,-15,15,96,1420,1434,5,0,221,4,11,1,17,-27.0,16,53,229,173,-69,1467,11,0,0,0,-96,96,12,5,5,5,-27.0,201,1000,14,14,14,1324,19,1420,2,0,0.0,0.0,0,0
1740,34822,2585,530,-24,-21,-96,-15,21,90,1412,1420,5,0,221,4,11,1,0,-26.5,18,58,232,165,-79,1468,12,0,0,0,-90,90,9,4,4,4,-26.5,199,993,13,13,13,1322,17,1412,2,0,0.0,0.0,0,0
1741,34842,2587,530,-24,-26,-96,-16,26,86,1409,1412,5,0,221,4,11,1,14,-26.400000000000002,20,58,236,167,-75,1469,11,0,0,0,-86,86,10,5,5,5,-26.400000000000002,202,1000,13,13,13,1323,18,1409,2,0,0.0,0.0,0,0
1742,34862,2589,529,-23,-28,-92,-17,28,81,1406,1409,5,0,221,4,11,1,23,-28.0,18,59,235,169,-77,1470,1,0,0,0,-81,81,14,6,6,6,-28.0,202,1000,14,14,14,1325,20,1406,2,0,0.0,0.0,0,0
1743,34882,2590,530,-24,-28,-96,-17,28,85,1412,1406,5,0,221,4,11,1,19,-29.1,16,41,236,165,-43,1471,1,0,0,0,-85,85,16,7,7,7,-29.1,201,1000,15,15,15,1327,22,1412,2,0,0.0,0.0,0,0
1744,34902,2592,528,-22,-28,-88,-17,28,78,1405,1412,5,0,221,4,11,1,15,-30.3,16,52,226,174,-67,1472,1,0,0,0,-78,78,15,7,7,7,-30.3,200,1000,15,15,15,1327,22,1405,2,0,0.0,0.0,0,0
1745,34922,2594,528,-22,-26,-88,-18,26,80,1405,1405,5,0,221,4,11,1,10,-28.5,15,59,237,165,-79,1473,1,0,0,0,-80,80,14,6,6,6,-28.5,201,1000,14,14,14,1325,20,1405,0,0,0.0,0.0,0,0
1746,34942,2596,527,-21,-27,-84,-19,27,76,1400,1405,5,0,221,4,11,1,0,-29.8,14,62,239,164,-83,1474,1,0,0,0,-76,76,10,4,4,4,-29.8,202,1000,15,15,15,1324,19,1400,2,0,0.0,0.0,0,0
1747,34962,2597,528,-22,-26,-88,-19,26,81,1404,1400,5,0,221,4,11,1,0,-29.8,14,62,239,164,-83,1474,21,0,0,0,-81,81,7,3,3,3,-29.8,202,1000,15,15,15,1323,18,1404,2,0,0.0,0.0,0,0
1748,34982,2599,527,-21,-25,-84,-20,25,78,1403,1404,5,0,221,4,11,1,18,-30.6,15,58,237,164,-73,1475,10,0,0,0,-78,78,10,5,5,5,-30.6,201,1000,15,15,15,1325,20,1403,2,0,0.0,0.0,0,0
1749,35002,2601,526,-20,-24,-80,-20,24,76,1401,1403,5,0,221,4,11,1,13,-31.0,15,55,233,166,-69,1476,10,0,0,0,-76,76,11,5,5,5,-31.0,200,998,15,15,15,1325,20,1401,2,0,0.0,0.0,0,0
1750,35022,2602,526,-20,-23,-80,-20,23,78,1404,1401,5,0,221,4,11,1,16,-30.6,13,62,235,167,-85,1477,10,0,0,0,-78,78,12,6,6,6,-30.6,201,1000,15,15,15,1326,21,1404,2,0,0.0,0.0,0,0
1751,35042,2604,525,-19,-23,-76,-21,23,74,1399,1404,5,0,221,4,11,1,10,-30.900000000000002,11,62,239,164,-81,1478,10,0,0,0,-74,74,12,5,5,5,-30.900000000000002,202,1000,15,15,15,1325,21,1399,2,0,0.0,0.0,0,0
1752,35062,2606,526,-20,-23,-80,-21,23,78,1403,1399,5,0,221,4,11,1,0,-32.2,10,60,234,162,-79,1479,11,0,0,0,-78,78,8,4,4,4,-32.2,198,990,16,16,16,1325,20,1403,2,0,0.0,0.0,0,0
1753,35082,2608,526,-20,-20,-80,-22,20,82,1406,1403,5,0,221,4,11,1,0,-32.2,10,60,234,162,-79,1479,31,0,0,0,-82,82,6,3,3,3,-32.2,198,990,16,16,16,1324,19,1406,2,0,0.0,0.0,0,0
1754,35102,2610,525,-19,-17,-76,-23,17,81,1404,1406,5,0,221,4,11,1,0,-31.700000000000003,9,55,234,164,-71,1481,1,0,0,0,-81,81,4,2,2,2,-31.700000000000003,199,995,16,16,16,1323,18,1404,2,0,0.0,0.0,0,0
1755,35122,2611,526,-20,-14,-80,-23,14,89,1410,1404,5,0,221,4,11,1,0,-31.1,11,49,234,164,-57,1482,1,0,0,0,-89,89,3,1,1,1,-31.1,199,995,15,15,15,1321,17,1410,2,0,0.0,0.0,0,0
1756,35142,2613,526,-20,-10,-80,-23,10,93,1416,1410,5,0,221,4,11,1,15,-30.900000000000002,12,36,226,176,-47,1483,1,0,0,0,-93,93,6,3,3,3,-30.900000000000002,201,1000,15,15,15,1323,18,1416,2,0,0.0,0.0,0,0
1757,35162,2615,526,-20,-8,-80,-24,8,96,1417,1416,5,0,221,4,11,1,0,-28.900000000000002,13,53,231,171,-69,1484,1,0,0,0,-96,96,5,2,2,2,-28.900000000000002,201,1000,14,14,14,1321,16,1417,2,0,0.0,0.0,0,0
1758,35182,2616,525,-19,-7,-76,-24,7,93,1413,1417,5,0,221,4,11,1,0,-28.900000000000002,13,53,231,171,-69,1484,21,0,0,0,-93,93,3,1,1,1,-28.900000000000002,201,1000,14,14,14,1320,16,1413,2,0,0.0,0.0,0,0
1759,35202,2618,525,-19,-7,-76,-25,7,94,1415,1413,5,0,221,4,11,1,0,-29.8,15,62,234,168,-86,1485,11,0,0,0,-94,94,2,1,1,1,-29.8,201,1000,15,15,15,1321,16,1415,2,0,0.0,0.0,0,0
1760,35222,2620,524,-18,-9,-72,-25,9,88,1411,1415,5,0,221,4,11,1,14,-29.0,18,54,238,165,-71,1486,11,0,0,0,-88,88,6,3,3,3,-29.0,202,1000,15,15,15,1323,17,1411,2,0,0.0,0.0,0,0
1761,35242,2622,524,-18,-12,-72,-26,12,86,1409,1411,5,0,221,4,11,1,18,-28.900000000000002,16,59,234,166,-77,1487,11,0,0,0,-86,86,9,4,4,4,-28.900000000000002,200,1000,14,14,14,1323,19,1409,2,0,0.0,0.0,0,0
1762,35262,2624,524,-18,-13,-72,-26,13,85,1409,1409,5,0,221,4,11,1,12,-28.900000000000002,14,59,237,163,-77,1488,12,0,0,0,-85,85,10,5,5,5,-28.900000000000002,200,1000,14,14,14,1324,19,1409,0,0,0.0,0.0,0,0
1763,35282,2625,524,-18,-14,-72,-26,14,84,1407,1409,5,0,221,4,11,1,0,-29.900000000000002,13,61,234,164,-79,1489,11,0,0,0,-84,84,7,3,3,3,-29.900000000000002,199,995,15,15,15,1323,18,1407,2,0,0.0,0.0,0,0
1764,35302,2627,524,-18,-13,-72,-27,13,86,1408,1407,5,0,221,4,11,1,0,-30.5,11,43,237,163,-45,1490,1,0,0,0,-86,86,5,2,2,2,-30.5,200,1000,15,15,15,1322,17,1408,2,0,0.0,0.0,0,0
1765,35322,2629,524,-18,-10,-72,-27,10,89,1411,1408,5,0,221,4,11,1,0,-30.5,11,43,237,163,-45,1490,21,0,0,0,-89,89,3,2,2,2,-30.5,200,1000,15,15,15,1322,17,1411,2,0,0.0,0.0,0,0
1766,35342,2630,524,-18,-8,-72,-28,8,92,1416,1411,5,0,221,4,11,1,21,-30.5,11,56,242,167,-71,1492,1,0,0,0,-92,92,9,4,4,4,-30.5,205,1000,15,15,15,1324,19,1416,2,0,0.0,0.0,0,0
1767,35362,2632,524,-18,-6,-72,-28,6,94,1420,1416,5,0,221,4,11,1,23,-31.1,15,48,233,164,-57,1493,1,0,0,0,-94,94,13,6,6,6,-31.1,199,993,15,15,15,1326,21,1420,2,0,0.0,0.0,0,0
1768,35382,2634,525,-19,-4,-76,-29,4,101,1428,1420,5,0,221,4,11,1,21,-30.3,14,49,229,169,-63,1494,1,0,0,0,-101,101,15,7,7,7,-30.3,199,995,15,15,15,1327,22,1428,2,0,0.0,0.0,0,0
1769,35402,2636,527,-21,2,-84,-29,-2,116,1444,1428,5,0,221,4,11,1,21,-30.3,14,49,229,169,-63,1494,21,0,0,0,-116,116,17,8,8,8,-30.3,199,995,15,15,15,1328,23,1444,2,0,0.0,0.0,0,0
1770,35422,2637,525,-19,6,-76,-30,-6,111,1440,1444,5,0,221,4,11,1,25,-29.700000000000003,14,58,231,166,-81,1495,11,0,0,0,-111,111,19,9,9,9,-29.700000000000003,199,993,15,15,15,1329,23,1440,2,0,0.0,0.0,0,0
1771,35442,2639,526,-20,9,-80,-30,-9,119,1448,1440,5,0,221,4,11,1,23,-29.400000000000002,11,49,233,168,-63,1496,11,0,0,0,-119,119,21,9,9,9,-29.400000000000002,201,1000,15,15,15,1329,24,1448,2,0,0.0,0.0,0,0
1772,35462,2641,526,-20,11,-80,-31,-11,121,1450,1448,5,0,221,4,11,1,20,-29.1,10,57,234,170,-75,1497,10,0,0,0,-121,121,20,9,9,9,-29.1,202,1000,15,15,15,1329,24,1450,2,0,0.0,0.0,0,0
1773,35482,2642,526,-20,11,-80,-31,-11,122,1451,1450,5,0,221,4,11,1,16,-29.6,9,50,237,160,-63,1498,10,0,0,0,-122,122,19,9,9,9,-29.6,199,993,15,15,15,1329,23,1451,2,0,0.0,0.0,0,0
1774,35502,2644,529,-23,13,-92,-32,-13,137,1466,1451,5,0,221,4,11,1,22,-30.900000000000002,10,47,229,171,-59,1499,10,0,0,0,-137,137,20,9,9,9,-30.900000000000002,200,1000,15,15,15,1329,24,1466,2,0,0.0,0.0,0,0
1775,35522,2646,528,-22,17,-88,-32,-17,138,1467,1466,5,0,221,4,11,1,22,-30.900000000000002,10,47,229,171,-59,1499,30,0,0,0,-138,138,21,9,9,9,-30.900000000000002,200,1000,15,15,15,1329,25,1467,2,0,0.0,0.0,0,0
1776,35542,2648,529,-23,21,-92,-33,-21,145,1474,1467,5,0,221,4,11,1,19,-30.1,12,56,243,159,-71,1501,1,0,0,0,-145,145,20,9,9,9,-30.1,201,1000,15,15,15,1329,24,1474,2,0,0.0,0.0,0,0
1777,35562,2650,530,-24,24,-96,-33,-24,153,1482,1474,5,0,221,4,11,1,19,-30.1,12,56,243,159,-71,1501,21,0,0,0,-153,153,20,9,9,9,-30.1,201,1000,15,15,15,1329,24,1482,2,0,0.0,0.0,0,0
1778,35582,2651,530,-24,26,-96,-34,-26,155,1481,1482,5,0,221,4,11,1,0,-30.6,12,46,227,173,-53,1503,1,0,0,0,-155,155,14,6,6,6,-30.6,200,1000,15,15,15,1326,22,1481,2,0,0.0,0.0,0,0
1779,35602,2653,531,-25,25,-100,-34,-25,160,1484,1481,5,0,221,4,11,1,0,-30.3,13,36,229,168,-41,1504,1,0,0,0,-160,160,10,4,4,4,-30.3,199,993,15,15,15,1324,19,1484,2,0,0.0,0.0,0,0
1780,35622,2655,531,-25,26,-100,-35,-26,161,1484,1484,5,0,221,4,11,1,0,-30.3,13,36,229,168,-41,1504,21,0,0,0,-161,161,7,3,3,3,-30.3,199,993,15,15,15,1323,18,1484,0,0,0.0,0.0,0,0
1781,35642,2657,532,-26,26,-104,-36,-26,166,1487,1484,5,0,221,4,11,1,0,-29.1,18,48,223,171,-67,1505,11,0,0,0,-166,166,5,2,2,2,-29.1,197,985,14,14,14,1321,16,1487,2,0,0.0,0.0,0,0
1782,35662,2658,531,-25,25,-100,-36,-25,161,1481,1487,5,0,221,4,11,1,0,-27.900000000000002,18,49,238,161,-63,1506,11,0,0,0,-161,161,3,1,1,1,-27.900000000000002,200,998,14,14,14,1320,15,1481,2,0,0.0,0.0,0,0
1783,35682,2660,530,-24,21,-96,-37,-21,153,1474,1481,5,0,221,4,11,1,0,-29.400000000000002,16,45,232,169,-57,1507,11,0,0,0,-153,153,2,1,1,1,-29.400000000000002,201,1000,15,15,15,1321,16,1474,2,0,0.0,0.0,0,0
1784,35702,2662,528,-22,11,-88,-37,-11,137,1457,1474,5,0,221,4,11,1,0,-28.6,15,42,229,171,-55,1508,11,0,0,0,-137,137,2,1,1,1,-28.6,200,1000,14,14,14,1320,15,1457,2,0,0.0,0.0,0,0
1785,35722,2664,528,-22,1,-88,-38,-1,127,1447,1457,5,0,221,4,11,1,0,-28.6,14,42,233,170,-51,1509,11,0,0,0,-127,127,1,1,1,1,-28.6,202,1000,14,14,14,1320,15,1447,2,0,0.0,0.0,0,0
1786,35742,2665,527,-21,-8,-84,-38,8,115,1434,1447,5,0,221,4,11,1,0,-28.6,8,45,229,175,-61,1510,1,0,0,0,-115,115,1,0,0,0,-28.6,202,1000,14,14,14,1319,15,1434,2,0,0.0,0.0,0,0
1787,35762,2667,527,-21,-14,-84,-39,14,109,1431,1434,5,0,221,4,11,1,18,-27.900000000000002,9,44,234,171,-57,1511,2,0,0,0,-109,109,6,3,3,3,-27.900000000000002,203,1000,14,14,14,1322,17,1431,2,0,0.0,0.0,0,0
1788,35782,2669,526,-20,-18,-80,-39,18,101,1424,1431,5,0,221,4,11,1,18,-27.5,14,45,228,170,-59,1512,2,0,0,0,-101,101,10,4,4,4,-27.5,199,995,14,14,14,1323,18,1424,2,0,0.0,0.0,0,0
1789,35802,2671,526,-20,-19,-80,-40,19,101,1426,1424,5,0,221,4,11,1,28,-26.0,15,44,234,172,-57,1513,1,0,0,0,-101,101,15,7,7,7,-26.0,203,1000,13,13,13,1325,20,1426,2,0,0.0,0.0,0,0
1790,35822,2672,526,-20,-19,-80,-40,19,101,1425,1426,5,0,221,4,11,1,14,-25.0,17,45,228,168,-59,1514,1,0,0,0,-101,101,15,7,7,7,-25.0,198,990,12,12,12,1324,19,1425,2,0,0.0,0.0,0,0
1791,35842,2674,526,-20,-18,-80,-41,18,103,1427,1425,5,0,221,4,11,1,14,-25.0,17,45,228,168,-59,1514,21,0,0,0,-103,103,15,7,7,7,-25.0,198,990,12,12,12,1324,19,1427,2,0,0.0,0.0,0,0
1792,35862,2676,526,-20,-16,-80,-41,16,106,1429,1427,5,0,221,4,11,1,11,-25.1,18,42,230,168,-53,1515,11,0,0,0,-106,106,13,6,6,6,-25.1,199,995,12,12,12,1323,19,1429,2,0,0.0,0.0,0,0
1793,35882,2678,526,-20,-12,-80,-42,12,110,1434,1429,5,0,221,4,11,1,11,-26.1,15,42,227,172,-55,1516,11,0,0,0,-110,110,13,6,6,6,-26.1,200,998,13,13,13,1324,19,1434,2,0,0.0,0.0,0,0
1794,35902,2679,527,-21,-9,-84,-42,9,118,1441,1434,5,0,221,4,11,1,11,-26.400000000000002,11,48,231,166,-63,1517,11,0,0,0,-118,118,12,5,5,5,-26.400000000000002,199,993,13,13,13,1323,19,1441,2,0,0.0,0.0,0,0
1795,35922,2681,528,-22,-4,-88,-43,4,127,1449,1441,5,0,221,4,11,1,0,-26.6,10,27,227,171,-33,1518,10,0,0,0,-127,127,9,4,4,4,-26.6,199,995,13,13,13,1322,17,1449,2,0,0.0,0.0,0,0
1796,35942,2683,528,-22,2,-88,-44,-2,133,1453,1449,5,0,221,4,11,1,0,-24.900000000000002,8,48,222,178,-63,1519,10,0,0,0,-133,133,6,3,3,3,-24.900000000000002,200,1000,12,12,12,1320,15,1453,2,0,0.0,0.0,0,0
1797,35962,2684,528,-22,6,-88,-44,-6,137,1456,1453,5,0,221,4,11,1,0,-24.900000000000002,8,48,222,178,-63,1519,30,0,0,0,-137,137,4,2,2,2,-24.900000000000002,200,1000,12,12,12,1319,14,1456,2,0,0.0,0.0,0,0
1798,35982,2686,527,-21,8,-84,-44,-8,136,1458,1456,5,0,221,4,11,1,22,-25.3,14,62,239,164,-83,1521,1,0,0,0,-136,136,10,4,4,4,-25.3,202,1000,13,13,13,1322,17,1458,2,0,0.0,0.0,0,0
1799,36002,2688,526,-20,6,-80,-45,-6,131,1454,1458,5,0,221,4,11,1,8,-27.3,16,62,233,163,-81,1522,1,0,0,0,-131,131,9,4,4,4,-27.3,198,990,14,14,14,1323,18,1454,2,0,0.0,0.0,0,0
1800,36022,2690,524,-18,-3,-72,-45,3,114,1437,1454,5,0,221,4,11,1,10,-29.0,17,61,237,162,-79,1523,1,0,0,0,-114,114,9,4,4,4,-29.0,200,998,14,14,14,1323,19,1437,2,0,0.0,0.0,0,0
1801,36042,2691,524,-18,-11,-72,-46,11,107,1430,1437,5,0,221,4,11,1,10,-29.0,17,61,237,162,-79,1523,21,0,0,0,-107,107,10,4,4,4,-29.0,200,998,14,14,14,1323,19,1430,2,0,0.0,0.0,0,0
1802,36062,2693,522,-16,-20,-64,-46,20,90,1413,1430,5,0,221,4,11,1,0,-30.3,19,45,235,165,-49,1524,20,0,0,0,-90,90,7,3,3,3,-30.3,200,1000,15,15,15,1323,18,1413,2,0,0.0,0.0,0,0
1803,36082,2695,522,-16,-27,-64,-47,27,84,1409,1413,5,0,221,4,11,1,17,-31.6,20,62,230,176,-79,1525,11,0,0,0,-84,84,10,4,4,4,-31.6,203,1000,16,16,16,1325,20,1409,2,0,0.0,0.0,0,0
1804,36102,2697,522,-16,-29,-64,-47,29,82,1409,1409,5,0,221,4,11,1,31,-30.200000000000003,22,56,243,160,-69,1526,11,0,0,0,-82,82,16,7,7,7,-30.200000000000003,202,1000,15,15,15,1327,22,1409,0,0,0.0,0.0,0,0
1805,36122,2698,522,-16,-30,-64,-47,30,81,1411,1409,5,0,221,4,11,1,35,-29.700000000000003,26,58,233,168,-77,1527,11,0,0,0,-81,81,22,10,10,10,-29.700000000000003,201,1000,15,15,15,1330,25,1411,2,0,0.0,0.0,0,0
1806,36142,2700,522,-16,-27,-64,-48,27,85,1414,1411,5,0,221,4,11,1,26,-28.700000000000003,26,59,233,165,-77,1528,11,0,0,0,-85,85,23,10,10,10,-28.700000000000003,199,995,14,14,14,1329,25,1414,2,0,0.0,0.0,0,0
1807,36162,2702,523,-17,-20,-68,-48,20,96,1426,1414,5,0,221,4,11,1,28,-29.0,23,62,237,162,-81,1529,10,0,0,0,-96,96,25,11,11,11,-29.0,200,998,14,14,14,1330,26,1426,2,0,0.0,0.0,0,0
1808,36182,2704,524,-18,-12,-72,-49,12,108,1439,1426,5,0,221,4,11,1,28,-29.0,23,62,237,162,-81,1529,30,0,0,0,-108,108,26,12,12,12,-29.0,200,998,14,14,14,1331,26,1439,2,0,0.0,0.0,0,0
1809,36202,2706,525,-19,-4,-76,-49,4,121,1452,1439,5,0,221,4,11,1,23,-30.8,17,58,234,168,-75,1531,1,0,0,0,-121,121,25,11,11,11,-30.8,201,1000,15,15,15,1331,27,1452,2,0,0.0,0.0,0,0
1810,36222,2707,526,-20,5,-80,-49,-5,134,1464,1452,5,0,221,4,11,1,9,-32.0,13,59,236,164,-75,1532,1,0,0,0,-134,134,20,9,9,9,-32.0,200,1000,16,16,16,1330,25,1464,2,0,0.0,0.0,0,0
1811,36242,2709,526,-20,12,-80,-50,-12,142,1471,1464,5,0,221,4,11,1,12,-32.800000000000004,13,47,233,165,-61,1533,1,0,0,0,-142,142,18,8,8,8,-32.800000000000004,199,995,16,16,16,1329,24,1471,2,0,0.0,0.0,0,0
1812,36262,2711,527,-21,18,-84,-51,-18,152,1479,1471,5,0,221,4,11,1,0,-31.5,14,55,228,169,-73,1534,1,0,0,0,-152,152,12,6,6,6,-31.5,199,993,16,16,16,1327,21,1479,2,0,0.0,0.0,0,0
1813,36282,2712,528,-22,22,-88,-51,-22,161,1486,1479,5,0,221,4,11,1,0,-31.5,14,55,228,169,-73,1534,21,0,0,0,-161,161,9,4,4,4,-31.5,199,993,16,16,16,1325,20,1486,2,0,0.0,0.0,0,0
1814,36302,2714,528,-22,25,-88,-51,-25,164,1488,1486,5,0,221,4,11,1,0,-31.8,16,47,231,163,-57,1535,10,0,0,0,-164,164,6,3,3,3,-31.8,197,985,16,16,16,1324,18,1488,2,0,0.0,0.0,0,0
1815,36322,2716,528,-22,25,-88,-52,-25,165,1489,1488,5,0,221,4,11,1,14,-30.700000000000003,17,61,234,170,-79,1536,10,0,0,0,-165,165,8,4,4,4,-30.700000000000003,202,1000,15,15,15,1324,19,1489,2,0,0.0,0.0,0,0
1816,36342,2718,528,-22,23,-88,-53,-23,164,1487,1489,5,0,221,4,11,1,0,-30.200000000000003,15,48,234,162,-60,1537,10,0,0,0,-164,164,6,3,3,3,-30.200000000000003,198,990,15,15,15,1323,18,1487,2,0,0.0,0.0,0,0
1817,36362,2719,528,-22,21,-88,-53,-21,162,1485,1487,5,0,221,4,11,1,0,-31.5,15,36,226,171,-39,1538,10,0,0,0,-162,162,4,2,2,2,-31.5,199,993,16,16,16,1323,17,1485,2,0,0.0,0.0,0,0
1818,36382,2721,528,-22,17,-88,-54,-17,159,1480,1485,5,0,221,4,11,1,0,-30.6,13,49,229,174,-63,1539,11,0,0,0,-159,159,3,1,1,1,-30.6,202,1000,15,15,15,1321,17,1480,2,0,0.0,0.0,0,0
1819,36402,2723,528,-22,14,-88,-54,-14,156,1477,1480,5,0,221,4,11,1,0,-30.6,13,49,229,174,-63,1539,31,0,0,0,-156,156,2,1,1,1,-30.6,202,1000,15,15,15,1321,16,1477,2,0,0.0,0.0,0,0
1820,36422,2725,526,-20,8,-80,-55,-8,143,1466,1477,5,0,221,4,11,1,11,-31.700000000000003,12,44,237,164,-51,1541,1,0,0,0,-143,143,5,2,2,2,-31.700000000000003,201,1000,16,16,16,1323,18,1466,2,0,0.0,0.0,0,0
1821,36442,2726,526,-20,3,-80,-55,-3,138,1463,1466,5,0,221,4,11,1,24,-30.700000000000003,14,32,228,177,-41,1542,1,0,0,0,-138,138,11,5,5,5,-30.700000000000003,203,1000,15,15,15,1325,20,1463,2,0,0.0,0.0,0,0
1822,36462,2728,526,-20,-3,-80,-56,3,133,1460,1463,5,0,221,4,11,1,37,-28.5,15,47,231,174,-65,1543,1,0,0,0,-133,133,18,8,8,8,-28.5,203,1000,14,14,14,1327,23,1460,2,0,0.0,0.0,0,0
1823,36482,2730,527,-21,-5,-84,-56,5,135,1463,1460,5,0,221,4,11,1,23,-27.3,19,60,241,161,-78,1544,1,0,0,0,-135,135,20,9,9,9,-27.3,201,1000,14,14,14,1328,23,1463,2,0,0.0,0.0,0,0
1824,36502,2732,528,-22,-3,-88,-57,3,142,1470,1463,5,0,221,4,11,1,23,-27.3,19,60,241,161,-78,1544,21,0,0,0,-142,142,21,9,9,9,-27.3,201,1000,14,14,14,1328,23,1470,2,0,0.0,0.0,0,0
1825,36522,2733,529,-23,0,-92,-57,0,149,1477,1470,5,0,221,4,11,1,19,-29.1,15,41,233,163,-41,1545,10,0,0,0,-149,149,20,9,9,9,-29.1,198,990,14,14,14,1328,24,1477,2,0,0.0,0.0,0,0
1826,36542,2735,527,-21,4,-84,-58,-4,146,1474,1477,5,0,221,4,11,1,10,-29.8,16,32,224,178,-35,1546,10,0,0,0,-146,146,17,8,8,8,-29.8,201,1000,15,15,15,1328,23,1474,2,0,0.0,0.0,0,0
1827,36562,2737,528,-22,7,-88,-58,-7,153,1480,1474,5,0,221,4,11,1,18,-28.900000000000002,15,40,223,175,-57,1547,10,0,0,0,-153,153,17,8,8,8,-28.900000000000002,199,995,14,14,14,1327,22,1480,2,0,0.0,0.0,0,0
1828,36582,2738,528,-22,8,-88,-59,-8,154,1477,1480,5,0,221,4,11,1,0,-27.200000000000003,16,44,234,163,-49,1548,10,0,0,0,-154,154,12,5,5,5,-27.200000000000003,199,993,13,13,13,1323,19,1477,2,0,0.0,0.0,0,0
1829,36602,2740,529,-23,8,-92,-59,-8,159,1482,1477,5,0,221,4,11,1,0,-28.900000000000002,14,48,230,173,-65,1549,10,0,0,0,-159,159,9,4,4,4,-28.900000000000002,202,1000,14,14,14,1323,18,1482,2,0,0.0,0.0,0,0
1830,36622,2742,528,-22,6,-88,-60,-6,154,1477,1482,5,0,221,4,11,1,8,-28.200000000000003,13,49,232,164,-65,1550,1,0,0,0,-154,154,8,4,4,4,-28.200000000000003,198,990,14,14,14,1323,18,1477,2,0,0.0,0.0,0,0
1831,36642,2744,528,-22,7,-88,-60,-7,155,1478,1477,5,0,221,4,11,1,13,-28.8,11,34,228,170,-39,1551,1,0,0,0,-155,155,10,4,4,4,-28.8,199,995,14,14,14,1323,19,1478,2,0,0.0,0.0,0,0
1832,36662,2745,528,-22,6,-88,-60,-6,154,1476,1478,5,0,221,4,11,1,9,-27.1,10,46,222,174,-65,1552,1,0,0,0,-154,154,10,4,4,4,-27.1,198,990,13,13,13,1322,18,1476,2,0,0.0,0.0,0,0
1833,36682,2747,526,-20,1,-80,-60,-1,141,1463,1476,5,0,221,4,11,1,10,-25.6,6,43,234,166,-55,1553,1,0,0,0,-141,141,10,4,4,4,-25.6,200,1000,13,13,13,1322,17,1463,2,0,0.0,0.0,0,0
1834,36702,2749,526,-20,-5,-80,-60,5,135,1460,1463,5,0,221,4,11,1,26,-25.5,9,43,231,171,-53,1554,1,0,0,0,-135,135,15,7,7,7,-25.5,201,1000,13,13,13,1325,19,1460,2,0,0.0,0.0,0,0
1835,36722,2751,525,-19,-10,-76,-60,10,126,1452,1460,5,0,221,4,11,1,26,-25.5,9,43,231,171,-53,1554,21,0,0,0,-126,126,18,8,8,8,-25.5,201,1000,13,13,13,1326,21,1452,2,0,0.0,0.0,0,0
1836,36742,2752,524,-18,-16,-72,-60,16,116,1443,1452,5,0,221,4,11,1,22,-25.400000000000002,10,46,225,173,-61,1555,11,0,0,0,-116,116,19,9,9,9,-25.400000000000002,199,995,13,13,13,1327,21,1443,2,0,0.0,0.0,0,0
1837,36762,2754,523,-17,-22,-68,-60,22,106,1433,1443,5,0,221,4,11,1,19,-25.400000000000002,10,42,231,171,-55,1556,11,0,0,0,-106,106,19,9,9,9,-25.400000000000002,201,1000,13,13,13,1327,21,1433,2,0,0.0,0.0,0,0
1838,36782,2756,522,-16,-26,-64,-60,26,98,1424,1433,5,0,221,4,11,1,13,-25.8,10,41,229,169,-47,1557,10,0,0,0,-98,98,17,8,8,8,-25.8,199,995,13,13,13,1326,21,1424,2,0,0.0,0.0,0,0
1839,36802,2758,522,-16,-29,-64,-60,29,95,1421,1424,5,0,221,4,11,1,16,-26.5,12,54,227,174,-73,1558,10,0,0,0,-95,95,17,8,8,8,-26.5,201,1000,13,13,13,1326,21,1421,2,0,0.0,0.0,0,0
1840,36822,2759,522,-16,-30,-64,-60,30,94,1417,1421,5,0,221,4,11,1,0,-26.200000000000003,12,58,233,171,-59,1559,10,0,0,0,-94,94,12,5,5,5,-26.200000000000003,202,1000,13,13,13,1323,18,1417,2,0,0.0,0.0,0,0
1841,36842,2761,521,-15,-29,-60,-60,29,91,1413,1417,5,0,221,4,11,1,0,-26.200000000000003,12,58,233,171,-59,1559,30,0,0,0,-91,91,8,4,4,4,-26.200000000000003,202,1000,13,13,13,1322,17,1413,2,0,0.0,0.0,0,0
1842,36862,2763,522,-16,-26,-64,-60,26,98,1420,1413,5,0,221,4,11,1,9,-26.5,15,45,221,177,-61,1561,1,0,0,0,-98,98,8,4,4,4,-26.5,199,995,13,13,13,1322,17,1420,2,0,0.0,0.0,0,0
1843,36882,2765,523,-17,-19,-68,-60,19,109,1431,1420,5,0,221,4,11,1,9,-26.5,15,45,221,177,-61,1561,21,0,0,0,-109,109,9,4,4,4,-26.5,199,995,13,13,13,1322,17,1431,2,0,0.0,0.0,0,0
1844,36902,2766,521,-15,-16,-60,-60,16,104,1425,1431,5,0,221,4,11,1,9,-24.700000000000003,15,45,231,169,-59,1562,20,0,0,0,-104,104,9,4,4,4,-24.700000000000003,200,1000,12,12,12,1321,16,1425,2,0,0.0,0.0,0,0
1845,36922,2768,520,-14,-15,-56,-60,15,101,1424,1425,5,0,221,4,11,1,18,-25.3,11,48,232,164,-63,1564,1,0,0,0,-101,101,12,5,5,5,-25.3,198,990,13,13,13,1323,18,1424,2,0,0.0,0.0,0,0
1846,36942,2770,519,-13,-17,-52,-60,17,95,1419,1424,5,0,221,4,11,1,18,-25.3,11,48,232,164,-63,1564,21,0,0,0,-95,95,13,6,6,6,-25.3,198,990,13,13,13,1324,19,1419,2,0,0.0,0.0,0,0
1847,36962,2772,518,-12,-23,-48,-60,23,85,1407,1419,5,0,221,4,11,1,0,-26.3,11,52,231,167,-70,1565,11,0,0,0,-85,85,9,4,4,4,-26.3,199,995,13,13,13,1322,17,1407,2,0,0.0,0.0,0,0
1848,36982,2773,518,-12,-27,-48,-60,27,81,1405,1407,5,0,221,4,11,1,13,-27.200000000000003,12,53,234,166,-69,1566,12,0,0,0,-81,81,11,5,5,5,-27.200000000000003,200,1000,14,14,14,1324,18,1405,2,0,0.0,0.0,0,0
1849,37002,2775,516,-10,-31,-40,-60,31,69,1393,1405,5,0,221,4,11,1,22,-26.900000000000002,14,44,230,172,-57,1567,12,0,0,0,-69,69,14,6,6,6,-26.900000000000002,201,1000,13,13,13,1324,20,1393,2,0,0.0,0.0,0,0
1850,37022,2777,514,-8,-36,-32,-60,36,56,1380,1393,5,0,221,4,11,1,14,-26.200000000000003,13,47,222,176,-63,1568,11,0,0,0,-56,56,14,6,6,6,-26.200000000000003,199,995,13,13,13,1324,19,1380,2,0,0.0,0.0,0,0
1851,37042,2779,514,-8,-40,-32,-60,40,52,1376,1380,5,0,221,4,11,1,10,-25.400000000000002,14,56,233,168,-79,1569,11,0,0,0,-52,52,13,6,6,6,-25.400000000000002,201,1000,13,13,13,1324,18,1376,2,0,0.0,0.0,0,0
1852,37062,2780,513,-7,-43,-28,-60,43,45,1370,1376,5,0,221,4,11,1,11,-28.200000000000003,10,47,231,166,-55,1570,1,0,0,0,-45,45,12,6,6,6,-28.200000000000003,199,993,14,14,14,1325,20,1370,2,0,0.0,0.0,0,0
1853,37082,2782,512,-6,-45,-24,-60,45,39,1362,1370,5,0,221,4,11,1,0,-28.5,12,53,226,173,-71,1571,1,0,0,0,-39,39,9,4,4,4,-28.5,200,998,14,14,14,1323,18,1362,2,0,0.0,0.0,0,0
1854,37102,2784,512,-6,-44,-24,-60,44,40,1364,1362,5,0,221,4,11,1,18,-28.6,12,50,240,164,-63,1572,1,0,0,0,-40,40,11,5,5,5,-28.6,202,1000,14,14,14,1324,19,1364,2,0,0.0,0.0,0,0
1855,37122,2786,512,-6,-40,-24,-60,40,44,1370,1364,5,0,221,4,11,1,20,-29.200000000000003,11,54,226,172,-75,1573,1,0,0,0,-44,44,14,6,6,6,-29.200000000000003,199,995,15,15,15,1326,21,1370,2,0,0.0,0.0,0,0
1856,37142,2787,512,-6,-36,-24,-60,36,48,1375,1370,5,0,221,4,11,1,20,-29.200000000000003,11,54,226,172,-75,1573,21,0,0,0,-48,48,16,7,7,7,-29.200000000000003,199,995,15,15,15,1327,22,1375,2,0,0.0,0.0,0,0
1857,37162,2789,511,-5,-31,-20,-60,31,49,1376,1375,5,0,221,4,11,1,24,-28.700000000000003,11,59,238,166,-79,1574,20,0,0,0,-49,49,18,8,8,8,-28.700000000000003,202,1000,14,14,14,1327,23,1376,2,0,0.0,0.0,0,0
1858,37182,2791,510,-4,-29,0,-60,29,31,1361,1376,5,0,221,4,11,1,28,-29.900000000000002,12,59,236,165,-77,1575,11,0,0,0,-31,31,21,10,10,10,-29.900000000000002,201,1000,15,15,15,1330,24,1361,2,0,0.0,0.0,0,0
1859,37202,2793,511,-5,-26,-20,-60,26,54,1384,1361,5,0,221,4,11,1,25,-30.200000000000003,10,61,233,165,-83,1576,11,0,0,0,-54,54,22,10,10,10,-30.200000000000003,199,995,15,15,15,1330,25,1384,2,0,0.0,0.0,0,0
1860,37222,2794,511,-5,-24,-20,-60,24,56,1385,1384,5,0,221,4,11,1,17,-30.8,9,61,237,164,-79,1577,11,0,0,0,-56,56,21,9,9,9,-30.8,201,1000,15,15,15,1329,25,1385,2,0,0.0,0.0,0,0
1861,37242,2796,512,-6,-19,-24,-60,19,65,1395,1385,5,0,221,4,11,1,20,-31.5,10,59,237,163,-77,1578,11,0,0,0,-65,65,21,9,9,9,-31.5,200,1000,16,16,16,1330,25,1395,2,0,0.0,0.0,0,0
1862,37262,2798,512,-6,-12,-24,-60,12,72,1403,1395,5,0,221,4,11,1,24,-31.700000000000003,10,59,234,162,-77,1579,10,0,0,0,-72,72,22,10,10,10,-31.700000000000003,198,990,16,16,16,1331,25,1403,2,0,0.0,0.0,0,0
1863,37282,2799,511,-5,-8,-20,-60,8,72,1403,1403,5,0,221,4,11,1,24,-31.700000000000003,10,59,234,162,-77,1579,30,0,0,0,-72,72,22,10,10,10,-31.700000000000003,198,990,16,16,16,1331,26,1403,0,0,0.0,0.0,0,0
1864,37302,2801,510,-4,-6,0,-60,6,54,1381,1403,5,0,221,4,11,1,0,-30.8,11,57,235,164,-75,1581,1,0,0,0,-54,54,16,7,7,7,-30.8,200,998,15,15,15,1327,22,1381,2,0,0.0,0.0,0,0
1865,37322,2803,508,-2,-11,0,-60,11,49,1375,1381,5,0,221,4,11,1,0,-31.0,12,55,234,167,-75,1582,1,0,0,0,-49,49,11,5,5,5,-31.0,201,1000,16,16,16,1326,20,1375,2,0,0.0,0.0,0,0
1866,37342,2805,508,-2,-18,0,-60,18,42,1366,1375,5,0,221,4,11,1,0,-31.3,13,50,237,165,-62,1583,1,0,0,0,-42,42,8,3,3,3,-31.3,201,1000,16,16,16,1324,19,1366,2,0,0.0,0.0,0,0
1867,37362,2807,508,-2,-22,0,-60,22,38,1360,1366,5,0,221,4,11,1,0,-30.900000000000002,12,56,228,174,-67,1584,2,0,0,0,-38,38,5,2,2,2,-30.900000000000002,201,1000,15,15,15,1322,18,1360,2,0,0.0,0.0,0,0
1868,37382,2808,508,-2,-24,0,-60,24,36,1358,1360,5,0,221,4,11,1,0,-30.900000000000002,12,56,228,174,-67,1584,22,0,0,0,-36,36,4,2,2,2,-30.900000000000002,201,1000,15,15,15,1322,17,1358,2,0,0.0,0.0,0,0
1869,37402,2810,508,-2,-22,0,-60,22,38,1359,1358,5,0,221,4,11,1,0,-29.400000000000002,11,45,241,164,-51,1585,12,0,0,0,-38,38,3,1,1,1,-29.400000000000002,203,1000,15,15,15,1321,16,1359,2,0,0.0,0.0,0,0
1870,37422,2812,508,-2,-18,0,-60,18,42,1363,1359,5,0,221,4,11,1,0,-30.0,11,52,225,174,-71,1586,12,0,0,0,-42,42,2,1,1,1,-30.0,200,998,15,15,15,1321,16,1363,2,0,0.0,0.0,0,0
1871,37442,2814,508,-2,-14,0,-60,14,46,1367,1363,5,0,221,4,11,1,8,-28.1,12,45,238,164,-57,1587,12,0,0,0,-46,46,4,2,2,2,-28.1,201,1000,14,14,14,1321,16,1367,2,0,0.0,0.0,0,0
1872,37462,2815,508,-2,-11,0,-60,11,49,1369,1367,5,0,221,4,11,1,0,-28.8,12,30,227,171,-30,1588,12,0,0,0,-49,49,3,1,1,1,-28.8,199,995,14,14,14,1320,15,1369,2,0,0.0,0.0,0,0
1873,37482,2817,508,-2,-9,0,-60,9,51,1371,1369,5,0,221,4,11,1,0,-28.0,15,53,223,175,-69,1589,12,0,0,0,-51,51,2,1,1,1,-28.0,199,995,14,14,14,1320,15,1371,2,0,0.0,0.0,0,0
1874,37502,2819,508,-2,-7,0,-60,7,53,1373,1371,5,0,221,4,11,1,0,-28.700000000000003,15,50,234,166,-63,1590,1,0,0,0,-53,53,1,1,1,1,-28.700000000000003,200,1000,14,14,14,1320,15,1373,2,0,0.0,0.0,0,0
1875,37522,2821,506,0,-9,0,-60,9,51,1372,1373,5,0,221,4,11,1,14,-28.400000000000002,19,45,231,168,-55,1591,1,0,0,0,-51,51,5,2,2,2,-28.400000000000002,200,998,14,14,14,1321,16,1372,2,0,0.0,0.0,0,0
1876,37542,2822,506,0,-11,0,-60,11,49,1370,1372,5,0,221,4,11,1,0,-27.8,18,45,228,173,-59,1592,1,0,0,0,-49,49,4,2,2,2,-27.8,201,1000,14,14,14,1321,16,1370,2,0,0.0,0.0,0,0
1877,37562,2824,506,0,-14,0,-60,14,46,1367,1370,5,0,221,4,11,1,10,-28.0,20,42,232,170,-51,1593,1,0,0,0,-46,46,5,2,2,2,-28.0,201,1000,14,14,14,1321,16,1367,2,0,0.0,0.0,0,0
1878,37582,2826,506,0,-15,0,-60,15,45,1367,1367,5,0,221,4,11,1,20,-27.0,19,45,227,171,-61,1594,1,0,0,0,-45,45,10,4,4,4,-27.0,199,995,13,13,13,1322,18,1367,0,0,0.0,0.0,0,0
1879,37602,2827,506,0,-16,0,-60,16,44,1368,1367,5,0,221,4,11,1,20,-27.0,19,45,227,171,-61,1594,21,0,0,0,-44,44,13,6,6,6,-27.0,199,995,13,13,13,1324,19,1368,2,0,0.0,0.0,0,0
1880,37622,2829,506,0,-15,0,-60,15,45,1371,1368,5,0,221,4,11,1,26,-27.200000000000003,19,43,229,168,-55,1595,10,0,0,0,-45,45,17,8,8,8,-27.200000000000003,199,993,13,13,13,1326,21,1371,2,0,0.0,0.0,0,0
1881,37642,2831,506,0,-12,0,-60,12,48,1371,1371,5,0,221,4,11,1,0,-26.6,20,49,224,170,-69,1596,10,0,0,0,-48,48,12,5,5,5,-26.6,197,985,13,13,13,1323,18,1371,0,0,0.0,0.0,0,0
1882,37662,2833,506,0,-10,0,-60,10,50,1372,1371,5,0,221,4,11,1,0,-26.1,19,49,233,164,-63,1597,10,0,0,0,-50,50,8,4,4,4,-26.1,199,993,13,13,13,1322,17,1372,2,0,0.0,0.0,0,0
1883,37682,2834,507,-1,-7,0,-60,7,53,1375,1372,5,0,221,4,11,1,0,-27.200000000000003,14,52,234,166,-67,1598,10,0,0,0,-53,53,6,3,3,3,-27.200000000000003,200,1000,14,14,14,1322,16,1375,2,0,0.0,0.0,0,0
1884,37702,2836,506,0,-5,0,-60,5,55,1376,1375,5,0,221,4,11,1,0,-27.200000000000003,13,57,231,167,-69,1599,10,0,0,0,-55,55,4,2,2,2,-27.200000000000003,199,995,14,14,14,1321,15,1376,2,0,0.0,0.0,0,0
1885,37722,2838,505,1,-5,0,-60,5,55,1375,1376,5,0,221,4,11,1,0,-27.200000000000003,13,57,231,167,-69,1599,30,0,0,0,-55,55,3,1,1,1,-27.200000000000003,199,995,14,14,14,1320,15,1375,2,0,0.0,0.0,0,0
1886,37742,2840,505,1,-7,0,-60,7,53,1374,1375,5,0,221,4,11,1,12,-26.5,14,56,238,159,-73,1600,20,0,0,0,-53,53,6,3,3,3,-26.5,199,993,13,13,13,1321,16,1374,2,0,0.0,0.0,0,0
1887,37762,2841,504,2,-9,0,-60,9,51,1372,1374,5,0,221,4,11,1,0,-27.200000000000003,9,55,231,168,-71,1601,20,0,0,0,-51,51,4,2,2,2,-27.200000000000003,200,998,14,14,14,1321,15,1372,2,0,0.0,0.0,0,0
1888,37782,2843,503,3,-15,0,-60,15,45,1365,1372,5,0,221,4,11,1,0,-28.1,12,60,235,163,-78,1603,1,0,0,0,-45,45,3,1,1,1,-28.1,199,995,14,14,14,1320,15,1365,2,0,0.0,0.0,0,0
1889,37802,2845,502,4,-19,0,-60,19,41,1362,1365,5,0,221,4,11,1,0,-29.3,12,55,235,164,-69,1604,1,0,0,0,-41,41,2,1,1,1,-29.3,200,998,15,15,15,1321,15,1362,2,0,0.0,0.0,0,0
1890,37822,2847,501,5,-24,20,-60,24,16,1337,1362,5,0,221,4,11,1,0,-29.3,12,55,235,164,-69,1604,21,0,0,0,-16,16,1,1,1,1,-29.3,200,998,15,15,15,1321,15,1337,2,0,0.0,0.0,0,0
1891,37842,2848,500,6,-28,24,-60,28,8,1331,1337,5,0,221,4,11,1,16,-30.1,13,59,235,169,-79,1605,11,0,0,0,-8,8,6,3,3,3,-30.1,202,1000,15,15,15,1323,18,1331,2,0,0.0,0.0,0,0
1892,37862,2850,500,6,-31,24,-60,31,5,1329,1331,5,0,221,4,11,1,18,-30.8,14,58,240,163,-75,1606,12,0,0,0,-5,5,9,4,4,4,-30.8,202,1000,15,15,15,1324,20,1329,2,0,0.0,0.0,0,0
1893,37882,2852,498,8,-34,32,-59,34,-7,1319,1329,5,0,221,4,11,1,18,-31.5,14,48,235,165,-57,1607,11,0,0,0,7,-7,12,5,5,5,-31.5,200,1000,16,16,16,1326,21,1319,2,0,0.0,0.0,0,0
1894,37902,2854,498,8,-35,32,-59,35,-8,1319,1319,5,0,221,4,11,1,18,-31.900000000000002,12,61,234,173,-83,1608,11,0,0,0,8,-8,14,6,6,6,-31.900000000000002,204,1000,16,16,16,1327,22,1319,0,0,0.0,0.0,0,0
1895,37922,2855,498,8,-36,32,-59,36,-9,1318,1319,5,0,221,4,11,1,10,-31.700000000000003,12,56,238,164,-73,1609,11,0,0,0,9,-9,13,6,6,6,-31.700000000000003,201,1000,16,16,16,1327,22,1318,2,0,0.0,0.0,0,0
1896,37942,2857,498,8,-33,32,-59,33,-6,1321,1318,5,0,221,4,11,1,14,-31.5,12,44,236,167,-50,1610,1,0,0,0,6,-6,13,6,6,6,-31.5,202,1000,16,16,16,1327,22,1321,2,0,0.0,0.0,0,0
1897,37962,2859,498,8,-29,32,-59,29,-3,1323,1321,5,0,221,4,11,1,16,-30.700000000000003,14,46,227,173,-61,1611,1,0,0,0,3,-3,14,6,6,6,-30.700000000000003,200,1000,15,15,15,1326,22,1323,2,0,0.0,0.0,0,0
1898,37982,2861,497,9,-25,36,-58,25,-3,1324,1323,5,0,221,4,11,1,16,-30.700000000000003,14,46,227,173,-61,1611,21,0,0,0,3,-3,15,7,7,7,-30.700000000000003,200,1000,15,15,15,1327,22,1324,2,0,0.0,0.0,0,0
1899,38002,2862,496,10,-23,40,-58,23,-4,1321,1324,5,0,221,4,11,1,14,-28.0,13,48,227,169,-63,1613,1,0,0,0,4,-4,14,6,6,6,-28.0,198,990,14,14,14,1325,20,1321,2,0,0.0,0.0,0,0
1900,38022,2864,498,8,-20,32,-58,20,6,1330,1321,5,0,221,4,11,1,8,-26.8,13,49,231,162,-63,1614,1,0,0,0,-6,6,12,6,6,6,-26.8,197,983,13,13,13,1324,19,1330,2,0,0.0,0.0,0,0
1901,38042,2866,499,7,-15,28,-58,15,15,1338,1330,5,0,221,4,11,1,8,-26.8,13,49,231,162,-63,1614,21,0,0,0,-15,15,11,5,5,5,-26.8,197,983,13,13,13,1323,18,1338,2,0,0.0,0.0,0,0
1902,38062,2867,498,8,-11,32,-58,11,15,1338,1338,5,0,221,4,11,1,12,-26.8,11,43,232,167,-53,1615,11,0,0,0,-15,15,11,5,5,5,-26.8,200,998,13,13,13,1323,18,1338,0,0,0.0,0.0,0,0
1903,38082,2869,497,9,-7,36,-57,7,14,1337,1338,5,0,221,4,11,1,0,-27.6,10,41,228,167,-47,1616,11,0,0,0,-14,14,8,4,4,4,-27.6,198,988,14,14,14,1323,17,1337,2,0,0.0,0.0,0,0
1904,38102,2871,496,10,-7,40,-57,7,10,1333,1337,5,0,221,4,11,1,9,-27.400000000000002,12,49,231,170,-63,1617,11,0,0,0,-10,10,8,4,4,4,-27.400000000000002,201,1000,14,14,14,1323,17,1333,2,0,0.0,0.0,0,0
1905,38122,2873,494,12,-14,48,-57,14,-5,1317,1333,5,0,221,4,11,1,0,-27.8,13,55,231,166,-77,1618,11,0,0,0,5,-5,6,3,3,3,-27.8,199,993,14,14,14,1322,16,1317,2,0,0.0,0.0,0,0
1906,38142,2874,493,13,-21,52,-57,21,-16,1307,1317,5,0,221,4,11,1,16,-28.1,14,50,237,164,-62,1619,11,0,0,0,16,-16,9,4,4,4,-28.1,201,1000,14,14,14,1323,18,1307,2,0,0.0,0.0,0,0
1907,38162,2876,491,15,-31,60,-56,31,-34,1289,1307,5,0,221,4,11,1,8,-28.400000000000002,15,57,233,171,-79,1620,1,0,0,0,34,-34,9,4,4,4,-28.400000000000002,202,1000,14,14,14,1323,18,1289,2,0,0.0,0.0,0,0
1908,38182,2878,489,17,-40,68,-56,40,-52,1272,1289,5,0,221,4,11,1,18,-28.5,14,59,240,163,-77,1621,1,0,0,0,52,-52,11,5,5,5,-28.5,202,1000,14,14,14,1324,19,1272,2,0,0.0,0.0,0,0
1909,38202,2880,488,18,-48,72,-55,48,-65,1261,1272,5,0,221,4,11,1,17,-29.900000000000002,13,53,238,164,-65,1622,1,0,0,0,65,-65,13,6,6,6,-29.900000000000002,201,1000,15,15,15,1326,21,1261,2,0,0.0,0.0,0,0
1910,38222,2881,488,18,-53,72,-55,53,-70,1256,1261,5,0,221,4,11,1,17,-29.900000000000002,13,53,238,164,-65,1622,21,0,0,0,70,-70,14,6,6,6,-29.900000000000002,201,1000,15,15,15,1326,21,1256,2,0,0.0,0.0,0,0
1911,38242,2883,488,18,-52,72,-55,52,-70,1258,1256,5,0,221,4,11,1,26,-30.200000000000003,10,45,233,171,-59,1624,1,0,0,0,70,-70,18,8,8,8,-30.200000000000003,202,1000,15,15,15,1328,23,1258,2,0,0.0,0.0,0,0
1912,38262,2885,490,16,-44,64,-54,44,-54,1275,1258,5,0,221,4,11,1,26,-30.200000000000003,10,45,233,171,-59,1624,21,0,0,0,54,-54,20,9,9,9,-30.200000000000003,202,1000,15,15,15,1329,24,1275,2,0,0.0,0.0,0,0
1913,38282,2887,491,15,-31,60,-54,31,-37,1293,1275,5,0,221,4,11,1,25,-29.6,11,45,231,169,-59,1625,11,0,0,0,37,-37,22,10,10,10,-29.6,200,1000,15,15,15,1330,25,1293,2,0,0.0,0.0,0,0
1914,38302,2888,492,14,-18,56,-54,18,-21,1308,1293,5,0,221,4,11,1,20,-28.200000000000003,9,50,231,164,-65,1626,11,0,0,0,21,-21,21,10,10,10,-28.200000000000003,198,988,14,14,14,1329,23,1308,2,0,0.0,0.0,0,0
1915,38322,2890,492,14,-5,56,-53,5,-8,1318,1308,5,0,221,4,11,1,0,-28.1,11,58,228,171,-61,1627,11,0,0,0,8,-8,15,7,7,7,-28.1,200,998,14,14,14,1326,21,1318,2,0,0.0,0.0,0,0
1916,38342,2892,493,13,5,52,-53,-5,6,1329,1318,5,0,221,4,11,1,0,-26.900000000000002,10,49,234,167,-59,1628,10,0,0,0,-6,6,10,5,5,5,-26.900000000000002,201,1000,13,13,13,1323,18,1329,2,0,0.0,0.0,0,0
1917,38362,2894,491,15,7,60,-52,-7,-1,1320,1329,5,0,221,4,11,1,0,-27.200000000000003,10,57,224,170,-63,1629,10,0,0,0,1,-1,7,3,3,3,-27.200000000000003,197,985,13,13,13,1321,17,1320,2,0,0.0,0.0,0,0
1918,38382,2895,490,16,6,64,-52,-6,-6,1314,1320,5,0,221,4,11,1,0,-27.200000000000003,10,57,224,170,-63,1629,30,0,0,0,6,-6,5,2,2,2,-27.200000000000003,197,985,13,13,13,1320,16,1314,2,0,0.0,0.0,0,0
1919,38402,2897,491,15,1,60,-52,-1,-7,1315,1314,5,0,221,4,11,1,12,-28.700000000000003,9,58,237,164,-75,1631,1,0,0,0,7,-7,7,3,3,3,-28.700000000000003,201,1000,14,14,14,1322,18,1315,2,0,0.0,0.0,0,0
1920,38422,2899,490,16,-4,64,-51,4,-17,1306,1315,5,0,221,4,11,1,14,-28.5,6,47,234,165,-55,1632,1,0,0,0,17,-17,9,4,4,4,-28.5,200,998,14,14,14,1323,18,1306,2,0,0.0,0.0,0,0
1921,38442,2901,488,18,-11,72,-51,11,-32,1292,1306,5,0,221,4,11,1,9,-30.0,7,47,227,174,-61,1633,0,0,0,0,32,-32,9,4,4,4,-30.0,201,1000,15,15,15,1324,19,1292,2,0,0.0,0.0,0,0
1922,38462,2902,488,18,-16,72,-51,16,-38,1285,1292,5,0,221,4,11,1,0,-29.400000000000002,9,45,233,168,-59,1634,1,0,0,0,38,-38,6,3,3,3,-29.400000000000002,201,1000,15,15,15,1323,18,1285,2,0,0.0,0.0,0,0
1923,38482,2904,489,17,-18,68,-50,18,-36,1286,1285,5,0,221,4,11,1,0,-29.400000000000002,9,45,233,168,-59,1634,21,0,0,0,36,-36,4,2,2,2,-29.400000000000002,201,1000,15,15,15,1322,17,1286,2,0,0.0,0.0,0,0
1924,38502,2906,490,16,-16,64,-50,16,-31,1290,1286,5,0,221,4,11,1,0,-29.400000000000002,8,47,233,172,-63,1635,11,0,0,0,31,-31,3,1,1,1,-29.400000000000002,203,1000,15,15,15,1321,16,1290,2,0,0.0,0.0,0,0
1925,38522,2908,490,16,-11,64,-49,11,-26,1294,1290,5,0,221,4,11,1,0,-28.5,9,31,230,168,-31,1636,11,0,0,0,26,-26,2,1,1,1,-28.5,199,995,14,14,14,1320,15,1294,2,0,0.0,0.0,0,0
1926,38542,2909,489,17,-7,68,-49,7,-26,1294,1294,5,0,221,4,11,1,0,-29.1,10,56,220,178,-71,1637,11,0,0,0,26,-26,2,1,1,1,-29.1,199,995,14,14,14,1320,15,1294,0,0,0.0,0.0,0,0
1927,38562,2911,490,16,-3,64,-48,3,-18,1301,1294,5,0,221,4,11,1,0,-27.3,10,47,238,165,-61,1638,11,0,0,0,18,-18,1,0,0,0,-27.3,202,1000,14,14,14,1319,14,1301,2,0,0.0,0.0,0,0
1928,38582,2913,490,16,-1,64,-48,1,-17,1303,1301,5,0,221,4,11,1,8,-28.400000000000002,12,33,222,175,-43,1639,10,0,0,0,17,-17,3,1,1,1,-28.400000000000002,199,993,14,14,14,1320,16,1303,2,0,0.0,0.0,0,0
1929,38602,2914,490,16,0,64,-48,0,-16,1305,1303,5,0,221,4,11,1,8,-28.400000000000002,12,33,222,175,-43,1639,30,0,0,0,16,-16,5,2,2,2,-28.400000000000002,199,993,14,14,14,1321,16,1305,2,0,0.0,0.0,0,0
1930,38622,2916,490,16,1,64,-47,-1,-16,1303,1305,5,0,221,4,11,1,0,-25.8,14,45,233,166,-55,1641,1,0,0,0,16,-16,3,1,1,1,-25.8,200,998,13,13,13,1319,14,1303,2,0,0.0,0.0,0,0
1931,38642,2918,490,16,2,64,-47,-2,-15,1304,1303,5,0,221,4,11,1,0,-25.8,13,49,224,170,-67,1642,1,0,0,0,15,-15,2,1,1,1,-25.8,197,985,13,13,13,1319,14,1304,2,0,0.0,0.0,0,0
1932,38662,2920,491,15,3,60,-47,-3,-10,1309,1304,5,0,221,4,11,1,0,-25.8,14,54,241,166,-67,1643,1,0,0,0,10,-10,2,1,1,1,-25.8,204,1000,13,13,13,1319,14,1309,2,0,0.0,0.0,0,0
1933,38682,2922,492,14,6,56,-46,-6,-4,1314,1309,5,0,221,4,11,1,0,-25.8,14,54,241,166,-67,1643,21,0,0,0,4,-4,1,0,0,0,-25.8,204,1000,13,13,13,1318,13,1314,2,0,0.0,0.0,0,0
1934,38702,2923,491,15,8,60,-46,-8,-6,1312,1314,5,0,221,4,11,1,0,-27.0,14,31,231,168,-27,1644,20,0,0,0,6,-6,1,0,0,0,-27.0,200,998,13,13,13,1318,14,1312,2,0,0.0,0.0,0,0
1935,38722,2925,490,16,8,64,-46,-8,-11,1307,1312,5,0,221,4,11,1,0,-25.5,10,57,225,176,-61,1645,10,0,0,0,11,-11,1,0,0,0,-25.5,201,1000,13,13,13,1318,13,1307,2,0,0.0,0.0,0,0
1936,38742,2927,488,18,2,72,-45,-2,-25,1291,1307,5,0,221,4,11,1,-8,-24.0,11,54,237,162,-67,1646,10,0,0,0,25,-25,-2,-1,-1,-1,-24.0,200,998,12,12,12,1316,11,1291,2,0,0.0,0.0,0,0
1937,38762,2928,489,17,-2,68,-45,2,-25,1292,1291,5,0,221,4,11,1,0,-26.0,14,61,231,168,-83,1647,10,0,0,0,25,-25,-1,-1,-1,-1,-26.0,200,998,13,13,13,1317,12,1292,2,0,0.0,0.0,0,0
1938,38782,2930,489,17,-7,68,-44,7,-31,1288,1292,5,0,221,4,11,1,0,-27.0,14,62,238,164,-81,1648,10,0,0,0,31,-31,-1,0,0,0,-27.0,201,1000,14,14,14,1319,13,1288,2,0,0.0,0.0,0,0
1939,38802,2932,490,16,-8,64,-44,8,-28,1292,1288,5,0,221,4,11,1,0,-29.200000000000003,12,62,236,162,-81,1649,10,0,0,0,28,-28,-1,0,0,0,-29.200000000000003,199,995,15,15,15,1320,14,1292,2,0,0.0,0.0,0,0
1940,38822,2934,490,16,-5,64,-43,5,-25,1295,1292,5,0,221,4,11,1,0,-29.200000000000003,12,62,236,162,-81,1649,30,0,0,0,25,-25,0,0,0,0,-29.200000000000003,199,995,15,15,15,1320,14,1295,2,0,0.0,0.0,0,0
1941,38842,2935,490,16,-2,64,-43,2,-23,1297,1295,5,0,221,4,11,1,0,-30.5,11,61,237,162,-79,1650,20,0,0,0,23,-23,0,0,0,0,-30.5,200,998,15,15,15,1320,15,1297,2,0,0.0,0.0,0,0
1942,38862,2937,490,16,1,64,-43,-1,-20,1302,1297,5,0,221,4,11,1,9,-32.5,8,60,234,167,-81,1652,1,0,0,0,20,-20,2,1,1,1,-32.5,201,1000,16,16,16,1322,17,1302,2,0,0.0,0.0,0,0
1943,38882,2939,489,17,1,68,-42,-1,-24,1300,1302,5,0,221,4,11,1,14,-31.900000000000002,8,53,235,164,-69,1653,1,0,0,0,24,-24,6,3,3,3,-31.900000000000002,200,998,16,16,16,1324,19,1300,2,0,0.0,0.0,0,0
1944,38902,2941,487,19,-4,76,-42,4,-39,1285,1300,5,0,221,4,11,1,16,-31.0,11,60,234,164,-78,1654,1,0,0,0,39,-39,9,4,4,4,-31.0,199,995,15,15,15,1324,19,1285,2,0,0.0,0.0,0,0
1945,38922,2942,488,18,-8,72,-42,8,-39,1286,1285,5,0,221,4,11,1,16,-31.0,11,60,234,164,-78,1654,21,0,0,0,39,-39,11,5,5,5,-31.0,199,995,15,15,15,1325,20,1286,2,0,0.0,0.0,0,0
1946,38942,2944,488,18,-12,72,-41,12,-43,1284,1286,5,0,221,4,11,1,17,-31.900000000000002,13,61,237,165,-79,1655,10,0,0,0,43,-43,13,6,6,6,-31.900000000000002,201,1000,16,16,16,1327,22,1284,2,0,0.0,0.0,0,0
1947,38962,2946,486,20,-16,80,-40,16,-56,1270,1284,5,0,221,4,11,1,15,-31.0,17,59,234,163,-77,1656,10,0,0,0,56,-56,13,6,6,6,-31.0,199,993,15,15,15,1326,21,1270,2,0,0.0,0.0,0,0
1948,38982,2948,487,19,-17,76,-40,17,-53,1273,1270,5,0,221,4,11,1,9,-31.3,16,57,238,164,-73,1657,10,0,0,0,53,-53,12,5,5,5,-31.3,201,1000,16,16,16,1326,21,1273,2,0,0.0,0.0,0,0
1949,39002,2949,487,19,-16,76,-40,16,-53,1272,1273,5,0,221,4,11,1,0,-31.6,15,58,236,165,-76,1658,10,0,0,0,53,-53,9,4,4,4,-31.6,201,1000,16,16,16,1325,20,1272,2,0,0.0,0.0,0,0
1950,39022,2951,488,18,-14,72,-39,14,-47,1278,1272,5,0,221,4,11,1,15,-30.700000000000003,14,58,237,163,-75,1659,10,0,0,0,47,-47,10,5,5,5,-30.700000000000003,200,1000,15,15,15,1325,20,1278,2,0,0.0,0.0,0,0
1951,39042,2953,487,19,-11,76,-39,11,-48,1277,1278,5,0,221,4,11,1,15,-30.700000000000003,14,58,237,163,-75,1659,30,0,0,0,48,-48,12,5,5,5,-30.700000000000003,200,1000,15,15,15,1325,21,1277,2,0,0.0,0.0,0,0
1952,39062,2955,487,19,-7,76,-38,7,-45,1283,1277,5,0,221,4,11,1,34,-29.700000000000003,19,51,233,168,-65,1660,20,0,0,0,45,-45,18,8,8,8,-29.700000000000003,201,1000,15,15,15,1328,23,1283,2,0,0.0,0.0,0,0
1953,39082,2957,488,18,-5,72,-38,5,-39,1288,1283,5,0,221,4,11,1,18,-28.700000000000003,16,47,230,167,-61,1662,1,0,0,0,39,-39,18,8,8,8,-28.700000000000003,199,993,14,14,14,1327,22,1288,2,0,0.0,0.0,0,0
1954,39102,2958,488,18,-3,72,-37,3,-37,1290,1288,5,0,221,4,11,1,14,-28.5,15,57,234,164,-75,1663,1,0,0,0,37,-37,17,8,8,8,-28.5,199,995,14,14,14,1327,22,1290,2,0,0.0,0.0,0,0
1955,39122,2960,488,18,-1,72,-37,1,-36,1291,1290,5,0,221,4,11,1,10,-29.1,14,77,236,163,-83,1664,1,0,0,0,36,-36,15,7,7,7,-29.1,200,998,15,15,15,1327,21,1291,2,0,0.0,0.0,0,0
1956,39142,2962,488,18,2,72,-36,-2,-34,1292,1291,5,0,221,4,11,1,10,-29.1,14,77,236,163,-83,1664,21,0,0,0,34,-34,13,6,6,6,-29.1,200,998,15,15,15,1326,21,1292,2,0,0.0,0.0,0,0
1957,39162,2963,488,18,3,72,-36,-3,-33,1296,1292,5,0,221,5,11,1,0,-29.900000000000002,10,48,252,154,-45,1665,11,0,0,0,33,-33,9,14,14,14,0.0,0,0,0,0,10,1329,24,1296,10,0,0.0,0.0,0,0
1958,39182,2965,488,18,4,72,-36,-4,-33,1287,1296,5,0,221,5,11,1,0,-32.300000000000004,11,23,223,182,-18,1666,11,0,0,0,33,-33,7,10,10,10,0.0,0,0,0,0,5,1320,14,1287,10,0,0.0,0.0,0,0
1959,39202,2967,488,18,3,72,-35,-3,-34,1282,1287,5,0,221,5,11,1,9,-30.200000000000003,12,15,218,182,-15,1667,11,0,0,0,34,-34,7,11,11,11,0.0,0,0,0,0,0,1316,11,1282,2,0,0.0,0.0,0,0
1960,39222,2969,488,18,2,72,-35,-2,-35,1286,1282,5,0,221,5,11,1,19,-26.3,14,39,224,176,-49,1668,11,0,0,0,35,-35,11,16,16,16,0.0,0,0,0,0,0,1321,16,1286,2,0,0.0,0.0,0,0
1961,39242,2970,488,18,2,72,-34,-2,-36,1289,1286,5,0,221,5,11,1,19,-24.6,18,41,227,165,-54,1669,11,0,0,0,36,-36,13,20,20,20,0.0,0,0,0,0,0,1325,20,1289,2,0,0.0,0.0,0,0
1962,39262,2972,487,19,0,76,-34,0,-42,1282,1289,5,0,221,5,11,1,11,-25.200000000000003,18,33,225,174,-37,1670,1,0,0,0,42,-42,13,19,19,19,0.0,0,0,0,0,0,1324,19,1282,2,0,0.0,0.0,0,0
1963,39282,2974,488,18,-1,72,-33,1,-39,1284,1282,5,0,221,5,11,1,11,-25.200000000000003,18,33,225,174,-37,1670,21,0,0,0,39,-39,12,18,18,18,0.0,0,0,0,0,0,1323,18,1284,2,0,0.0,0.0,0,0
1964,39302,2976,488,18,-1,72,-33,1,-40,1278,1284,5,0,221,5,11,1,0,-25.400000000000002,16,40,222,174,-53,1671,20,0,0,0,40,-40,8,13,13,13,0.0,0,0,0,0,0,1318,13,1278,2,0,0.0,0.0,0,0
1965,39322,2977,489,17,0,68,-33,0,-35,1286,1278,5,0,221,5,11,1,16,-25.400000000000002,17,29,222,179,-37,1673,1,0,0,0,35,-35,11,16,16,16,0.0,0,0,0,0,0,1321,16,1286,2,0,0.0,0.0,0,0
1966,39342,2979,490,16,5,64,-32,-5,-27,1300,1286,5,0,221,5,11,1,23,-23.8,13,23,221,173,-27,1674,1,0,0,0,27,-27,14,22,22,22,0.0,0,0,0,0,0,1327,22,1300,2,0,0.0,0.0,0,0
1967,39362,2981,491,15,11,60,-32,-11,-17,1313,1300,5,0,221,5,11,1,23,-23.8,13,23,221,173,-27,1674,21,0,0,0,17,-17,17,25,25,25,0.0,0,0,0,0,0,1330,25,1313,2,0,0.0,0.0,0,0
1968,39382,2982,492,14,17,56,-32,-17,-7,1324,1313,5,0,221,5,11,1,19,-21.900000000000002,12,20,216,174,-24,1675,11,0,0,0,7,-7,18,26,26,26,0.0,0,0,0,0,0,1331,26,1324,2,0,0.0,0.0,0,0
1969,39402,2984,492,14,22,56,-31,-22,-2,1336,1324,5,0,221,5,11,1,32,-20.400000000000002,15,20,217,178,-25,1676,11,0,0,0,2,-2,22,33,33,33,0.0,0,0,0,0,0,1338,33,1336,2,0,0.0,0.0,0,0
1970,39422,2986,492,14,24,56,-31,-24,-1,1332,1336,5,0,221,5,11,1,11,-19.700000000000003,14,20,215,174,-26,1677,10,0,0,0,1,-1,19,28,28,28,0.0,0,0,0,0,0,1333,28,1332,2,0,0.0,0.0,0,0
1971,39442,2988,494,12,26,48,-31,-26,8,1338,1332,5,0,221,5,11,1,12,-18.0,14,20,214,178,-26,1678,10,0,0,0,-8,8,17,25,25,25,0.0,0,0,0,0,0,1330,25,1338,2,0,0.0,0.0,0,0
1972,39462,2990,494,12,26,48,-30,-26,8,1330,1338,5,0,221,5,11,1,0,-17.900000000000002,16,20,212,176,-25,1679,10,0,0,0,-8,8,12,17,17,17,0.0,0,0,0,0,0,1322,17,1330,2,0,0.0,0.0,0,0
1973,39482,2991,494,12,26,48,-30,-26,8,1325,1330,5,0,221,5,11,1,0,-17.900000000000002,16,20,212,176,-25,1679,30,0,0,0,-8,8,8,12,12,12,0.0,0,0,0,0,0,1317,12,1325,2,0,0.0,0.0,0,0
1974,39502,2993,495,11,26,44,-30,-26,12,1326,1325,5,0,221,5,11,1,0,-16.5,16,20,210,176,-25,1681,1,0,0,0,-12,12,6,9,9,9,0.0,0,0,0,0,0,1314,9,1326,2,0,0.0,0.0,0,0
1975,39522,2995,496,10,28,40,-29,-28,17,1328,1326,5,0,221,5,11,1,0,-17.6,12,16,212,179,-18,1682,1,0,0,0,-17,17,4,6,6,6,0.0,0,0,0,0,0,1311,6,1328,2,0,0.0,0.0,0,0
1976,39542,2997,498,8,30,32,-29,-30,27,1336,1328,5,0,221,5,11,1,0,-17.6,12,16,212,179,-18,1682,21,0,0,0,-27,27,3,4,4,4,0.0,0,0,0,0,0,1309,4,1336,2,0,0.0,0.0,0,0
1977,39562,2998,498,8,32,32,-29,-32,29,1344,1336,5,0,221,5,71,1,15,-16.3,17,10,209,183,-13,1684,1,0,0,0,-29,29,6,10,10,10,0.0,0,0,0,0,0,1315,10,1344,2,0,0.0,0.0,0,0
1978,39582,3000,498,8,34,32,-29,-34,31,1350,1344,5,0,221,5,71,1,15,-16.3,17,10,209,183,-13,1684,21,0,0,0,-31,31,9,14,14,14,0.0,0,0,0,0,0,1319,14,1350,2,0,0.0,0.0,0,0
1979,39602,3002,498,8,34,32,-29,-34,30,1352,1350,5,0,221,5,71,1,16,-15.600000000000001,24,5,206,178,-3,1685,11,0,0,0,-30,30,11,17,17,17,0.0,0,0,0,0,0,1322,17,1352,2,0,0.0,0.0,0,0
1980,39622,3003,498,8,32,32,-29,-32,28,1351,1352,5,0,221,5,71,1,15,-15.0,21,0,202,182,0,1686,11,0,0,0,-28,28,12,18,18,18,0.0,0,0,0,0,0,1323,18,1351,2,0,0.0,0.0,0,0
1981,39642,3005,498,8,28,32,-28,-28,24,1345,1351,5,0,221,5,71,1,8,-12.700000000000001,27,2,202,181,-3,1687,11,0,0,0,-24,24,11,16,16,16,0.0,0,0,0,0,0,1321,16,1345,2,0,0.0,0.0,0,0
1982,39662,3007,499,7,24,28,-28,-24,24,1347,1345,5,0,221,5,71,1,15,-11.3,26,-3,200,184,5,1688,11,0,0,0,-24,24,12,18,18,18,0.0,0,0,0,0,0,1323,18,1347,2,0,0.0,0.0,0,0
1983,39682,3009,499,7,21,28,-28,-21,21,1339,1347,5,0,221,5,7,1,0,-10.100000000000001,25,-10,198,189,16,1689,11,0,0,0,-21,21,9,13,13,13,0.0,0,0,0,0,0,1318,13,1339,2,0,0.0,0.0,0,0
1984,39702,3010,500,6,20,24,-28,-20,24,1342,1339,5,0,221,5,7,1,10,-7.9,23,-15,194,191,21,1690,1,0,0,0,-24,24,9,13,13,13,0.0,0,0,0,0,0,1318,13,1342,2,0,0.0,0.0,0,0
1985,39722,3012,501,5,22,20,-28,-22,30,1352,1342,5,0,221,5,7,1,16,-5.300000000000001,23,-16,190,194,20,1691,1,0,0,0,-30,30,11,17,17,17,0.0,0,0,0,0,0,1322,17,1352,2,0,0.0,0.0,0,0
1986,39742,3014,502,4,25,0,-28,-25,53,1383,1352,5,0,221,5,7,1,29,-2.7,20,-16,187,193,20,1692,1,0,0,0,-53,53,16,25,25,25,0.0,0,0,0,0,0,1330,25,1383,2,0,0.0,0.0,0,0
1987,39762,3016,502,4,27,0,-28,-27,55,1384,1383,5,0,221,5,7,1,16,-1.0,21,-16,189,193,19,1693,1,0,0,0,-55,55,16,24,24,24,0.0,0,0,0,0,0,1329,24,1384,2,0,0.0,0.0,0,0
1988,39782,3017,502,4,28,0,-28,-28,56,1385,1384,5,0,221,5,7,1,16,-1.0,21,-16,189,193,19,1693,21,0,0,0,-56,56,16,24,24,24,0.0,0,0,0,0,0,1329,24,1385,2,0,0.0,0.0,0,0
1989,39802,3019,501,5,25,20,-28,-25,32,1360,1385,5,0,221,5,7,1,13,1.2000000000000002,17,-15,187,192,18,1694,20,0,0,0,-32,32,15,23,23,23,0.0,0,0,0,0,0,1328,23,1360,2,0,0.0,0.0,0,0
1990,39822,3021,501,5,19,20,-28,-19,26,1347,1360,5,0,221,5,7,1,0,2.6,16,-13,181,191,15,1695,11,0,0,0,-26,26,11,16,16,16,0.0,0,0,0,0,0,1321,16,1347,2,0,0.0,0.0,0,0
1991,39842,3023,502,4,14,0,-28,-14,42,1364,1347,5,0,221,5,7,1,12,2.9000000000000004,19,-8,187,193,9,1696,11,0,0,0,-42,42,11,17,17,17,0.0,0,0,0,0,0,1322,17,1364,2,0,0.0,0.0,0,0
1992,39862,3024,502,4,11,0,-28,-11,38,1359,1364,5,0,221,5,7,1,9,1.7000000000000002,17,-11,189,191,15,1697,11,0,0,0,-38,38,10,16,16,16,0.0,0,0,0,0,0,1321,16,1359,2,0,0.0,0.0,0,0
1993,39882,3026,502,4,10,0,-28,-10,37,1357,1359,5,0,221,5,7,1,8,1.0,14,-12,183,191,15,1698,11,0,0,0,-37,37,10,15,15,15,0.0,0,0,0,0,0,1320,15,1357,2,0,0.0,0.0,0,0
1994,39902,3028,501,5,9,20,-27,-9,16,1335,1357,5,0,221,5,7,1,9,0.8,13,-15,186,194,19,1699,10,0,0,0,-16,16,10,14,14,14,0.0,0,0,0,0,0,1319,14,1335,2,0,0.0,0.0,0,0
1995,39922,3030,501,5,6,20,-27,-6,13,1332,1335,5,0,221,5,7,1,9,0.8,13,-15,186,194,19,1699,30,0,0,0,-13,13,9,14,14,14,0.0,0,0,0,0,0,1319,14,1332,2,0,0.0,0.0,0,0
1996,39942,3031,501,5,4,20,-27,-4,11,1334,1332,5,0,221,5,7,1,19,1.0,12,-14,188,195,17,1701,1,0,0,0,-11,11,12,18,18,18,0.0,0,0,0,0,0,1323,18,1334,2,0,0.0,0.0,0,0
1997,39962,3033,500,6,-1,24,-27,1,2,1320,1334,5,0,221,5,7,1,0,2.0,14,-15,183,191,18,1702,1,0,0,0,-2,2,9,13,13,13,0.0,0,0,0,0,0,1318,13,1320,2,0,0.0,0.0,0,0
1998,39982,3035,501,5,-3,20,-27,3,4,1326,1320,5,0,221,5,7,1,18,2.0,17,-17,181,196,20,1703,1,0,0,0,-4,4,11,17,17,17,0.0,0,0,0,0,0,1322,17,1326,2,0,0.0,0.0,0,0
1999,40002,3037,500,6,-4,24,-27,4,-1,1321,1326,5,0,221,5,7,1,12,2.1,18,-18,182,190,22,1704,1,0,0,0,1,-1,12,17,17,17,0.0,0,0,0,0,0,1322,17,1321,2,0,0.0,0.0,0,0
2000,40022,3038,500,6,-5,24,-27,5,-2,1321,1321,5,0,221,5,7,1,12,2.1,18,-18,182,190,22,1704,21,0,0,0,2,-2,12,18,18,18,0.0,0,0,0,0,0,1323,18,1321,0,0,0.0,0.0,0,0
2001,40042,3040,500,6,-6,24,-26,6,-3,1314,1321,5,0,221,5,7,1,0,2.8000000000000003,17,-17,179,192,20,1705,10,0,0,0,3,-3,8,12,12,12,0.0,0,0,0,0,0,1317,12,1314,2,0,0.0,0.0,0,0
2002,40062,3042,501,5,-4,20,-26,4,3,1317,1314,5,0,221,5,7,1,0,3.5,13,-17,182,192,20,1706,10,0,0,0,-3,3,6,9,9,9,0.0,0,0,0,0,0,1314,9,1317,2,0,0.0,0.0,0,0
2003,40082,3044,502,4,-1,0,-26,1,26,1343,1317,5,0,221,5,7,1,13,3.9000000000000004,13,-16,176,194,19,1707,10,0,0,0,-26,26,8,12,12,12,0.0,0,0,0,0,0,1317,12,1343,2,0,0.0,0.0,0,0
2004,40102,3045,501,5,1,20,-26,-1,8,1328,1343,5,0,221,5,7,1,14,3.9000000000000004,10,-16,178,194,19,1708,10,0,0,0,-8,8,10,15,15,15,0.0,0,0,0,0,0,1320,15,1328,2,0,0.0,0.0,0,0
2005,40122,3047,500,6,3,24,-26,-3,5,1320,1328,5,0,221,5,7,1,0,4.2,12,-15,179,192,18,1709,11,0,0,0,-5,5,7,10,10,10,0.0,0,0,0,0,0,1315,10,1320,2,0,0.0,0.0,0,0
2006,40142,3049,499,7,0,28,-26,0,-3,1309,1320,5,0,221,5,7,1,0,4.2,12,-15,179,192,18,1709,31,0,0,0,3,-3,5,7,7,7,0.0,0,0,0,0,0,1312,7,1309,2,0,0.0,0.0,0,0
2007,40162,3050,498,8,-5,32,-26,5,-11,1309,1309,5,0,221,5,7,1,22,4.0,14,-11,179,195,11,1710,20,0,0,0,11,-11,10,15,15,15,0.0,0,0,0,0,0,1320,15,1309,0,0,0.0,0.0,0,0
2008,40182,3052,499,7,-10,28,-26,10,-12,1308,1309,5,0,221,5,7,1,10,2.7,15,-4,181,189,5,1712,1,0,0,0,12,-12,10,15,15,15,0.0,0,0,0,0,0,1320,15,1308,2,0,0.0,0.0,0,0
2009,40202,3054,500,6,-10,24,-25,10,-9,1306,1308,5,0,221,5,7,1,0,2.6,17,0,182,188,0,1713,1,0,0,0,9,-9,7,10,10,10,0.0,0,0,0,0,0,1315,10,1306,2,0,0.0,0.0,0,0
2010,40222,3056,500,6,-7,24,-25,7,-6,1306,1306,5,0,221,5,7,1,0,0.9,20,-2,182,189,2,1714,1,0,0,0,6,-6,5,7,7,7,0.0,0,0,0,0,0,1312,7,1306,0,0,0.0,0.0,0,0
2011,40242,3058,501,5,-1,20,-25,1,4,1314,1306,5,0,221,5,7,1,0,0.9,20,-2,182,189,2,1714,21,0,0,0,-4,4,3,5,5,5,0.0,0,0,0,0,0,1310,5,1314,2,0,0.0,0.0,0,0
2012,40262,3059,501,5,5,20,-25,-5,10,1327,1314,5,0,221,5,7,1,19,0.2,19,-3,181,188,4,1715,10,0,0,0,-10,10,8,12,12,12,0.0,0,0,0,0,0,1317,12,1327,2,0,0.0,0.0,0,0
2013,40282,3061,501,5,8,20,-25,-8,13,1337,1327,5,0,221,5,7,1,24,-0.5,17,-4,182,187,3,1716,10,0,0,0,-13,13,13,19,19,19,0.0,0,0,0,0,0,1324,19,1337,2,0,0.0,0.0,0,0
2014,40302,3063,501,5,9,20,-25,-9,13,1336,1337,5,0,221,5,7,1,10,-0.2,19,-11,178,186,13,1717,10,0,0,0,-13,13,12,18,18,18,0.0,0,0,0,0,0,1323,18,1336,2,0,0.0,0.0,0,0
2015,40322,3064,502,4,10,0,-25,-10,35,1357,1336,5,0,221,5,7,1,10,0.5,17,-3,178,184,1,1718,10,0,0,0,-35,35,11,17,17,17,0.0,0,0,0,0,0,1322,17,1357,2,0,0.0,0.0,0,0
2016,40342,3066,502,4,11,0,-25,-11,36,1353,1357,5,0,221,5,7,1,0,0.8,14,-3,179,186,3,1719,10,0,0,0,-36,36,8,12,12,12,0.0,0,0,0,0,0,1317,12,1353,2,0,0.0,0.0,0,0
2017,40362,3068,502,4,11,0,-25,-11,36,1358,1353,5,0,221,5,7,1,20,2.3000000000000003,15,-3,182,187,4,1720,1,0,0,0,-36,36,12,17,17,17,0.0,0,0,0,0,0,1322,17,1358,2,0,0.0,0.0,0,0
2018,40382,3070,501,5,9,20,-25,-9,14,1340,1358,5,0,221,5,7,1,20,2.3000000000000003,15,-3,182,187,4,1720,21,0,0,0,-14,14,14,21,21,21,0.0,0,0,0,0,0,1326,21,1340,2,0,0.0,0.0,0,0
2019,40402,3071,500,6,6,24,-25,-6,7,1338,1340,5,0,221,5,7,1,25,0.30000000000000004,15,0,179,186,0,1721,20,0,0,0,-7,7,17,26,26,26,0.0,0,0,0,0,0,1331,26,1338,2,0,0.0,0.0,0,0
2020,40422,3073,501,5,2,20,-24,-2,6,1338,1338,5,0,221,5,7,1,20,-1.0,15,-2,173,184,2,1723,1,0,0,0,-6,6,18,27,27,27,0.0,0,0,0,0,0,1332,27,1338,0,0,0.0,0.0,0,0
2021,40442,3075,500,6,-2,24,-24,2,-2,1326,1338,5,0,221,5,7,1,9,-0.5,17,2,184,180,-3,1724,1,0,0,0,2,-2,15,23,23,23,0.0,0,0,0,0,0,1328,23,1326,2,0,0.0,0.0,0,0
2022,40462,3077,500,6,-5,24,-24,5,-5,1320,1326,5,0,221,5,7,1,9,-0.5,17,2,184,180,-3,1724,21,0,0,0,5,-5,13,20,20,20,0.0,0,0,0,0,0,1325,20,1320,2,0,0.0,0.0,0,0
2023,40482,3078,500,6,-7,24,-24,7,-7,1319,1320,5,0,221,5,7,1,15,-0.8,13,-11,182,180,0,1725,11,0,0,0,7,-7,14,21,21,21,0.0,0,0,0,0,0,1326,21,1319,2,0,0.0,0.0,0,0
2024,40502,3080,500,6,-7,24,-24,7,-7,1318,1319,5,0,221,5,7,1,12,-0.2,16,-14,172,185,16,1726,10,0,0,0,7,-7,13,20,20,20,0.0,0,0,0,0,0,1325,20,1318,2,0,0.0,0.0,0,0
2025,40522,3082,500,6,-7,24,-24,7,-7,1312,1318,5,0,221,5,7,1,0,1.1,18,-2,175,180,0,1727,10,0,0,0,7,-7,9,14,14,14,0.0,0,0,0,0,0,1319,14,1312,2,0,0.0,0.0,0,0
2026,40542,3084,500,6,-5,24,-23,5,-6,1314,1312,5,0,221,5,7,1,11,2.2,21,-3,178,182,3,1728,10,0,0,0,6,-6,10,15,15,15,0.0,0,0,0,0,0,1320,15,1314,2,0,0.0,0.0,0,0
2027,40562,3085,503,3,-1,0,-23,1,22,1337,1314,5,0,221,5,7,1,0,1.2000000000000002,18,2,177,176,-4,1729,10,0,0,0,-22,22,7,10,10,10,0.0,0,0,0,0,0,1315,10,1337,2,0,0.0,0.0,0,0
2028,40582,3087,500,6,1,24,-23,-1,0,1312,1337,5,0,221,5,7,1,0,1.2000000000000002,18,2,177,176,-4,1729,30,0,0,0,0,0,5,7,7,7,0.0,0,0,0,0,0,1312,7,1312,2,0,0.0,0.0,0,0
2029,40602,3089,500,6,1,24,-23,-1,0,1310,1312,5,0,221,5,7,1,0,-0.7000000000000001,22,14,184,171,-18,1731,1,0,0,0,0,0,3,5,5,5,0.0,0,0,0,0,0,1310,5,1310,2,0,0.0,0.0,0,0
2030,40622,3091,498,8,-3,32,-23,3,-12,1301,1310,5,0,221,5,7,1,11,-2.8000000000000003,21,9,180,176,-6,1732,0,0,0,0,12,-12,6,8,8,8,0.0,0,0,0,0,0,1313,8,1301,2,0,0.0,0.0,0,0
2031,40642,3092,498,8,-8,32,-23,8,-17,1294,1301,5,0,221,5,7,1,0,-3.2,18,-4,180,172,0,1733,1,0,0,0,17,-17,4,6,6,6,0.0,0,0,0,0,0,1311,6,1294,2,0,0.0,0.0,0,0
2032,40662,3094,498,8,-16,32,-23,16,-25,1284,1294,5,0,221,5,7,1,0,-3.6,18,-11,173,185,12,1734,1,0,0,0,25,-25,3,4,4,4,0.0,0,0,0,0,0,1309,4,1284,2,0,0.0,0.0,0,0
2033,40682,3096,496,10,-20,40,-22,20,-38,1270,1284,5,0,221,5,7,1,0,-3.6,18,-11,173,185,12,1734,21,0,0,0,38,-38,2,3,3,3,0.0,0,0,0,0,0,1308,3,1270,2,0,0.0,0.0,0,0
2034,40702,3098,497,9,-22,36,-22,22,-36,1279,1270,5,0,221,5,7,1,17,-1.0,18,0,178,181,0,1735,11,0,0,0,36,-36,6,10,10,10,0.0,0,0,0,0,0,1315,10,1279,2,0,0.0,0.0,0,0
2035,40722,3099,498,8,-22,32,-22,22,-32,1293,1279,5,0,221,5,7,1,29,0.5,18,1,177,175,-1,1736,11,0,0,0,32,-32,13,20,20,20,0.0,0,0,0,0,0,1325,20,1293,2,0,0.0,0.0,0,0
2036,40742,3101,496,10,-20,40,-22,20,-38,1290,1293,5,0,221,5,7,1,20,1.0,17,4,174,176,-4,1737,11,0,0,0,38,-38,15,23,23,23,0.0,0,0,0,0,0,1328,23,1290,2,0,0.0,0.0,0,0
2037,40762,3103,497,9,-17,36,-21,17,-32,1289,1290,5,0,221,5,7,1,0,-0.4,20,8,174,172,-12,1738,11,0,0,0,32,-32,11,16,16,16,0.0,0,0,0,0,0,1321,16,1289,2,0,0.0,0.0,0,0
2038,40782,3105,496,10,-15,40,-21,15,-33,1291,1289,5,0,221,5,7,1,18,-0.4,20,3,179,175,-1,1739,11,0,0,0,33,-33,13,19,19,19,0.0,0,0,0,0,0,1324,19,1291,2,0,0.0,0.0,0,0
2039,40802,3106,496,10,-13,40,-21,13,-32,1293,1291,5,0,221,5,7,1,15,-2.1,15,-3,174,171,0,1740,1,0,0,0,32,-32,14,20,20,20,0.0,0,0,0,0,0,1325,20,1293,2,0,0.0,0.0,0,0
2040,40822,3108,496,10,-13,40,-21,13,-33,1286,1293,5,0,221,5,7,1,0,-1.7000000000000002,16,0,172,175,0,1741,1,0,0,0,33,-33,9,14,14,14,0.0,0,0,0,0,0,1319,14,1286,2,0,0.0,0.0,0,0
2041,40842,3110,494,12,-14,48,-20,14,-42,1283,1286,5,0,221,5,7,1,22,-1.9000000000000001,18,-1,176,172,2,1742,0,0,0,0,42,-42,13,20,20,20,0.0,0,0,0,0,0,1325,20,1283,2,0,0.0,0.0,0,0
2042,40862,3112,496,10,-15,40,-20,15,-34,1295,1283,5,0,221,5,7,1,22,-1.9000000000000001,18,-1,176,172,2,1742,20,0,0,0,34,-34,16,24,24,24,0.0,0,0,0,0,0,1329,24,1295,2,0,0.0,0.0,0,0
2043,40882,3113,495,11,-15,44,-20,15,-39,1289,1295,5,0,221,5,7,1,15,-0.8,14,3,174,176,-5,1744,1,0,0,0,39,-39,16,23,23,23,0.0,0,0,0,0,0,1328,23,1289,2,0,0.0,0.0,0,0
2044,40902,3115,494,12,-15,48,-20,15,-43,1285,1289,5,0,221,5,7,1,15,-0.8,14,3,174,176,-5,1744,21,0,0,0,43,-43,15,23,23,23,0.0,0,0,0,0,0,1328,23,1285,2,0,0.0,0.0,0,0
2045,40922,3117,494,12,-15,48,-19,15,-44,1283,1285,5,0,221,5,7,1,13,-0.9,14,16,170,173,-20,1745,11,0,0,0,44,-44,15,22,22,22,0.0,0,0,0,0,0,1327,22,1283,2,0,0.0,0.0,0,0
2046,40942,3118,494,12,-15,48,-19,15,-44,1280,1283,5,0,221,5,7,1,8,-1.4000000000000001,11,10,179,164,-11,1746,11,0,0,0,44,-44,13,19,19,19,0.0,0,0,0,0,0,1324,19,1280,2,0,0.0,0.0,0,0
2047,40962,3120,494,12,-14,48,-19,14,-43,1279,1280,5,0,221,5,7,1,9,-3.4000000000000004,7,2,173,174,-3,1747,11,0,0,0,43,-43,12,17,17,17,0.0,0,0,0,0,0,1322,17,1279,2,0,0.0,0.0,0,0
2048,40982,3122,494,12,-12,48,-19,12,-42,1275,1279,5,0,221,5,7,1,0,-2.7,8,2,175,168,-2,1748,10,0,0,0,42,-42,8,12,12,12,0.0,0,0,0,0,0,1317,12,1275,2,0,0.0,0.0,0,0
2049,41002,3124,494,12,-10,48,-18,10,-40,1274,1275,5,0,221,5,7,1,0,-2.4000000000000004,10,3,169,172,-4,1749,10,0,0,0,40,-40,6,9,9,9,0.0,0,0,0,0,0,1314,9,1274,2,0,0.0,0.0,0,0
2050,41022,3125,494,12,-8,48,-18,8,-38,1273,1274,5,0,221,5,7,1,0,-2.4000000000000004,10,3,169,172,-4,1749,30,0,0,0,38,-38,4,6,6,6,0.0,0,0,0,0,0,1311,6,1273,2,0,0.0,0.0,0,0
2051,41042,3127,493,13,-7,52,-18,7,-42,1267,1273,5,0,221,5,7,1,0,-1.8,15,13,170,170,-14,1751,1,0,0,0,42,-42,3,4,4,4,0.0,0,0,0,0,0,1309,4,1267,2,0,0.0,0.0,0,0
2052,41062,3129,495,11,-5,44,-17,5,-32,1276,1267,5,0,221,5,7,1,0,-2.6,18,-8,177,170,15,1752,1,0,0,0,32,-32,2,3,3,3,0.0,0,0,0,0,0,1308,3,1276,2,0,0.0,0.0,0,0
2053,41082,3131,493,13,-5,52,-17,5,-40,1267,1276,5,0,221,5,7,1,0,-2.6,18,-8,177,170,15,1752,21,0,0,0,40,-40,1,2,2,2,0.0,0,0,0,0,0,1307,2,1267,2,0,0.0,0.0,0,0
2054,41102,3132,493,13,-6,52,-17,6,-41,1265,1267,5,0,221,5,7,1,0,-2.2,17,-1,162,176,0,1753,20,0,0,0,41,-41,1,1,1,1,0.0,0,0,0,0,0,1306,1,1265,2,0,0.0,0.0,0,0
2055,41122,3134,493,13,-6,52,-16,6,-42,1268,1265,5,0,221,5,7,1,9,-0.30000000000000004,16,0,174,170,0,1754,20,0,0,0,42,-42,3,5,5,5,0.0,0,0,0,0,0,1310,5,1268,2,0,0.0,0.0,0,0
2056,41142,3136,492,14,-8,56,-16,8,-48,1261,1268,5,0,221,5,7,1,0,-1.7000000000000002,17,2,170,165,-3,1755,11,0,0,0,48,-48,2,4,4,4,0.0,0,0,0,0,0,1309,4,1261,2,0,0.0,0.0,0,0
2057,41162,3138,492,14,-12,56,-16,12,-52,1255,1261,5,0,221,5,7,1,0,-1.9000000000000001,12,8,171,171,-12,1756,11,0,0,0,52,-52,2,2,2,2,0.0,0,0,0,0,0,1307,2,1255,2,0,0.0,0.0,0,0
2058,41182,3140,493,13,-10,52,-15,10,-47,1264,1255,5,0,221,5,7,1,9,-3.1,11,11,174,164,-12,1757,11,0,0,0,47,-47,4,6,6,6,0.0,0,0,0,0,0,1311,6,1264,2,0,0.0,0.0,0,0
2059,41202,3141,492,14,-10,56,-15,10,-51,1262,1264,5,0,221,5,7,1,9,-3.8000000000000003,9,-13,169,166,17,1758,12,0,0,0,51,-51,5,8,8,8,0.0,0,0,0,0,0,1313,8,1262,2,0,0.0,0.0,0,0
2060,41222,3143,492,14,-9,56,-15,9,-50,1264,1262,5,0,221,5,7,1,8,-3.4000000000000004,8,-1,165,176,1,1759,11,0,0,0,50,-50,6,9,9,9,0.0,0,0,0,0,0,1314,9,1264,2,0,0.0,0.0,0,0
2061,41242,3145,492,14,-7,56,-14,7,-49,1266,1264,5,0,221,5,7,1,8,-3.1,6,4,171,168,0,1760,1,0,0,0,49,-49,7,10,10,10,0.0,0,0,0,0,0,1315,10,1266,2,0,0.0,0.0,0,0
2062,41262,3146,492,14,-6,56,-14,6,-48,1274,1266,5,0,221,5,7,1,22,-1.9000000000000001,12,15,167,167,-21,1761,1,0,0,0,48,-48,11,17,17,17,0.0,0,0,0,0,0,1322,17,1274,2,0,0.0,0.0,0,0
2063,41282,3148,492,14,-6,56,-14,6,-48,1275,1274,5,0,221,5,7,1,14,-2.1,13,0,170,161,0,1762,1,0,0,0,48,-48,12,18,18,18,0.0,0,0,0,0,0,1323,18,1275,2,0,0.0,0.0,0,0
2064,41302,3150,492,14,-4,56,-13,4,-47,1267,1275,5,0,221,5,7,1,-9,-2.3000000000000003,19,-7,162,171,4,1763,1,0,0,0,47,-47,6,9,9,9,0.0,0,0,0,0,0,1314,9,1267,2,0,0.0,0.0,0,0
2065,41322,3152,491,15,-5,60,-13,5,-52,1255,1267,5,0,221,5,7,1,-9,-2.3000000000000003,19,-7,162,171,4,1763,21,0,0,0,52,-52,1,2,2,2,0.0,0,0,0,0,0,1307,2,1255,2,0,0.0,0.0,0,0
2066,41342,3153,492,14,-5,56,-13,5,-48,1264,1255,5,0,221,5,7,1,12,-0.2,24,0,167,169,0,1764,20,0,0,0,48,-48,5,7,7,7,0.0,0,0,0,0,0,1312,7,1264,2,0,0.0,0.0,0,0
2067,41362,3155,491,15,-6,60,-12,6,-53,1266,1264,5,0,221,5,7,1,20,-0.8,26,3,164,168,-4,1765,10,0,0,0,53,-53,9,14,14,14,0.0,0,0,0,0,0,1319,14,1266,2,0,0.0,0.0,0,0
2068,41382,3157,492,14,-5,56,-12,5,-49,1273,1266,5,0,221,5,7,1,17,-1.6,21,14,169,160,-17,1766,10,0,0,0,49,-49,12,17,17,17,0.0,0,0,0,0,0,1322,17,1273,2,0,0.0,0.0,0,0
2069,41402,3158,492,14,-4,56,-12,4,-48,1275,1273,5,0,221,5,7,1,13,-3.2,19,-9,171,163,0,1767,10,0,0,0,48,-48,12,18,18,18,0.0,0,0,0,0,0,1323,18,1275,2,0,0.0,0.0,0,0
2070,41422,3160,492,14,-3,56,-11,3,-47,1264,1275,5,0,221,5,7,1,-14,-3.8000000000000003,20,3,166,164,-3,1768,10,0,0,0,47,-47,4,6,6,6,0.0,0,0,0,0,0,1311,6,1264,2,0,0.0,0.0,0,0
2071,41442,3162,492,14,-1,56,-11,1,-46,1257,1264,5,0,221,5,7,1,-14,-3.4000000000000004,16,2,163,164,-2,1769,10,0,0,0,46,-46,-1,-2,-2,-2,0.0,0,0,0,0,0,1303,-2,1257,2,0,0.0,0.0,0,0
2072,41462,3164,492,14,0,56,-11,0,-45,1252,1257,5,0,221,5,7,1,-14,-3.4000000000000004,16,2,163,164,-2,1769,30,0,0,0,45,-45,-5,-8,-8,-8,0.0,0,0,0,0,0,1297,-8,1252,2,0,0.0,0.0,0,0
2073,41482,3166,492,14,0,56,-10,0,-46,1254,1252,5,0,221,5,7,1,0,-1.9000000000000001,17,13,166,158,-19,1770,20,0,0,0,46,-46,-4,-5,-5,-5,0.0,0,0,0,0,0,1300,-5,1254,2,0,0.0,0.0,0,0
2074,41502,3167,493,13,1,52,-10,-1,-41,1260,1254,5,0,221,5,7,1,0,-2.4000000000000004,23,0,163,161,-3,1772,1,0,0,0,41,-41,-2,-4,-4,-4,0.0,0,0,0,0,0,1301,-4,1260,2,0,0.0,0.0,0,0
2075,41522,3169,492,14,2,56,-10,-2,-44,1258,1260,5,0,221,5,7,1,0,-1.4000000000000001,16,-1,160,163,1,1773,1,0,0,0,44,-44,-2,-3,-3,-3,0.0,0,0,0,0,0,1302,-3,1258,2,0,0.0,0.0,0,0
2076,41542,3171,493,13,3,52,-9,-3,-40,1267,1258,5,0,221,5,7,1,8,-1.5,16,3,163,160,0,1774,1,0,0,0,40,-40,1,2,2,2,0.0,0,0,0,0,0,1307,2,1267,2,0,0.0,0.0,0,0
2077,41562,3173,492,14,3,56,-9,-3,-44,1266,1267,5,0,221,5,7,1,8,-1.5,16,3,163,160,0,1774,21,0,0,0,44,-44,3,5,5,5,0.0,0,0,0,0,0,1310,5,1266,2,0,0.0,0.0,0,0
2078,41582,3174,492,14,2,56,-9,-2,-45,1263,1266,5,0,221,5,7,1,0,-2.3000000000000003,14,-12,163,162,0,1775,10,0,0,0,45,-45,2,3,3,3,0.0,0,0,0,0,0,1308,3,1263,2,0,0.0,0.0,0,0
2079,41602,3176,492,14,0,56,-8,0,-47,1264,1263,5,0,221,5,7,1,9,-2.2,15,-3,160,161,0,1776,10,0,0,0,47,-47,4,6,6,6,0.0,0,0,0,0,0,1311,6,1264,2,0,0.0,0.0,0,0
2080,41622,3178,491,15,-2,60,-8,2,-54,1255,1264,5,0,221,5,7,1,0,-1.8,9,-2,159,164,2,1777,10,0,0,0,54,-54,3,4,4,4,0.0,0,0,0,0,0,1309,4,1255,2,0,0.0,0.0,0,0
2081,41642,3179,490,16,-5,64,-8,5,-61,1254,1255,5,0,221,5,7,1,16,-1.9000000000000001,15,-2,165,162,3,1778,10,0,0,0,61,-61,7,10,10,10,0.0,0,0,0,0,0,1315,10,1254,2,0,0.0,0.0,0,0
2082,41662,3181,490,16,-9,64,-7,9,-66,1246,1254,5,0,221,5,7,1,0,-1.1,17,-1,159,163,1,1779,10,0,0,0,66,-66,5,7,7,7,0.0,0,0,0,0,0,1312,7,1246,2,0,0.0,0.0,0,0
2083,41682,3183,490,16,-12,64,-7,12,-69,1241,1246,5,0,221,5,7,1,0,-1.1,17,-1,159,163,1,1779,30,0,0,0,69,-69,3,5,5,5,0.0,0,0,0,0,0,1310,5,1241,2,0,0.0,0.0,0,0
2084,41702,3185,490,16,-13,64,-6,13,-71,1238,1241,5,0,221,5,7,1,0,-1.8,15,-11,164,156,16,1780,20,0,0,0,71,-71,2,4,4,4,0.0,0,0,0,0,0,1309,4,1238,2,0,0.0,0.0,0,0
2085,41722,3186,490,16,-13,64,-6,13,-71,1245,1238,5,0,221,5,7,1,19,-0.30000000000000004,22,3,164,157,-3,1782,1,0,0,0,71,-71,7,11,11,11,0.0,0,0,0,0,0,1316,11,1245,2,0,0.0,0.0,0,0
2086,41742,3188,491,15,-9,60,-6,9,-63,1257,1245,5,0,221,5,7,1,16,0.0,16,5,158,158,-8,1783,1,0,0,0,63,-63,10,15,15,15,0.0,0,0,0,0,0,1320,15,1257,2,0,0.0,0.0,0,0
2087,41762,3190,492,14,-4,56,-5,4,-55,1260,1257,5,0,221,5,7,1,0,-0.4,19,-3,161,159,0,1784,1,0,0,0,55,-55,7,10,10,10,0.0,0,0,0,0,0,1315,10,1260,2,0,0.0,0.0,0,0
2088,41782,3192,494,12,4,48,-5,-4,-39,1273,1260,5,0,221,5,7,1,0,-0.4,19,-3,161,159,0,1784,21,0,0,0,39,-39,5,7,7,7,0.0,0,0,0,0,0,1312,7,1273,2,0,0.0,0.0,0,0
2089,41802,3193,494,12,12,48,-5,-12,-31,1279,1273,5,0,221,5,7,1,0,-0.7000000000000001,22,0,157,160,0,1785,10,0,0,0,31,-31,3,5,5,5,0.0,0,0,0,0,0,1310,5,1279,2,0,0.0,0.0,0,0
2090,41822,3195,493,13,17,52,-5,-17,-31,1281,1279,5,0,221,5,7,1,8,-1.2000000000000002,20,2,160,158,-3,1786,10,0,0,0,31,-31,5,7,7,7,0.0,0,0,0,0,0,1312,7,1281,2,0,0.0,0.0,0,0
2091,41842,3197,495,11,20,44,-4,-20,-20,1295,1281,5,0,221,5,7,1,10,-1.8,15,-6,157,155,0,1787,10,0,0,0,20,-20,6,10,10,10,0.0,0,0,0,0,0,1315,10,1295,2,0,0.0,0.0,0,0
2092,41862,3199,495,11,21,44,-4,-21,-20,1292,1295,5,0,221,5,7,1,0,-2.3000000000000003,15,-5,157,159,5,1788,10,0,0,0,20,-20,4,7,7,7,0.0,0,0,0,0,0,1312,7,1292,2,0,0.0,0.0,0,0
2093,41882,3200,495,11,21,44,-4,-21,-19,1291,1292,5,0,221,5,7,1,0,-0.7000000000000001,13,0,159,154,0,1789,10,0,0,0,19,-19,3,5,5,5,0.0,0,0,0,0,0,1310,5,1291,2,0,0.0,0.0,0,0
2094,41902,3202,496,10,21,40,-4,-21,-15,1293,1291,5,0,221,5,7,1,0,-0.7000000000000001,13,0,159,154,0,1789,30,0,0,0,15,-15,2,3,3,3,0.0,0,0,0,0,0,1308,3,1293,2,0,0.0,0.0,0,0
2095,41922,3204,496,10,22,40,-3,-22,-15,1292,1293,5,0,221,5,7,1,0,-0.5,15,1,156,158,-1,1790,20,0,0,0,15,-15,2,2,2,2,0.0,0,0,0,0,0,1307,2,1292,2,0,0.0,0.0,0,0
2096,41942,3206,496,10,20,40,-3,-20,-17,1295,1292,5,0,221,5,7,1,12,-0.4,17,-2,151,159,1,1792,1,0,0,0,17,-17,5,7,7,7,0.0,0,0,0,0,0,1312,7,1295,2,0,0.0,0.0,0,0
2097,41962,3208,498,8,21,32,-3,-21,-8,1302,1295,5,0,221,5,7,1,0,-0.30000000000000004,22,0,156,153,0,1793,1,0,0,0,8,-8,3,5,5,5,0.0,0,0,0,0,0,1310,5,1302,2,0,0.0,0.0,0,0
2098,41982,3209,498,8,23,32,-3,-23,-7,1301,1302,5,0,221,5,7,1,0,-0.7000000000000001,22,3,157,156,-2,1794,1,0,0,0,7,-7,2,3,3,3,0.0,0,0,0,0,0,1308,3,1301,2,0,0.0,0.0,0,0
2099,42002,3211,498,8,23,32,-2,-23,-6,1301,1301,5,0,221,5,7,1,0,-0.7000000000000001,22,3,157,156,-2,1794,21,0,0,0,6,-6,2,2,2,2,0.0,0,0,0,0,0,1307,2,1301,0,0,0.0,0.0,0,0
2100,42022,3213,498,8,23,32,-2,-23,-7,1295,1301,5,0,221,5,7,1,-10,-1.8,21,-1,159,152,0,1795,11,0,0,0,7,-7,-2,-3,-3,-3,0.0,0,0,0,0,0,1302,-3,1295,2,0,0.0,0.0,0,0
2101,42042,3214,499,7,23,28,-2,-23,-3,1300,1295,5,0,221,5,7,1,0,-2.1,27,2,151,155,0,1796,10,0,0,0,3,-3,-1,-2,-2,-2,0.0,0,0,0,0,0,1303,-2,1300,2,0,0.0,0.0,0,0
2102,42062,3216,500,6,24,24,-2,-24,2,1311,1300,5,0,221,5,7,1,12,-1.7000000000000002,28,-1,156,155,0,1797,10,0,0,0,-2,2,3,4,4,4,0.0,0,0,0,0,0,1309,4,1311,2,0,0.0,0.0,0,0
2103,42082,3218,501,5,25,20,-2,-25,7,1322,1311,5,0,221,5,7,1,17,-1.5,22,0,152,157,0,1798,10,0,0,0,-7,7,7,10,10,10,0.0,0,0,0,0,0,1315,10,1322,2,0,0.0,0.0,0,0
2104,42102,3220,500,6,25,24,-2,-25,3,1323,1322,5,0,221,5,7,1,16,-1.0,24,-4,150,153,4,1799,10,0,0,0,-3,3,10,15,15,15,0.0,0,0,0,0,0,1320,15,1323,2,0,0.0,0.0,0,0
2105,42122,3221,500,6,25,24,-2,-25,2,1324,1323,5,0,221,5,7,1,16,-1.0,24,-4,150,153,4,1799,30,0,0,0,-2,2,12,17,17,17,0.0,0,0,0,0,0,1322,17,1324,2,0,0.0,0.0,0,0
2106,42142,3223,501,5,22,20,-1,-22,4,1329,1324,5,0,221,5,7,1,17,-0.7000000000000001,21,0,150,157,0,1800,20,0,0,0,-4,4,13,20,20,20,0.0,0,0,0,0,0,1325,20,1329,2,0,0.0,0.0,0,0
2107,42162,3225,501,5,19,20,-1,-19,1,1329,1329,5,0,221,5,7,1,21,-0.9,16,-6,157,153,0,1801,20,0,0,0,-1,1,16,23,23,23,0.0,0,0,0,0,0,1328,23,1329,0,0,0.0,0.0,0,0
2108,42182,3227,502,4,18,0,-1,-18,19,1351,1329,5,0,221,5,7,1,24,-2.1,22,1,152,155,0,1803,1,0,0,0,-19,19,18,27,27,27,0.0,0,0,0,0,0,1332,27,1351,2,0,0.0,0.0,0,0
2109,42202,3228,502,4,17,0,-1,-17,19,1351,1351,5,0,221,5,7,1,18,-2.5,21,-3,156,151,0,1804,1,0,0,0,-19,19,18,27,27,27,0.0,0,0,0,0,0,1332,27,1351,0,0,0.0,0.0,0,0
2110,42222,3230,504,2,21,0,-1,-21,22,1354,1351,5,0,221,5,7,1,18,-2.5,21,-3,156,151,0,1804,21,0,0,0,-22,22,18,27,27,27,0.0,0,0,0,0,0,1332,27,1354,2,0,0.0,0.0,0,0
2111,42242,3232,504,2,24,0,-1,-24,25,1359,1354,5,0,221,5,7,1,22,-2.5,26,0,150,153,0,1805,11,0,0,0,-25,25,19,29,29,29,0.0,0,0,0,0,0,1334,29,1359,2,0,0.0,0.0,0,0
2112,42262,3234,506,0,28,0,-1,-28,29,1362,1359,5,0,221,5,7,1,17,-2.4000000000000004,25,-4,152,151,5,1806,10,0,0,0,-29,29,19,28,28,28,0.0,0,0,0,0,0,1333,28,1362,2,0,0.0,0.0,0,0
2113,42282,3235,506,0,32,0,-1,-32,33,1366,1362,5,0,221,5,7,1,18,-1.7000000000000002,16,-8,152,154,9,1807,10,0,0,0,-33,33,18,28,28,28,0.0,0,0,0,0,0,1333,28,1366,2,0,0.0,0.0,0,0
2114,42302,3237,508,-2,36,0,-1,-36,37,1361,1366,5,0,221,5,7,1,0,-1.3,19,-9,146,151,8,1808,10,0,0,0,-37,37,13,19,19,19,0.0,0,0,0,0,0,1324,19,1361,2,0,0.0,0.0,0,0
2115,42322,3239,508,-2,38,0,-1,-38,39,1365,1361,5,0,221,5,7,1,16,-0.30000000000000004,19,-2,153,154,2,1809,10,0,0,0,-39,39,14,21,21,21,0.0,0,0,0,0,0,1326,21,1365,2,0,0.0,0.0,0,0
2116,42342,3240,508,-2,38,0,-1,-38,39,1366,1365,5,0,221,5,7,1,16,-0.30000000000000004,19,-2,153,154,2,1809,30,0,0,0,-39,39,14,22,22,22,0.0,0,0,0,0,0,1327,22,1366,2,0,0.0,0.0,0,0
2117,42362,3242,508,-2,37,0,-1,-37,39,1363,1366,5,0,221,5,7,1,9,0.0,12,-4,148,152,4,1811,0,0,0,0,-39,39,13,19,19,19,0.0,0,0,0,0,0,1324,19,1363,2,0,0.0,0.0,0,0
2118,42382,3243,509,-3,35,0,-1,-35,36,1359,1363,5,0,221,5,7,1,9,0.0,12,-4,148,152,4,1811,20,0,0,0,-36,36,12,18,18,18,0.0,0,0,0,0,0,1323,18,1359,2,0,0.0,0.0,0,0
2119,42402,3246,508,-2,29,0,-1,-29,30,1347,1359,5,0,221,5,7,1,0,-1.2000000000000002,16,4,152,146,-4,1813,1,0,0,0,-30,30,8,12,12,12,0.0,0,0,0,0,0,1317,12,1347,2,0,0.0,0.0,0,0
2120,42422,3248,510,-4,26,0,-1,-26,27,1341,1347,5,0,221,5,7,1,0,-2.3000000000000003,19,-8,147,150,9,1814,1,0,0,0,-27,27,6,9,9,9,0.0,0,0,0,0,0,1314,9,1341,2,0,0.0,0.0,0,0
2121,42442,3249,509,-3,23,0,-1,-23,25,1336,1341,5,0,221,5,7,1,0,-2.3000000000000003,19,-8,147,150,9,1814,21,0,0,0,-25,25,4,6,6,6,0.0,0,0,0,0,0,1311,6,1336,2,0,0.0,0.0,0,0
2122,42462,3251,510,-4,22,0,-1,-22,23,1336,1336,5,0,221,5,7,1,9,-1.3,19,-12,147,149,13,1815,11,0,0,0,-23,23,6,8,8,8,0.0,0,0,0,0,0,1313,8,1336,0,0,0.0,0.0,0,0
2123,42482,3253,510,-4,20,0,-1,-20,21,1338,1336,5,0,221,5,7,1,14,-0.8,19,-13,145,153,12,1816,11,0,0,0,-21,21,8,12,12,12,0.0,0,0,0,0,0,1317,12,1338,2,0,0.0,0.0,0,0
2124,42502,3254,510,-4,19,0,-1,-19,20,1338,1338,5,0,221,5,7,1,11,-0.2,19,-4,147,147,6,1817,10,0,0,0,-20,20,9,13,13,13,0.0,0,0,0,0,0,1318,13,1338,0,0,0.0,0.0,0,0
2125,42522,3256,511,-5,19,-20,-1,-19,40,1362,1338,5,0,221,5,7,1,16,0.0,19,-10,146,151,12,1818,10,0,0,0,-40,40,11,17,17,17,0.0,0,0,0,0,0,1322,17,1362,2,0,0.0,0.0,0,0
2126,42542,3258,512,-6,20,-24,-2,-20,46,1373,1362,5,0,221,5,7,1,23,-0.2,15,-12,145,152,14,1819,10,0,0,0,-46,46,15,22,22,22,0.0,0,0,0,0,0,1327,22,1373,2,0,0.0,0.0,0,0
2127,42562,3260,512,-6,21,-24,-2,-21,47,1378,1373,5,0,221,5,7,1,23,-0.2,15,-12,145,152,14,1819,30,0,0,0,-47,47,17,26,26,26,0.0,0,0,0,0,0,1331,26,1378,2,0,0.0,0.0,0,0
2128,42582,3262,511,-5,20,-20,-2,-20,42,1378,1378,5,0,221,5,7,1,29,1.5,21,-11,146,148,13,1821,1,0,0,0,-42,42,21,31,31,31,0.0,0,0,0,0,0,1336,31,1378,0,0,0.0,0.0,0,0
2129,42602,3263,512,-6,19,-24,-2,-19,45,1383,1378,5,0,221,5,7,1,24,0.8,22,-3,140,150,3,1822,1,0,0,0,-45,45,22,33,33,33,0.0,0,0,0,0,0,1338,33,1383,2,0,0.0,0.0,0,0
2130,42622,3265,512,-6,16,-24,-2,-16,42,1377,1383,5,0,221,5,7,1,17,0.2,19,0,143,145,0,1823,1,0,0,0,-42,42,20,30,30,30,0.0,0,0,0,0,0,1335,30,1377,2,0,0.0,0.0,0,0
2131,42642,3267,512,-6,13,-24,-2,-13,39,1373,1377,5,0,221,5,7,1,18,-0.7000000000000001,26,-8,143,147,7,1824,1,0,0,0,-39,39,20,29,29,29,0.0,0,0,0,0,0,1334,29,1373,2,0,0.0,0.0,0,0
2132,42662,3268,512,-6,11,-24,-2,-11,37,1371,1373,5,0,221,5,7,1,18,-0.7000000000000001,26,-8,143,147,7,1824,21,0,0,0,-37,37,19,29,29,29,0.0,0,0,0,0,0,1334,29,1371,2,0,0.0,0.0,0,0
2133,42682,3270,512,-6,9,-24,-3,-9,36,1367,1371,5,0,221,5,7,1,13,-0.30000000000000004,20,1,141,148,0,1825,11,0,0,0,-36,36,17,26,26,26,0.0,0,0,0,0,0,1331,26,1367,2,0,0.0,0.0,0,0
2134,42702,3272,514,-8,10,-32,-3,-10,45,1374,1367,5,0,221,5,7,1,14,-0.30000000000000004,18,1,146,140,0,1826,11,0,0,0,-45,45,16,24,24,24,0.0,0,0,0,0,0,1329,24,1374,2,0,0.0,0.0,0,0
2135,42722,3274,514,-8,13,-32,-3,-13,48,1378,1374,5,0,221,5,7,1,18,-0.4,20,3,142,148,-3,1827,10,0,0,0,-48,48,17,25,25,25,0.0,0,0,0,0,0,1330,25,1378,2,0,0.0,0.0,0,0
2136,42742,3275,514,-8,15,-32,-3,-15,50,1380,1378,5,0,221,5,7,1,16,-1.2000000000000002,24,1,142,144,0,1828,10,0,0,0,-50,50,17,25,25,25,0.0,0,0,0,0,0,1330,25,1380,2,0,0.0,0.0,0,0
2137,42762,3277,514,-8,16,-32,-3,-16,52,1381,1380,5,0,221,5,7,1,15,-1.4000000000000001,15,0,145,143,0,1829,10,0,0,0,-52,52,16,24,24,24,0.0,0,0,0,0,0,1329,24,1381,2,0,0.0,0.0,0,0
2138,42782,3279,514,-8,16,-32,-4,-16,51,1380,1381,5,0,221,5,7,1,15,-1.4000000000000001,15,0,145,143,0,1829,30,0,0,0,-51,51,16,24,24,24,0.0,0,0,0,0,0,1329,24,1380,2,0,0.0,0.0,0,0
2139,42802,3281,513,-7,11,-28,-4,-11,43,1372,1380,5,0,221,5,7,1,17,-1.3,17,1,142,139,-6,1831,1,0,0,0,-43,43,16,24,24,24,0.0,0,0,0,0,0,1329,24,1372,2,0,0.0,0.0,0,0
2140,42822,3282,512,-6,6,-24,-4,-6,34,1356,1372,5,0,221,5,7,1,0,-1.3,17,0,147,142,0,1832,1,0,0,0,-34,34,11,17,17,17,0.0,0,0,0,0,0,1322,17,1356,2,0,0.0,0.0,0,0
2141,42842,3284,512,-6,0,-24,-4,0,28,1345,1356,5,0,221,5,7,1,0,-1.3,17,0,147,142,0,1832,21,0,0,0,-28,28,8,12,12,12,0.0,0,0,0,0,0,1317,12,1345,2,0,0.0,0.0,0,0
2142,42862,3286,512,-6,-5,-24,-4,5,24,1337,1345,5,0,221,5,7,1,0,-0.7000000000000001,14,4,141,141,-6,1834,1,0,0,0,-24,24,6,8,8,8,0.0,0,0,0,0,0,1313,8,1337,2,0,0.0,0.0,0,0
2143,42882,3288,512,-6,-7,-24,-4,7,21,1332,1337,5,0,221,5,7,1,0,-0.7000000000000001,14,4,141,141,-6,1834,21,0,0,0,-21,21,4,6,6,6,0.0,0,0,0,0,0,1311,6,1332,2,0,0.0,0.0,0,0
2144,42902,3289,512,-6,-9,-24,-4,9,20,1342,1332,5,0,221,5,7,1,28,-0.9,20,1,146,139,0,1835,11,0,0,0,-20,20,11,17,17,17,0.0,0,0,0,0,0,1322,17,1342,2,0,0.0,0.0,0,0
2145,42922,3291,513,-7,-5,-28,-5,5,27,1351,1342,5,0,221,5,7,1,17,-0.6000000000000001,21,8,140,141,-7,1836,11,0,0,0,-27,27,13,19,19,19,0.0,0,0,0,0,0,1324,19,1351,2,0,0.0,0.0,0,0
2146,42942,3293,514,-8,-1,-32,-5,1,36,1362,1351,5,0,221,5,7,1,17,-0.7000000000000001,17,0,138,140,0,1837,11,0,0,0,-36,36,14,21,21,21,0.0,0,0,0,0,0,1326,21,1362,2,0,0.0,0.0,0,0
2147,42962,3294,514,-8,4,-32,-5,-4,41,1367,1362,5,0,221,5,7,1,13,-1.7000000000000002,17,0,140,138,0,1838,10,0,0,0,-41,41,14,21,21,21,0.0,0,0,0,0,0,1326,21,1367,2,0,0.0,0.0,0,0
2148,42982,3296,512,-6,5,-24,-5,-5,34,1353,1367,5,0,221,5,7,1,0,-0.9,18,-1,138,140,0,1839,11,0,0,0,-34,34,10,14,14,14,0.0,0,0,0,0,0,1319,14,1353,2,0,0.0,0.0,0,0
2149,43002,3298,512,-6,3,-24,-5,-3,33,1355,1353,5,0,221,5,7,1,16,-0.2,12,3,142,138,0,1840,1,0,0,0,-33,33,12,17,17,17,0.0,0,0,0,0,0,1322,17,1355,2,0,0.0,0.0,0,0
2150,43022,3300,512,-6,-1,-24,-5,1,28,1358,1355,5,0,221,5,7,1,29,-0.1,16,-3,139,143,3,1841,1,0,0,0,-28,28,17,25,25,25,0.0,0,0,0,0,0,1330,25,1358,2,0,0.0,0.0,0,0
2151,43042,3302,511,-5,-6,-20,-6,6,19,1342,1358,5,0,221,5,7,1,0,0.1,23,3,135,136,-4,1842,1,0,0,0,-19,19,12,18,18,18,0.0,0,0,0,0,0,1323,18,1342,2,0,0.0,0.0,0,0
2152,43062,3303,510,-4,-11,0,-6,11,-5,1312,1342,5,0,221,5,7,1,0,0.1,23,3,135,136,-4,1842,21,0,0,0,5,-5,8,12,12,12,0.0,0,0,0,0,0,1317,12,1312,2,0,0.0,0.0,0,0
2153,43082,3305,510,-4,-13,0,-6,13,-8,1306,1312,5,0,221,5,7,1,0,-0.7000000000000001,26,1,134,137,-1,1844,1,0,0,0,8,-8,6,9,9,9,0.0,0,0,0,0,0,1314,9,1306,2,0,0.0,0.0,0,0
2154,43102,3306,511,-5,-14,-20,-6,14,12,1323,1306,5,0,221,5,7,1,0,-0.7000000000000001,26,1,134,137,-1,1844,21,0,0,0,-12,12,4,6,6,6,0.0,0,0,0,0,0,1311,6,1323,2,0,0.0,0.0,0,0
2155,43122,3309,510,-4,-14,0,-6,14,-8,1297,1323,5,0,221,5,7,1,-10,-1.3,27,0,138,137,0,1845,11,0,0,0,8,-8,0,0,0,0,0.0,0,0,0,0,0,1305,0,1297,2,0,0.0,0.0,0,0
2156,43142,3310,510,-4,-14,0,-6,14,-8,1302,1297,5,0,221,5,7,1,12,-1.7000000000000002,26,-1,139,139,1,1846,11,0,0,0,8,-8,3,5,5,5,0.0,0,0,0,0,0,1310,5,1302,2,0,0.0,0.0,0,0
2157,43162,3312,512,-6,-9,-24,-6,9,21,1330,1302,5,0,221,5,7,1,0,-2.3000000000000003,23,1,134,133,-1,1847,12,0,0,0,-21,21,2,4,4,4,0.0,0,0,0,0,0,1309,4,1330,2,0,0.0,0.0,0,0
2158,43182,3314,512,-6,-3,-24,-6,3,27,1340,1330,5,0,221,5,7,1,12,-1.6,24,-1,140,136,0,1848,12,0,0,0,-27,27,5,8,8,8,0.0,0,0,0,0,0,1313,8,1340,2,0,0.0,0.0,0,0
2159,43202,3316,514,-8,4,-32,-6,-4,42,1357,1340,5,0,221,5,7,1,9,-1.9000000000000001,21,2,132,137,-2,1849,11,0,0,0,-42,42,6,10,10,10,0.0,0,0,0,0,0,1315,10,1357,2,0,0.0,0.0,0,0
2160,43222,3317,514,-8,10,-32,-6,-10,48,1360,1357,5,0,221,5,7,1,0,-0.8,20,0,137,132,0,1850,1,0,0,0,-48,48,4,7,7,7,0.0,0,0,0,0,0,1312,7,1360,2,0,0.0,0.0,0,0
2161,43242,3319,514,-8,16,-32,-7,-16,54,1370,1360,5,0,221,5,7,1,14,-1.3,17,1,136,138,-1,1851,1,0,0,0,-54,54,7,11,11,11,0.0,0,0,0,0,0,1316,11,1370,2,0,0.0,0.0,0,0
2162,43262,3321,513,-7,16,-28,-7,-16,50,1369,1370,5,0,221,5,7,1,13,-0.8,12,-4,132,136,3,1852,1,0,0,0,-50,50,9,14,14,14,0.0,0,0,0,0,0,1319,14,1369,2,0,0.0,0.0,0,0
2163,43282,3322,514,-8,15,-32,-7,-15,54,1376,1369,5,0,221,5,7,1,17,-1.3,10,5,135,135,-6,1853,1,0,0,0,-54,54,11,17,17,17,0.0,0,0,0,0,0,1322,17,1376,2,0,0.0,0.0,0,0
2164,43302,3324,513,-7,13,-28,-7,-13,48,1369,1376,5,0,221,5,7,1,8,-0.9,10,-10,133,132,0,1854,1,0,0,0,-48,48,10,16,16,16,0.0,0,0,0,0,0,1321,16,1369,2,0,0.0,0.0,0,0
2165,43322,3326,512,-6,7,-24,-7,-7,38,1358,1369,5,0,221,5,7,1,8,-0.9,10,-10,133,132,0,1854,21,0,0,0,-38,38,10,15,15,15,0.0,0,0,0,0,0,1320,15,1358,2,0,0.0,0.0,0,0
2166,43342,3328,513,-7,3,-28,-7,-3,38,1353,1358,5,0,221,5,7,1,0,-1.1,11,3,134,135,0,1855,11,0,0,0,-38,38,7,10,10,10,0.0,0,0,0,0,0,1315,10,1353,2,0,0.0,0.0,0,0
2167,43362,3329,512,-6,-1,-24,-7,1,31,1343,1353,5,0,221,5,7,1,0,-1.0,10,0,138,133,0,1856,11,0,0,0,-31,31,5,7,7,7,0.0,0,0,0,0,0,1312,7,1343,2,0,0.0,0.0,0,0
2168,43382,3331,513,-7,-2,-28,-8,2,33,1343,1343,5,0,221,5,7,1,0,-1.6,12,4,133,131,-5,1857,11,0,0,0,-33,33,3,5,5,5,0.0,0,0,0,0,0,1310,5,1343,0,0,0.0,0.0,0,0
2169,43402,3333,513,-7,-1,-28,-8,1,35,1343,1343,5,0,221,5,7,1,0,-1.6,14,5,137,134,-5,1858,11,0,0,0,-35,35,2,3,3,3,0.0,0,0,0,0,0,1308,3,1343,0,0,0.0,0.0,0,0
2170,43422,3335,514,-8,2,-32,-8,-2,42,1349,1343,5,0,221,5,7,1,0,-2.2,14,0,131,131,0,1859,11,0,0,0,-42,42,2,2,2,2,0.0,0,0,0,0,0,1307,2,1349,2,0,0.0,0.0,0,0
2171,43442,3336,514,-8,5,-32,-8,-5,45,1352,1349,5,0,221,5,7,1,0,-2.2,14,0,131,131,0,1859,31,0,0,0,-45,45,1,2,2,2,0.0,0,0,0,0,0,1307,2,1352,2,0,0.0,0.0,0,0
2172,43462,3338,515,-9,9,-36,-8,-9,54,1365,1352,5,0,221,5,7,1,11,-2.6,15,0,133,134,0,1861,1,0,0,0,-54,54,4,6,6,6,0.0,0,0,0,0,0,1311,6,1365,2,0,0.0,0.0,0,0
2173,43482,3340,516,-10,14,-40,-9,-14,62,1371,1365,5,0,221,5,7,1,0,-2.3000000000000003,18,6,131,128,-7,1862,1,0,0,0,-62,62,3,4,4,4,0.0,0,0,0,0,0,1309,4,1371,2,0,0.0,0.0,0,0
2174,43502,3342,516,-10,17,-40,-9,-17,66,1380,1371,5,0,221,5,7,1,14,-2.7,19,0,137,129,0,1863,1,0,0,0,-66,66,6,9,9,9,0.0,0,0,0,0,0,1314,9,1380,2,0,0.0,0.0,0,0
2175,43522,3344,516,-10,18,-40,-9,-18,68,1385,1380,5,0,221,5,7,1,12,-2.8000000000000003,24,12,131,131,0,1864,1,0,0,0,-68,68,8,12,12,12,0.0,0,0,0,0,0,1317,12,1385,2,0,0.0,0.0,0,0
2176,43542,3345,516,-10,18,-40,-9,-18,68,1387,1385,5,0,221,5,7,1,12,-2.8000000000000003,24,12,131,131,0,1864,21,0,0,0,-68,68,9,14,14,14,0.0,0,0,0,0,0,1319,14,1387,2,0,0.0,0.0,0,0
2177,43562,3347,516,-10,16,-40,-10,-16,66,1388,1387,5,0,221,5,7,1,16,-1.4000000000000001,22,-3,136,124,0,1865,11,0,0,0,-66,66,11,17,17,17,0.0,0,0,0,0,0,1322,17,1388,2,0,0.0,0.0,0,0
2178,43582,3349,516,-10,13,-40,-10,-13,63,1391,1388,5,0,221,5,7,1,24,-2.2,24,0,130,133,0,1866,11,0,0,0,-63,63,15,23,23,23,0.0,0,0,0,0,0,1328,23,1391,2,0,0.0,0.0,0,0
2179,43602,3350,516,-10,10,-40,-10,-10,60,1381,1391,5,0,221,5,7,1,0,-1.2000000000000002,26,0,129,131,0,1867,11,0,0,0,-60,60,11,16,16,16,0.0,0,0,0,0,0,1321,16,1381,2,0,0.0,0.0,0,0
2180,43622,3352,516,-10,8,-40,-10,-8,59,1384,1381,5,0,221,5,7,1,19,-1.8,25,13,133,131,-12,1868,11,0,0,0,-59,59,13,20,20,20,0.0,0,0,0,0,0,1325,20,1384,2,0,0.0,0.0,0,0
2181,43642,3354,517,-11,8,-44,-11,-8,63,1395,1384,5,0,221,5,7,1,29,-1.4000000000000001,21,3,136,127,-3,1869,11,0,0,0,-63,63,18,27,27,27,0.0,0,0,0,0,0,1332,27,1395,2,0,0.0,0.0,0,0
2182,43662,3356,517,-11,9,-44,-11,-9,64,1401,1395,5,0,221,5,7,1,29,-1.4000000000000001,21,3,136,127,-3,1869,31,0,0,0,-64,64,21,32,32,32,0.0,0,0,0,0,0,1337,32,1401,2,0,0.0,0.0,0,0
2183,43682,3357,518,-12,10,-48,-11,-10,69,1406,1401,5,0,221,5,7,1,21,-2.3000000000000003,22,7,133,128,-7,1870,20,0,0,0,-69,69,21,32,32,32,0.0,0,0,0,0,0,1337,32,1406,2,0,0.0,0.0,0,0
2184,43702,3359,518,-12,13,-48,-12,-13,72,1399,1406,5,0,221,5,7,1,0,-3.0,20,-1,130,130,1,1872,1,0,0,0,-72,72,15,22,22,22,0.0,0,0,0,0,0,1327,22,1399,2,0,0.0,0.0,0,0
2185,43722,3361,518,-12,14,-48,-12,-14,74,1395,1399,5,0,221,5,7,1,0,-3.0,18,-1,128,127,3,1873,1,0,0,0,-74,74,10,16,16,16,0.0,0,0,0,0,0,1321,16,1395,2,0,0.0,0.0,0,0
2186,43742,3363,519,-13,15,-52,-12,-15,79,1402,1395,5,0,221,5,7,1,16,-2.2,21,-11,130,131,9,1874,1,0,0,0,-79,79,12,18,18,18,0.0,0,0,0,0,0,1323,18,1402,2,0,0.0,0.0,0,0
2187,43762,3364,518,-12,14,-48,-12,-14,75,1400,1402,5,0,221,5,7,1,16,-2.2,21,-11,130,131,9,1874,21,0,0,0,-75,75,13,20,20,20,0.0,0,0,0,0,0,1325,20,1400,2,0,0.0,0.0,0,0
2188,43782,3366,517,-11,11,-44,-13,-11,67,1397,1400,5,0,221,5,7,1,25,-1.7000000000000002,23,-6,126,128,3,1875,11,0,0,0,-67,67,17,25,25,25,0.0,0,0,0,0,0,1330,25,1397,2,0,0.0,0.0,0,0
2189,43802,3368,516,-10,4,-40,-13,-4,57,1380,1397,5,0,221,5,7,1,0,-0.30000000000000004,21,6,125,126,0,1876,11,0,0,0,-57,57,12,18,18,18,0.0,0,0,0,0,0,1323,18,1380,2,0,0.0,0.0,0,0
2190,43822,3370,516,-10,-2,-40,-13,2,51,1368,1380,5,0,221,5,7,1,0,0.1,28,-8,127,129,6,1877,11,0,0,0,-51,51,8,12,12,12,0.0,0,0,0,0,0,1317,12,1368,2,0,0.0,0.0,0,0
2191,43842,3371,516,-10,-7,-40,-13,7,47,1369,1368,5,0,221,5,7,1,18,-0.4,30,2,121,128,0,1878,11,0,0,0,-47,47,11,17,17,17,0.0,0,0,0,0,0,1322,17,1369,2,0,0.0,0.0,0,0
2192,43862,3373,516,-10,-9,-40,-14,9,45,1372,1369,5,0,221,5,7,1,22,0.1,34,-10,130,123,0,1879,11,0,0,0,-45,45,14,22,22,22,0.0,0,0,0,0,0,1327,22,1372,2,0,0.0,0.0,0,0
2193,43882,3375,516,-10,-9,-40,-14,9,45,1371,1372,5,0,221,5,7,1,13,-1.7000000000000002,32,-3,119,129,0,1880,1,0,0,0,-45,45,14,21,21,21,0.0,0,0,0,0,0,1326,21,1371,2,0,0.0,0.0,0,0
2194,43902,3376,515,-9,-9,-36,-14,9,41,1367,1371,5,0,221,5,7,1,13,-1.7000000000000002,32,-3,119,129,0,1880,21,0,0,0,-41,41,14,21,21,21,0.0,0,0,0,0,0,1326,21,1367,2,0,0.0,0.0,0,0
2195,43922,3378,515,-9,-9,-36,-14,9,41,1365,1367,5,0,221,5,7,1,10,-1.1,24,4,122,127,0,1882,1,0,0,0,-41,41,13,19,19,19,0.0,0,0,0,0,0,1324,19,1365,2,0,0.0,0.0,0,0
2196,43942,3380,514,-8,-11,-32,-14,11,35,1364,1365,5,0,221,5,7,1,24,-0.8,23,-6,125,125,5,1883,1,0,0,0,-35,35,16,24,24,24,0.0,0,0,0,0,0,1329,24,1364,2,0,0.0,0.0,0,0
2197,43962,3382,514,-8,-13,-32,-15,13,33,1355,1364,5,0,221,5,7,1,0,-1.6,21,3,121,124,-3,1884,1,0,0,0,-33,33,11,17,17,17,0.0,0,0,0,0,0,1322,17,1355,2,0,0.0,0.0,0,0
2198,43982,3383,514,-8,-15,-32,-15,15,32,1349,1355,5,0,221,5,7,1,0,-1.6,21,3,121,124,-3,1884,21,0,0,0,-32,32,8,12,12,12,0.0,0,0,0,0,0,1317,12,1349,2,0,0.0,0.0,0,0
2199,44002,3385,513,-7,-15,-28,-15,15,28,1337,1349,5,0,221,5,7,1,-10,-2.6,21,-3,121,123,0,1885,11,0,0,0,-28,28,2,4,4,4,0.0,0,0,0,0,0,1309,4,1337,2,0,0.0,0.0,0,0
2200,44022,3387,512,-6,-17,-24,-15,17,22,1330,1337,5,0,221,5,7,1,0,-2.6,19,4,126,122,-3,1886,10,0,0,0,-22,22,2,3,3,3,0.0,0,0,0,0,0,1308,3,1330,2,0,0.0,0.0,0,0
2201,44042,3389,512,-6,-19,-24,-15,19,21,1328,1330,5,0,221,5,7,1,0,-2.4000000000000004,19,-4,126,123,4,1887,10,0,0,0,-21,21,1,2,2,2,0.0,0,0,0,0,0,1307,2,1328,2,0,0.0,0.0,0,0
2202,44062,3390,512,-6,-19,-24,-15,19,20,1326,1328,5,0,221,5,7,1,0,-3.0,18,-5,123,123,4,1888,10,0,0,0,-20,20,1,1,1,1,0.0,0,0,0,0,0,1306,1,1326,2,0,0.0,0.0,0,0
2203,44082,3392,512,-6,-19,-24,-16,19,20,1336,1326,5,0,221,5,7,1,22,-1.4000000000000001,16,-9,123,119,9,1889,10,0,0,0,-20,20,7,11,11,11,0.0,0,0,0,0,0,1316,11,1336,2,0,0.0,0.0,0,0
2204,44102,3394,512,-6,-17,-24,-16,17,23,1345,1336,5,0,221,5,7,1,22,-1.4000000000000001,16,-9,123,119,9,1889,30,0,0,0,-23,23,12,17,17,17,0.0,0,0,0,0,0,1322,17,1345,2,0,0.0,0.0,0,0
2205,44122,3396,512,-6,-13,-24,-16,13,26,1350,1345,5,0,221,5,7,1,16,0.1,16,-6,119,122,5,1891,1,0,0,0,-26,26,13,19,19,19,0.0,0,0,0,0,0,1324,19,1350,2,0,0.0,0.0,0,0
2206,44142,3397,512,-6,-11,-24,-16,11,29,1355,1350,5,0,221,5,7,1,16,0.1,16,-6,119,122,5,1891,21,0,0,0,-29,29,14,21,21,21,0.0,0,0,0,0,0,1326,21,1355,2,0,0.0,0.0,0,0
2207,44162,3399,512,-6,-9,-24,-16,9,32,1359,1355,5,0,221,5,7,1,16,1.3,14,-4,120,122,4,1893,1,0,0,0,-32,32,15,22,22,22,0.0,0,0,0,0,0,1327,22,1359,2,0,0.0,0.0,0,0
2208,44182,3401,514,-8,-4,-32,-16,4,44,1369,1359,5,0,221,5,7,1,10,0.5,10,-2,118,126,2,1894,1,0,0,0,-44,44,13,20,20,20,0.0,0,0,0,0,0,1325,20,1369,2,0,0.0,0.0,0,0
2209,44202,3403,514,-8,1,-32,-17,-1,50,1373,1369,5,0,221,5,7,1,10,0.5,10,-2,118,126,2,1894,21,0,0,0,-50,50,12,18,18,18,0.0,0,0,0,0,0,1323,18,1373,2,0,0.0,0.0,0,0
2210,44222,3404,514,-8,6,-32,-17,-6,54,1381,1373,5,0,221,5,7,1,21,-0.7000000000000001,11,-2,120,122,1,1895,11,0,0,0,-54,54,15,22,22,22,0.0,0,0,0,0,0,1327,22,1381,2,0,0.0,0.0,0,0
2211,44242,3406,514,-8,9,-32,-17,-9,58,1386,1381,5,0,221,5,7,1,16,-0.2,11,-11,118,118,12,1896,11,0,0,0,-58,58,15,23,23,23,0.0,0,0,0,0,0,1328,23,1386,2,0,0.0,0.0,0,0
2212,44262,3408,514,-8,10,-32,-17,-10,59,1387,1386,5,0,221,5,7,1,16,-0.8,10,-3,117,125,2,1897,10,0,0,0,-59,59,15,23,23,23,0.0,0,0,0,0,0,1328,23,1387,2,0,0.0,0.0,0,0
2213,44282,3410,513,-7,7,-28,-17,-7,52,1384,1387,5,0,221,5,7,1,24,-0.8,11,-1,119,118,0,1898,10,0,0,0,-52,52,18,27,27,27,0.0,0,0,0,0,0,1332,27,1384,2,0,0.0,0.0,0,0
2214,44302,3411,512,-6,3,-24,-17,-3,44,1379,1384,5,0,221,5,7,1,24,-1.7000000000000002,13,3,119,119,-2,1899,10,0,0,0,-44,44,20,30,30,30,0.0,0,0,0,0,0,1335,30,1379,2,0,0.0,0.0,0,0
2215,44322,3413,512,-6,-3,-24,-18,3,39,1376,1379,5,0,221,5,7,1,24,-1.7000000000000002,13,3,119,119,-2,1899,30,0,0,0,-39,39,21,32,32,32,0.0,0,0,0,0,0,1337,32,1376,2,0,0.0,0.0,0,0
2216,44342,3415,510,-4,-10,0,-18,10,8,1344,1376,5,0,221,5,7,1,20,-1.6,15,-3,122,117,0,1901,1,0,0,0,-8,8,21,31,31,31,0.0,0,0,0,0,0,1336,31,1344,2,0,0.0,0.0,0,0
2217,44362,3417,512,-6,-13,-24,-18,13,29,1356,1344,5,0,221,5,7,1,0,-2.2,19,0,115,117,0,1902,0,0,0,0,-29,29,15,22,22,22,0.0,0,0,0,0,0,1327,22,1356,2,0,0.0,0.0,0,0
2218,44382,3418,512,-6,-14,-24,-18,14,28,1348,1356,5,0,221,5,7,1,0,-2.2,19,0,115,117,0,1902,20,0,0,0,-28,28,10,15,15,15,0.0,0,0,0,0,0,1320,15,1348,2,0,0.0,0.0,0,0
2219,44402,3420,512,-6,-11,-24,-18,11,31,1355,1348,5,0,221,5,7,1,19,-1.3,23,0,118,119,0,1904,1,0,0,0,-31,31,13,19,19,19,0.0,0,0,0,0,0,1324,19,1355,2,0,0.0,0.0,0,0
2220,44422,3422,514,-8,-4,-32,-18,4,46,1373,1355,5,0,221,5,7,1,19,-1.3,23,0,118,119,0,1904,21,0,0,0,-46,46,15,22,22,22,0.0,0,0,0,0,0,1327,22,1373,2,0,0.0,0.0,0,0
2221,44442,3424,515,-9,6,-36,-18,-6,60,1389,1373,5,0,221,5,7,1,20,-0.5,25,-1,117,117,1,1905,11,0,0,0,-60,60,16,24,24,24,0.0,0,0,0,0,0,1329,24,1389,2,0,0.0,0.0,0,0
2222,44462,3425,516,-10,14,-40,-19,-14,73,1395,1389,5,0,221,5,7,1,0,-0.9,27,-15,109,117,11,1906,11,0,0,0,-73,73,11,17,17,17,0.0,0,0,0,0,0,1322,17,1395,2,0,0.0,0.0,0,0
2223,44482,3427,515,-9,19,-36,-19,-19,74,1400,1395,5,0,221,5,7,1,19,-0.2,28,-4,115,122,0,1907,12,0,0,0,-74,74,14,21,21,21,0.0,0,0,0,0,0,1326,21,1400,2,0,0.0,0.0,0,0
2224,44502,3429,515,-9,21,-36,-19,-21,76,1405,1400,5,0,221,5,7,1,22,0.2,27,-10,115,115,8,1908,11,0,0,0,-76,76,16,24,24,24,0.0,0,0,0,0,0,1329,24,1405,2,0,0.0,0.0,0,0
2225,44522,3430,516,-10,22,-40,-19,-22,81,1403,1405,5,0,221,5,7,1,0,0.1,26,-10,114,117,9,1909,11,0,0,0,-81,81,11,17,17,17,0.0,0,0,0,0,0,1322,17,1403,2,0,0.0,0.0,0,0
2226,44542,3432,516,-10,20,-40,-20,-20,79,1405,1403,5,0,221,5,7,1,20,0.0,26,-2,110,119,0,1910,1,0,0,0,-79,79,14,21,21,21,0.0,0,0,0,0,0,1326,21,1405,2,0,0.0,0.0,0,0
2227,44562,3434,516,-10,17,-40,-20,-17,77,1408,1405,5,0,221,5,7,1,26,0.9,24,-12,114,119,9,1911,1,0,0,0,-77,77,18,26,26,26,0.0,0,0,0,0,0,1331,26,1408,2,0,0.0,0.0,0,0
2228,44582,3436,516,-10,15,-40,-20,-15,76,1413,1408,5,0,221,5,7,1,30,0.8,25,-7,110,117,7,1912,1,0,0,0,-76,76,21,32,32,32,0.0,0,0,0,0,0,1337,32,1413,2,0,0.0,0.0,0,0
2229,44602,3438,516,-10,14,-40,-20,-14,74,1421,1413,5,0,221,5,7,1,43,0.30000000000000004,24,-5,115,116,4,1913,1,0,0,0,-74,74,28,42,42,42,0.0,0,0,0,0,0,1347,42,1421,2,0,0.0,0.0,0,0
2230,44622,3439,516,-10,11,-40,-20,-11,71,1412,1421,5,0,221,5,7,1,16,0.2,28,-2,111,114,1,1914,1,0,0,0,-71,71,24,36,36,36,0.0,0,0,0,0,0,1341,36,1412,2,0,0.0,0.0,0,0
2231,44642,3441,517,-11,10,-44,-21,-10,74,1412,1412,5,0,221,5,7,1,16,0.2,28,-2,111,114,1,1914,21,0,0,0,-74,74,22,33,33,33,0.0,0,0,0,0,0,1338,33,1412,0,0,0.0,0.0,0,0
2232,44662,3443,518,-12,12,-48,-21,-12,81,1420,1412,5,0,221,5,7,1,25,0.1,27,-9,113,115,9,1915,11,0,0,0,-81,81,23,34,34,34,0.0,0,0,0,0,0,1339,34,1420,2,0,0.0,0.0,0,0
2233,44682,3445,518,-12,14,-48,-21,-14,83,1420,1420,5,0,221,5,7,1,19,-0.8,24,0,108,119,0,1916,11,0,0,0,-83,83,22,32,32,32,0.0,0,0,0,0,0,1337,32,1420,0,0,0.0,0.0,0,0
2234,44702,3446,519,-13,17,-52,-22,-17,90,1426,1420,5,0,221,5,7,1,18,-0.4,22,-10,114,111,9,1917,11,0,0,0,-90,90,21,31,31,31,0.0,0,0,0,0,0,1336,31,1426,2,0,0.0,0.0,0,0
2235,44722,3448,526,-20,29,-80,-22,-29,131,1470,1426,5,0,221,5,7,1,28,-0.2,21,0,109,120,0,1918,11,0,0,0,-131,131,23,34,34,34,0.0,0,0,0,0,0,1339,34,1470,2,0,0.0,0.0,0,0
2236,44742,3450,523,-17,38,-68,-23,-38,129,1471,1470,5,0,221,5,7,1,30,0.5,16,0,114,110,0,1919,10,0,0,0,-129,129,25,37,37,37,0.0,0,0,0,0,0,1342,37,1471,2,0,0.0,0.0,0,0
2237,44762,3451,522,-16,43,-64,-23,-43,130,1475,1471,5,0,221,5,7,1,30,0.5,16,0,114,110,0,1919,30,0,0,0,-130,130,26,40,40,40,0.0,0,0,0,0,0,1345,40,1475,2,0,0.0,0.0,0,0
2238,44782,3453,522,-16,44,-64,-23,-44,131,1474,1475,5,0,221,5,7,1,23,0.30000000000000004,18,4,109,121,0,1921,1,0,0,0,-131,131,25,38,38,38,0.0,0,0,0,0,0,1343,38,1474,2,0,0.0,0.0,0,0
2239,44802,3455,522,-16,36,-64,-24,-36,124,1466,1474,5,0,221,5,7,1,24,0.1,16,-1,112,108,0,1922,1,0,0,0,-124,124,25,37,37,37,0.0,0,0,0,0,0,1342,37,1466,2,0,0.0,0.0,0,0
2240,44822,3457,523,-17,24,-68,-24,-24,116,1460,1466,5,0,221,5,7,1,29,-1.1,15,0,108,116,0,1923,1,0,0,0,-116,116,26,39,39,39,0.0,0,0,0,0,0,1344,39,1460,2,0,0.0,0.0,0,0
2241,44842,3458,522,-16,15,-64,-24,-15,103,1449,1460,5,0,221,5,7,1,30,-1.6,16,0,111,108,0,1924,1,0,0,0,-103,103,27,41,41,41,0.0,0,0,0,0,0,1346,41,1449,2,0,0.0,0.0,0,0
2242,44862,3460,522,-16,12,-64,-25,-12,101,1448,1449,5,0,221,5,7,1,30,-1.6,16,0,111,108,0,1924,21,0,0,0,-101,101,28,42,42,42,0.0,0,0,0,0,0,1347,42,1448,2,0,0.0,0.0,0,0
2243,44882,3462,523,-17,11,-68,-25,-11,104,1456,1448,5,0,221,5,7,1,38,-2.1,16,-6,112,109,6,1925,11,0,0,0,-104,104,31,47,47,47,0.0,0,0,0,0,0,1352,47,1456,2,0,0.0,0.0,0,0
2244,44902,3464,522,-16,9,-64,-26,-9,99,1448,1456,5,0,221,5,7,1,25,-1.8,14,0,108,113,3,1926,11,0,0,0,-99,99,29,44,44,44,0.0,0,0,0,0,0,1349,44,1448,2,0,0.0,0.0,0,0
2245,44922,3466,525,-19,10,-76,-26,-10,113,1456,1448,5,0,221,5,7,1,16,-1.6,14,5,109,107,-4,1927,12,0,0,0,-113,113,25,38,38,38,0.0,0,0,0,0,0,1343,38,1456,2,0,0.0,0.0,0,0
2246,44942,3467,524,-18,13,-72,-27,-13,112,1449,1456,5,0,221,5,7,1,12,-1.3,14,8,116,106,-5,1928,12,0,0,0,-112,112,21,32,32,32,0.0,0,0,0,0,0,1337,32,1449,2,0,0.0,0.0,0,0
2247,44962,3469,525,-19,17,-76,-27,-17,120,1461,1449,5,0,221,5,7,1,30,-1.7000000000000002,16,11,108,110,-9,1929,12,0,0,0,-120,120,24,36,36,36,0.0,0,0,0,0,0,1341,36,1461,2,0,0.0,0.0,0,0
2248,44982,3471,527,-21,21,-84,-28,-21,133,1470,1461,5,0,221,5,7,1,16,-2.0,17,0,112,107,0,1930,1,0,0,0,-133,133,22,32,32,32,0.0,0,0,0,0,0,1337,32,1470,2,0,0.0,0.0,0,0
2249,45002,3472,527,-21,25,-84,-28,-25,137,1470,1470,5,0,221,5,7,1,13,-1.9000000000000001,15,1,104,109,0,1931,1,0,0,0,-137,137,19,28,28,28,0.0,0,0,0,0,0,1333,28,1470,0,0,0.0,0.0,0,0
2250,45022,3474,529,-23,31,-92,-29,-31,151,1489,1470,5,0,221,5,7,1,30,-0.7000000000000001,17,3,109,106,-3,1932,1,0,0,0,-151,151,22,33,33,33,0.0,0,0,0,0,0,1338,33,1489,2,0,0.0,0.0,0,0
2251,45042,3476,530,-24,37,-96,-29,-37,162,1503,1489,5,0,221,5,7,1,28,-1.0,27,-1,105,107,0,1933,1,0,0,0,-162,162,24,36,36,36,0.0,0,0,0,0,0,1341,36,1503,2,0,0.0,0.0,0,0
2252,45062,3478,530,-24,39,-96,-30,-39,165,1499,1503,5,0,221,5,7,1,9,-1.0,28,6,107,108,0,1934,1,0,0,0,-165,165,19,29,29,29,0.0,0,0,0,0,0,1334,29,1499,2,0,0.0,0.0,0,0
2253,45082,3479,530,-24,40,-96,-30,-40,167,1497,1499,5,0,221,5,7,1,9,-1.0,28,6,107,108,0,1934,21,0,0,0,-167,167,16,25,25,25,0.0,0,0,0,0,0,1330,25,1497,2,0,0.0,0.0,0,0
2254,45102,3481,530,-24,37,-96,-31,-37,164,1492,1497,5,0,221,5,7,1,14,-2.6,27,4,104,103,-2,1935,10,0,0,0,-164,164,16,23,23,23,0.0,0,0,0,0,0,1328,23,1492,2,0,0.0,0.0,0,0
2255,45122,3483,530,-24,31,-96,-32,-31,159,1485,1492,5,0,221,5,7,1,11,-2.7,29,7,109,105,-4,1936,10,0,0,0,-159,159,14,21,21,21,0.0,0,0,0,0,0,1326,21,1485,2,0,0.0,0.0,0,0
2256,45142,3485,530,-24,25,-96,-32,-25,153,1477,1485,5,0,221,5,7,1,8,-3.1,29,2,105,106,-2,1937,10,0,0,0,-153,153,12,19,19,19,0.0,0,0,0,0,0,1324,19,1477,2,0,0.0,0.0,0,0
2257,45162,3486,531,-25,21,-100,-33,-21,154,1485,1477,5,0,221,5,7,1,28,-2.6,23,-13,108,105,9,1938,10,0,0,0,-154,154,17,26,26,26,0.0,0,0,0,0,0,1331,26,1485,2,0,0.0,0.0,0,0
2258,45182,3488,530,-24,18,-96,-33,-18,147,1483,1485,5,0,221,5,7,1,28,-2.0,23,-3,101,107,4,1939,11,0,0,0,-147,147,20,31,31,31,0.0,0,0,0,0,0,1336,31,1483,2,0,0.0,0.0,0,0
2259,45202,3490,530,-24,14,-96,-34,-14,144,1490,1483,5,0,221,5,7,1,44,-0.6000000000000001,24,-3,105,106,2,1940,1,0,0,0,-144,144,27,41,41,41,0.0,0,0,0,0,0,1346,41,1490,2,0,0.0,0.0,0,0
2260,45222,3492,531,-25,12,-100,-35,-12,147,1501,1490,5,0,221,5,7,1,44,-0.6000000000000001,24,-3,105,106,2,1940,21,0,0,0,-147,147,32,49,49,49,0.0,0,0,0,0,0,1354,49,1501,2,0,0.0,0.0,0,0
2261,45242,3493,531,-25,11,-100,-35,-11,146,1494,1501,5,0,221,5,7,1,19,-1.1,24,0,104,103,0,1942,1,0,0,0,-146,146,28,43,43,43,0.0,0,0,0,0,0,1348,43,1494,2,0,0.0,0.0,0,0
2262,45262,3495,532,-26,11,-104,-36,-11,151,1494,1494,5,0,221,5,7,1,18,-1.2000000000000002,23,9,103,104,-9,1943,1,0,0,0,-151,151,25,38,38,38,0.0,0,0,0,0,0,1343,38,1494,0,0,0.0,0.0,0,0
2263,45282,3497,532,-26,14,-104,-36,-14,154,1500,1494,5,0,221,5,7,1,32,-0.9,22,3,105,102,-3,1944,1,0,0,0,-154,154,27,41,41,41,0.0,0,0,0,0,0,1346,41,1500,2,0,0.0,0.0,0,0
2264,45302,3498,532,-26,15,-104,-37,-15,156,1504,1500,5,0,221,5,7,1,32,-0.9,22,3,105,102,-3,1944,21,0,0,0,-156,156,29,43,43,43,0.0,0,0,0,0,0,1348,43,1504,2,0,0.0,0.0,0,0
2265,45322,3500,532,-26,16,-104,-37,-16,157,1507,1504,5,0,221,5,7,1,32,-1.3,18,6,102,100,-5,1945,11,0,0,0,-157,157,30,45,45,45,0.0,0,0,0,0,0,1350,45,1507,2,0,0.0,0.0,0,0
2266,45342,3502,532,-26,14,-104,-38,-14,156,1505,1507,5,0,221,5,7,1,29,-1.4000000000000001,16,-5,101,102,0,1946,11,0,0,0,-156,156,29,44,44,44,0.0,0,0,0,0,0,1349,44,1505,2,0,0.0,0.0,0,0
2267,45362,3504,531,-25,11,-100,-39,-11,150,1496,1505,5,0,221,5,7,1,22,-1.9000000000000001,14,0,102,100,0,1947,11,0,0,0,-150,150,27,41,41,41,0.0,0,0,0,0,0,1346,41,1496,2,0,0.0,0.0,0,0
2268,45382,3506,532,-26,8,-104,-40,-8,152,1491,1496,5,0,221,5,7,1,13,-1.9000000000000001,19,-3,96,105,0,1948,11,0,0,0,-152,152,23,34,34,34,0.0,0,0,0,0,0,1339,34,1491,2,0,0.0,0.0,0,0
2269,45402,3507,532,-26,6,-104,-40,-6,150,1496,1491,5,0,221,5,7,1,38,-0.7000000000000001,22,-8,103,101,5,1949,11,0,0,0,-150,150,27,41,41,41,0.0,0,0,0,0,0,1346,41,1496,2,0,0.0,0.0,0,0
2270,45422,3509,531,-25,4,-100,-41,-4,144,1494,1496,5,0,221,5,7,1,36,-0.4,23,-14,97,103,10,1950,1,0,0,0,-144,144,30,45,45,45,0.0,0,0,0,0,0,1350,45,1494,2,0,0.0,0.0,0,0
2271,45442,3511,530,-24,0,-96,-41,0,137,1492,1494,5,0,221,5,7,1,41,0.5,22,-15,98,101,10,1951,1,0,0,0,-137,137,33,50,50,50,0.0,0,0,0,0,0,1355,50,1492,2,0,0.0,0.0,0,0
2272,45462,3512,530,-24,-3,-96,-42,3,134,1492,1492,5,0,221,5,7,1,41,0.5,22,-15,98,101,10,1951,21,0,0,0,-134,134,36,53,53,53,0.0,0,0,0,0,0,1358,53,1492,0,0,0.0,0.0,0,0
2273,45482,3514,528,-22,-8,-88,-42,8,122,1473,1492,5,0,221,5,7,1,18,-0.2,22,2,97,102,0,1953,1,0,0,0,-122,122,30,46,46,46,0.0,0,0,0,0,0,1351,46,1473,2,0,0.0,0.0,0,0
2274,45502,3516,528,-22,-15,-88,-43,15,116,1465,1473,5,0,221,5,7,1,26,-0.4,17,-8,102,99,0,1954,1,0,0,0,-116,116,29,44,44,44,0.0,0,0,0,0,0,1349,44,1465,2,0,0.0,0.0,0,0
2275,45522,3518,528,-22,-18,-88,-43,18,113,1460,1465,5,0,221,5,7,1,26,-0.4,17,-8,102,99,0,1954,21,0,0,0,-113,113,28,42,42,42,0.0,0,0,0,0,0,1347,42,1460,2,0,0.0,0.0,0,0
2276,45542,3520,527,-21,-20,-84,-44,20,108,1443,1460,5,0,221,5,7,1,0,-1.4000000000000001,22,-1,94,97,0,1955,11,0,0,0,-108,108,20,30,30,30,0.0,0,0,0,0,0,1335,30,1443,2,0,0.0,0.0,0,0
2277,45562,3521,526,-20,-22,-80,-44,22,102,1433,1443,5,0,221,5,7,1,12,-0.6000000000000001,23,2,101,98,0,1956,12,0,0,0,-102,102,17,26,26,26,0.0,0,0,0,0,0,1331,26,1433,2,0,0.0,0.0,0,0
2278,45582,3523,526,-20,-23,-80,-45,23,102,1432,1433,5,0,221,5,7,1,15,-1.4000000000000001,17,6,98,100,-5,1957,11,0,0,0,-102,102,17,25,25,25,0.0,0,0,0,0,0,1330,25,1432,2,0,0.0,0.0,0,0
2279,45602,3525,527,-21,-21,-84,-45,21,108,1438,1432,5,0,221,5,7,1,17,-1.4000000000000001,15,7,101,96,-6,1958,11,0,0,0,-108,108,17,25,25,25,0.0,0,0,0,0,0,1330,25,1438,2,0,0.0,0.0,0,0
2280,45622,3526,527,-21,-19,-84,-46,19,110,1438,1438,5,0,221,5,7,1,12,-2.2,14,0,99,95,0,1959,11,0,0,0,-110,110,15,23,23,23,0.0,0,0,0,0,0,1328,23,1438,0,0,0.0,0.0,0,0
2281,45642,3528,525,-19,-18,-76,-46,18,104,1437,1438,5,0,221,5,7,1,26,-1.6,12,4,99,96,-3,1960,1,0,0,0,-104,104,19,28,28,28,0.0,0,0,0,0,0,1333,28,1437,2,0,0.0,0.0,0,0
2282,45662,3530,525,-19,-17,-76,-47,17,106,1446,1437,5,0,221,5,7,1,35,-1.4000000000000001,16,2,101,95,-1,1961,1,0,0,0,-106,106,23,35,35,35,0.0,0,0,0,0,0,1340,35,1446,2,0,0.0,0.0,0,0
2283,45682,3532,525,-19,-17,-76,-47,17,106,1441,1446,5,0,221,5,7,1,12,-1.9000000000000001,21,0,94,94,0,1962,1,0,0,0,-106,106,20,30,30,30,0.0,0,0,0,0,0,1335,30,1441,2,0,0.0,0.0,0,0
2284,45702,3533,524,-18,-18,-72,-47,18,101,1432,1441,5,0,221,5,7,1,12,-1.9000000000000001,21,0,94,94,0,1962,21,0,0,0,-101,101,18,26,26,26,0.0,0,0,0,0,0,1331,26,1432,2,0,0.0,0.0,0,0
2285,45722,3535,524,-18,-20,-72,-48,20,100,1435,1432,5,0,221,5,7,1,25,-0.9,27,5,95,96,-4,1964,1,0,0,0,-100,100,20,30,30,30,0.0,0,0,0,0,0,1335,30,1435,2,0,0.0,0.0,0,0
2286,45742,3537,525,-19,-17,-76,-48,17,108,1445,1435,5,0,221,5,7,1,25,-0.9,27,5,95,96,-4,1964,21,0,0,0,-108,108,21,32,32,32,0.0,0,0,0,0,0,1337,32,1445,2,0,0.0,0.0,0,0
2287,45762,3539,522,-16,-18,-64,-49,18,95,1431,1445,5,0,221,5,7,1,20,-2.0,26,3,95,94,-1,1965,11,0,0,0,-95,95,21,31,31,31,0.0,0,0,0,0,0,1336,31,1431,2,0,0.0,0.0,0,0
2288,45782,3540,522,-16,-19,-64,-49,19,94,1430,1431,5,0,221,5,7,1,20,-2.1,24,4,96,95,-3,1966,11,0,0,0,-94,94,21,31,31,31,0.0,0,0,0,0,0,1336,31,1430,2,0,0.0,0.0,0,0
2289,45802,3542,522,-16,-21,-64,-50,21,93,1429,1430,5,0,221,5,7,1,21,-2.4000000000000004,21,1,94,92,-3,1967,11,0,0,0,-93,93,21,31,31,31,0.0,0,0,0,0,0,1336,31,1429,2,0,0.0,0.0,0,0
2290,45822,3544,522,-16,-22,-64,-50,22,92,1433,1429,5,0,221,5,7,1,32,-2.1,20,-16,96,93,0,1968,10,0,0,0,-92,92,24,36,36,36,0.0,0,0,0,0,0,1341,36,1433,2,0,0.0,0.0,0,0
2291,45842,3546,523,-17,-20,-68,-51,20,98,1439,1433,5,0,221,5,7,1,24,-2.5,18,5,92,89,-3,1969,10,0,0,0,-98,98,24,36,36,36,0.0,0,0,0,0,0,1341,36,1439,2,0,0.0,0.0,0,0
2292,45862,3547,524,-18,-17,-72,-51,17,106,1447,1439,5,0,221,5,7,1,24,-2.5,18,5,92,89,-3,1969,30,0,0,0,-106,106,24,36,36,36,0.0,0,0,0,0,0,1341,36,1447,2,0,0.0,0.0,0,0
2293,45882,3549,524,-18,-9,-72,-51,9,115,1454,1447,5,0,221,5,7,1,19,-1.7000000000000002,15,5,94,96,0,1971,1,0,0,0,-115,115,23,34,34,34,0.0,0,0,0,0,0,1339,34,1454,2,0,0.0,0.0,0,0
2294,45902,3551,525,-19,-1,-76,-52,1,127,1467,1454,5,0,221,5,7,1,25,-1.3,13,-3,92,93,2,1972,1,0,0,0,-127,127,23,35,35,35,0.0,0,0,0,0,0,1340,35,1467,2,0,0.0,0.0,0,0
2295,45922,3553,525,-19,5,-76,-52,-5,134,1473,1467,5,0,221,5,7,1,21,0.0,14,-5,93,92,6,1973,0,0,0,0,-134,134,23,34,34,34,0.0,0,0,0,0,0,1339,34,1473,2,0,0.0,0.0,0,0
2296,45942,3554,525,-19,9,-76,-53,-9,138,1476,1473,5,0,221,5,7,1,21,0.0,14,-5,93,92,6,1973,20,0,0,0,-138,138,22,33,33,33,0.0,0,0,0,0,0,1338,33,1476,2,0,0.0,0.0,0,0
2297,45962,3556,526,-20,11,-80,-53,-11,144,1476,1476,5,0,221,5,7,1,8,-0.30000000000000004,15,13,87,94,-8,1974,20,0,0,0,-144,144,18,27,27,27,0.0,0,0,0,0,0,1332,27,1476,0,0,0.0,0.0,0,0
2298,45982,3558,524,-18,10,-72,-54,-10,135,1462,1476,5,0,221,5,7,1,8,-1.3,12,4,94,91,0,1975,11,0,0,0,-135,135,15,22,22,22,0.0,0,0,0,0,0,1327,22,1462,2,0,0.0,0.0,0,0
2299,46002,3560,524,-18,6,-72,-54,-6,132,1457,1462,5,0,221,5,7,1,9,-1.5,12,12,86,92,0,1976,11,0,0,0,-132,132,13,20,20,20,0.0,0,0,0,0,0,1325,20,1457,2,0,0.0,0.0,0,0
2300,46022,3561,524,-18,2,-72,-54,-2,129,1454,1457,5,0,221,5,7,1,13,-0.1,15,1,93,92,0,1977,11,0,0,0,-129,129,13,20,20,20,0.0,0,0,0,0,0,1325,20,1454,2,0,0.0,0.0,0,0
2301,46042,3563,526,-20,1,-80,-55,-1,136,1462,1454,5,0,221,5,7,1,15,-0.6000000000000001,12,0,92,89,0,1978,12,0,0,0,-136,136,14,21,21,21,0.0,0,0,0,0,0,1326,21,1462,2,0,0.0,0.0,0,0
2302,46062,3565,526,-20,3,-80,-55,-3,138,1470,1462,5,0,221,5,7,1,28,-0.4,12,0,88,93,0,1979,11,0,0,0,-138,138,18,27,27,27,0.0,0,0,0,0,0,1332,27,1470,2,0,0.0,0.0,0,0
2303,46082,3566,526,-20,4,-80,-56,-4,140,1476,1470,5,0,221,5,7,1,27,-0.9,14,-12,89,90,9,1980,1,0,0,0,-140,140,21,31,31,31,0.0,0,0,0,0,0,1336,31,1476,2,0,0.0,0.0,0,0
2304,46102,3568,527,-21,9,-84,-56,-9,150,1485,1476,5,0,221,5,7,1,18,-0.9,14,-7,85,93,8,1981,1,0,0,0,-150,150,20,30,30,30,0.0,0,0,0,0,0,1335,30,1485,2,0,0.0,0.0,0,0
2305,46122,3570,526,-20,11,-80,-57,-11,148,1480,1485,5,0,221,5,7,1,13,-0.6000000000000001,16,9,87,90,0,1982,1,0,0,0,-148,148,18,27,27,27,0.0,0,0,0,0,0,1332,27,1480,2,0,0.0,0.0,0,0
2306,46142,3572,526,-20,9,-80,-57,-9,147,1484,1480,5,0,221,5,7,1,29,-0.4,19,1,89,89,0,1983,1,0,0,0,-147,147,21,32,32,32,0.0,0,0,0,0,0,1337,32,1484,2,0,0.0,0.0,0,0
2307,46162,3574,525,-19,6,-76,-58,-6,140,1476,1484,5,0,221,5,7,1,19,-0.8,20,1,85,86,0,1984,0,0,0,0,-140,140,21,31,31,31,0.0,0,0,0,0,0,1336,31,1476,2,0,0.0,0.0,0,0
2308,46182,3575,526,-20,3,-80,-58,-3,141,1476,1476,5,0,221,5,7,1,19,-0.8,20,1,85,86,0,1984,20,0,0,0,-141,141,20,30,30,30,0.0,0,0,0,0,0,1335,30,1476,0,0,0.0,0.0,0,0
2309,46202,3577,524,-18,-2,-72,-59,2,128,1454,1476,5,0,221,5,7,1,0,-0.7000000000000001,24,4,86,88,-3,1985,11,0,0,0,-128,128,14,21,21,21,0.0,0,0,0,0,0,1326,21,1454,2,0,0.0,0.0,0,0
2310,46222,3579,524,-18,-6,-72,-59,6,125,1445,1454,5,0,221,5,7,1,0,-1.1,28,0,89,90,0,1986,11,0,0,0,-125,125,10,15,15,15,0.0,0,0,0,0,0,1320,15,1445,2,0,0.0,0.0,0,0
2311,46242,3580,524,-18,-9,-72,-59,9,122,1445,1445,5,0,221,5,7,1,16,-1.1,25,-3,87,86,0,1987,11,0,0,0,-122,122,12,18,18,18,0.0,0,0,0,0,0,1323,18,1445,0,0,0.0,0.0,0,0
2312,46262,3582,524,-18,-11,-72,-60,11,121,1444,1445,5,0,221,5,7,1,12,-1.5,22,9,89,86,-5,1988,11,0,0,0,-121,121,12,18,18,18,0.0,0,0,0,0,0,1323,18,1444,2,0,0.0,0.0,0,0
2313,46282,3584,523,-17,-13,-68,-60,13,115,1441,1444,5,0,221,5,7,1,20,-2.2,19,4,87,89,-7,1989,11,0,0,0,-115,115,14,21,21,21,0.0,0,0,0,0,0,1326,21,1441,2,0,0.0,0.0,0,0
2314,46302,3586,524,-18,-12,-72,-60,12,120,1449,1441,5,0,221,5,7,1,20,-2.2,19,4,87,89,-7,1989,31,0,0,0,-120,120,16,24,24,24,0.0,0,0,0,0,0,1329,24,1449,2,0,0.0,0.0,0,0
2315,46322,3588,522,-16,-12,-64,-60,12,112,1434,1449,5,0,221,5,7,1,0,-2.4000000000000004,15,0,87,86,0,1991,1,0,0,0,-112,112,11,17,17,17,0.0,0,0,0,0,0,1322,17,1434,2,0,0.0,0.0,0,0
2316,46342,3589,522,-16,-14,-64,-60,14,110,1431,1434,5,0,221,5,7,1,10,-1.8,13,3,86,88,-3,1992,1,0,0,0,-110,110,11,16,16,16,0.0,0,0,0,0,0,1321,16,1431,2,0,0.0,0.0,0,0
2317,46362,3591,524,-18,-12,-72,-60,12,120,1447,1431,5,0,221,5,7,1,23,-1.7000000000000002,15,0,89,84,0,1993,1,0,0,0,-120,120,14,22,22,22,0.0,0,0,0,0,0,1327,22,1447,2,0,0.0,0.0,0,0
2318,46382,3593,524,-18,-8,-72,-60,8,124,1453,1447,5,0,221,5,7,1,20,-1.8,13,7,85,90,-4,1994,1,0,0,0,-124,124,16,24,24,24,0.0,0,0,0,0,0,1329,24,1453,2,0,0.0,0.0,0,0
2319,46402,3594,525,-19,-4,-76,-60,4,132,1463,1453,5,0,221,5,7,1,20,-1.8,13,7,85,90,-4,1994,21,0,0,0,-132,132,17,26,26,26,0.0,0,0,0,0,0,1331,26,1463,2,0,0.0,0.0,0,0
2320,46422,3596,524,-18,0,-72,-60,0,132,1464,1463,5,0,221,5,7,1,20,-2.1,12,-4,88,84,0,1995,10,0,0,0,-132,132,18,27,27,27,0.0,0,0,0,0,0,1332,27,1464,2,0,0.0,0.0,0,0
2321,46442,3598,526,-20,6,-80,-60,-6,146,1474,1464,5,0,221,5,7,1,8,-2.4000000000000004,10,2,83,86,0,1996,10,0,0,0,-146,146,15,23,23,23,0.0,0,0,0,0,0,1328,23,1474,2,0,0.0,0.0,0,0
2322,46462,3599,526,-20,11,-80,-60,-11,151,1479,1474,5,0,221,5,7,1,16,-1.9000000000000001,11,0,84,83,0,1997,10,0,0,0,-151,151,15,23,23,23,0.0,0,0,0,0,0,1328,23,1479,2,0,0.0,0.0,0,0
2323,46482,3601,526,-20,13,-80,-60,-13,153,1482,1479,5,0,221,5,7,1,18,-1.8,8,-1,87,86,0,1998,10,0,0,0,-153,153,16,24,24,24,0.0,0,0,0,0,0,1329,24,1482,2,0,0.0,0.0,0,0
2324,46502,3603,524,-18,10,-72,-60,-10,142,1473,1482,5,0,221,5,7,1,20,-1.8,10,1,83,84,0,1999,11,0,0,0,-142,142,17,26,26,26,0.0,0,0,0,0,0,1331,26,1473,2,0,0.0,0.0,0,0
2325,46522,3605,524,-18,6,-72,-60,-6,138,1470,1473,5,0,221,5,7,1,20,-1.8,10,1,83,84,0,1999,31,0,0,0,-138,138,18,27,27,27,0.0,0,0,0,0,0,1332,27,1470,2,0,0.0,0.0,0,0
2326,46542,3607,526,-20,3,-80,-60,-3,143,1476,1470,5,0,221,5,7,1,19,-2.2,12,-3,82,81,0,2001,1,0,0,0,-143,143,18,28,28,28,0.0,0,0,0,0,0,1333,28,1476,2,0,0.0,0.0,0,0
2327,46562,3608,525,-19,1,-76,-60,-1,137,1472,1476,5,0,221,5,7,1,24,-2.4000000000000004,12,4,86,84,-2,2002,1,0,0,0,-137,137,20,30,30,30,0.0,0,0,0,0,0,1335,30,1472,2,0,0.0,0.0,0,0
2328,46582,3610,526,-20,2,-80,-60,-2,142,1479,1472,5,0,221,5,7,1,25,-2.8000000000000003,13,-2,80,82,0,2003,1,0,0,0,-142,142,22,32,32,32,0.0,0,0,0,0,0,1337,32,1479,2,0,0.0,0.0,0,0
2329,46602,3612,526,-20,6,-80,-60,-6,146,1484,1479,5,0,221,5,7,1,22,-1.8,14,6,85,81,0,2004,1,0,0,0,-146,146,22,33,33,33,0.0,0,0,0,0,0,1338,33,1484,2,0,0.0,0.0,0,0
2330,46622,3614,526,-20,8,-80,-60,-8,148,1486,1484,5,0,221,5,7,1,22,-1.8,14,6,85,81,0,2004,21,0,0,0,-148,148,22,33,33,33,0.0,0,0,0,0,0,1338,33,1486,2,0,0.0,0.0,0,0
2331,46642,3615,526,-20,9,-80,-60,-9,149,1486,1486,5,0,221,5,7,1,21,-2.2,12,9,82,81,-5,2005,10,0,0,0,-149,149,22,32,32,32,0.0,0,0,0,0,0,1337,32,1486,0,0,0.0,0.0,0,0
2332,46662,3617,526,-20,9,-80,-60,-9,149,1489,1486,5,0,221,5,7,1,28,-1.7000000000000002,11,4,84,82,-3,2006,10,0,0,0,-149,149,23,35,35,35,0.0,0,0,0,0,0,1340,35,1489,2,0,0.0,0.0,0,0
2333,46682,3618,526,-20,8,-80,-60,-8,148,1483,1489,5,0,221,5,7,1,12,-2.4000000000000004,14,5,81,77,-2,2007,10,0,0,0,-148,148,20,30,30,30,0.0,0,0,0,0,0,1335,30,1483,2,0,0.0,0.0,0,0
2334,46702,3620,526,-20,7,-80,-60,-7,147,1481,1483,5,0,221,5,7,1,18,-1.5,14,2,80,83,-3,2008,10,0,0,0,-147,147,19,29,29,29,0.0,0,0,0,0,0,1334,29,1481,2,0,0.0,0.0,0,0
2335,46722,3622,524,-18,3,-72,-60,-3,135,1468,1481,5,0,221,5,7,1,16,-1.8,11,0,84,79,0,2009,10,0,0,0,-135,135,18,28,28,28,0.0,0,0,0,0,0,1333,28,1468,2,0,0.0,0.0,0,0
2336,46742,3624,524,-18,-2,-72,-60,2,130,1462,1468,5,0,221,5,7,1,16,-1.8,11,0,84,79,0,2009,30,0,0,0,-130,130,18,27,27,27,0.0,0,0,0,0,0,1332,27,1462,2,0,0.0,0.0,0,0
2337,46762,3626,524,-18,-6,-72,-60,6,126,1457,1462,5,0,221,5,7,1,16,-2.0,9,0,80,82,0,2010,20,0,0,0,-126,126,17,26,26,26,0.0,0,0,0,0,0,1331,26,1457,2,0,0.0,0.0,0,0
2338,46782,3628,523,-17,-10,-68,-60,10,118,1449,1457,5,0,221,5,7,1,17,-0.8,5,-1,79,78,1,2012,1,0,0,0,-118,118,17,26,26,26,0.0,0,0,0,0,0,1331,26,1449,2,0,0.0,0.0,0,0
2339,46802,3629,523,-17,-13,-68,-60,13,115,1445,1449,5,0,221,5,7,1,15,-0.8,3,0,80,80,0,2013,1,0,0,0,-115,115,16,25,25,25,0.0,0,0,0,0,0,1330,25,1445,2,0,0.0,0.0,0,0
2340,46822,3631,522,-16,-15,-64,-60,15,109,1442,1445,5,0,221,5,7,1,24,-0.7000000000000001,7,-4,78,79,0,2014,1,0,0,0,-109,109,19,28,28,28,0.0,0,0,0,0,0,1333,28,1442,2,0,0.0,0.0,0,0
2341,46842,3633,522,-16,-16,-64,-60,16,108,1443,1442,5,0,221,5,7,1,24,-0.7000000000000001,7,-4,78,79,0,2014,21,0,0,0,-108,108,20,30,30,30,0.0,0,0,0,0,0,1335,30,1443,2,0,0.0,0.0,0,0
2342,46862,3634,521,-15,-18,-60,-60,18,102,1436,1443,5,0,221,5,7,1,18,-1.2000000000000002,9,-1,76,77,0,2015,10,0,0,0,-102,102,20,29,29,29,0.0,0,0,0,0,0,1334,29,1436,2,0,0.0,0.0,0,0
2343,46882,3636,522,-16,-19,-64,-60,19,105,1435,1436,5,0,221,5,7,1,9,-1.5,9,-3,76,78,2,2016,10,0,0,0,-105,105,16,25,25,25,0.0,0,0,0,0,0,1330,25,1435,2,0,0.0,0.0,0,0
2344,46902,3638,521,-15,-18,-60,-60,18,102,1429,1435,5,0,221,5,7,1,10,-1.3,11,-2,78,77,1,2017,10,0,0,0,-102,102,15,22,22,22,0.0,0,0,0,0,0,1327,22,1429,2,0,0.0,0.0,0,0
2345,46922,3640,522,-16,-15,-64,-60,15,109,1434,1429,5,0,221,5,7,1,10,-1.7000000000000002,10,3,77,75,0,2018,10,0,0,0,-109,109,13,20,20,20,0.0,0,0,0,0,0,1325,20,1434,2,0,0.0,0.0,0,0
2346,46942,3641,522,-16,-12,-64,-60,12,112,1442,1434,5,0,221,5,7,1,24,-1.8,10,-1,79,78,0,2019,10,0,0,0,-112,112,16,25,25,25,0.0,0,0,0,0,0,1330,25,1442,2,0,0.0,0.0,0,0
2347,46962,3643,522,-16,-8,-64,-60,8,116,1449,1442,5,0,221,5,7,1,24,-1.8,10,-1,79,78,0,2019,30,0,0,0,-116,116,19,28,28,28,0.0,0,0,0,0,0,1333,28,1449,2,0,0.0,0.0,0,0
2348,46982,3645,522,-16,-5,-64,-60,5,119,1454,1449,5,0,221,5,7,1,23,-2.0,11,-7,76,77,5,2020,20,0,0,0,-119,119,20,30,30,30,0.0,0,0,0,0,0,1335,30,1454,2,0,0.0,0.0,0,0
2349,47002,3647,520,-14,-6,-56,-60,6,110,1442,1454,5,0,221,5,7,1,13,-1.6,12,0,74,75,0,2021,20,0,0,0,-110,110,18,27,27,27,0.0,0,0,0,0,0,1332,27,1442,2,0,0.0,0.0,0,0
2350,47022,3649,519,-13,-11,-52,-60,11,101,1429,1442,5,0,221,5,7,1,9,-1.6,14,0,74,74,0,2023,1,0,0,0,-101,101,15,23,23,23,0.0,0,0,0,0,0,1328,23,1429,2,0,0.0,0.0,0,0
2351,47042,3650,520,-14,-14,-56,-60,14,102,1429,1429,5,0,221,5,7,1,13,-0.9,12,-6,74,75,3,2024,1,0,0,0,-102,102,15,22,22,22,0.0,0,0,0,0,0,1327,22,1429,0,0,0.0,0.0,0,0
2352,47062,3652,519,-13,-18,-52,-60,18,94,1420,1429,5,0,221,5,7,1,13,-0.9,12,-6,74,75,3,2024,21,0,0,0,-94,94,14,21,21,21,0.0,0,0,0,0,0,1326,21,1420,2,0,0.0,0.0,0,0
2353,47082,3654,518,-12,-21,-48,-60,21,87,1413,1420,5,0,221,5,7,1,13,-0.6000000000000001,11,-1,74,74,0,2025,11,0,0,0,-87,87,14,21,21,21,0.0,0,0,0,0,0,1326,21,1413,2,0,0.0,0.0,0,0
2354,47102,3655,518,-12,-23,-48,-60,23,85,1411,1413,5,0,221,5,7,1,15,-1.3,9,0,73,76,0,2026,10,0,0,0,-85,85,14,21,21,21,0.0,0,0,0,0,0,1326,21,1411,2,0,0.0,0.0,0,0
2355,47122,3657,516,-10,-24,-40,-60,24,76,1403,1411,5,0,221,5,7,1,16,-1.0,7,-6,75,73,2,2027,10,0,0,0,-76,76,15,22,22,22,0.0,0,0,0,0,0,1327,22,1403,2,0,0.0,0.0,0,0
2356,47142,3659,515,-9,-29,-36,-60,29,67,1394,1403,5,0,221,5,7,1,14,-0.9,7,1,74,77,-1,2028,10,0,0,0,-67,67,14,22,22,22,0.0,0,0,0,0,0,1327,22,1394,2,0,0.0,0.0,0,0
2357,47162,3661,515,-9,-32,-36,-60,32,64,1391,1394,5,0,221,5,7,1,16,-1.2000000000000002,10,-4,71,73,0,2029,10,0,0,0,-64,64,15,22,22,22,0.0,0,0,0,0,0,1327,22,1391,2,0,0.0,0.0,0,0
2358,47182,3662,515,-9,-33,-36,-60,33,63,1391,1391,5,0,221,5,7,1,16,-1.2000000000000002,10,-4,71,73,0,2029,30,0,0,0,-63,63,15,23,23,23,0.0,0,0,0,0,0,1328,23,1391,0,0,0.0,0.0,0,0
2359,47202,3664,514,-8,-33,-32,-60,33,59,1380,1391,5,0,221,5,7,1,0,-1.3,15,-3,75,73,3,2031,1,0,0,0,-59,59,11,16,16,16,0.0,0,0,0,0,0,1321,16,1380,2,0,0.0,0.0,0,0
2360,47222,3666,513,-7,-32,-28,-60,32,56,1372,1380,5,0,221,5,7,1,0,-1.3,15,-3,75,73,3,2031,21,0,0,0,-56,56,7,11,11,11,0.0,0,0,0,0,0,1316,11,1372,2,0,0.0,0.0,0,0
2361,47242,3668,512,-6,-32,-24,-60,32,52,1365,1372,5,0,221,5,7,1,0,-1.0,21,0,73,69,0,2033,1,0,0,0,-52,52,5,8,8,8,0.0,0,0,0,0,0,1313,8,1365,2,0,0.0,0.0,0,0
2362,47262,3669,511,-5,-33,-20,-60,33,47,1357,1365,5,0,221,5,7,1,0,-1.5,21,-3,71,69,0,2034,1,0,0,0,-47,47,4,5,5,5,0.0,0,0,0,0,0,1310,5,1357,2,0,0.0,0.0,0,0
2363,47282,3671,510,-4,-36,0,-60,36,24,1333,1357,5,0,221,5,7,1,0,-1.5,21,-3,71,69,0,2034,21,0,0,0,-24,24,3,4,4,4,0.0,0,0,0,0,0,1309,4,1333,2,0,0.0,0.0,0,0
2364,47302,3673,509,-3,-39,0,-60,39,21,1329,1333,5,0,221,5,7,1,0,-1.7000000000000002,24,2,67,69,0,2035,11,0,0,0,-21,21,2,3,3,3,0.0,0,0,0,0,0,1308,3,1329,2,0,0.0,0.0,0,0
2365,47322,3674,510,-4,-39,0,-60,39,21,1341,1329,5,0,221,5,7,1,30,-1.2000000000000002,28,3,76,71,-1,2036,11,0,0,0,-21,21,10,15,15,15,0.0,0,0,0,0,0,1320,15,1341,2,0,0.0,0.0,0,0
2366,47342,3676,508,-2,-40,0,-60,40,20,1342,1341,5,0,221,5,7,1,13,-1.6,29,-1,69,68,0,2037,10,0,0,0,-20,20,11,17,17,17,0.0,0,0,0,0,0,1322,17,1342,2,0,0.0,0.0,0,0
2367,47362,3678,507,-1,-39,0,-60,39,21,1342,1342,5,0,221,5,7,1,9,-2.3000000000000003,28,8,68,70,-4,2038,10,0,0,0,-21,21,10,16,16,16,0.0,0,0,0,0,0,1321,16,1342,0,0,0.0,0.0,0,0
2368,47382,3680,506,0,-39,0,-60,39,21,1344,1342,5,0,221,5,7,1,16,-2.2,27,-3,71,67,0,2039,10,0,0,0,-21,21,12,18,18,18,0.0,0,0,0,0,0,1323,18,1344,2,0,0.0,0.0,0,0
2369,47402,3681,506,0,-39,0,-60,39,21,1346,1344,5,0,221,5,7,1,16,-2.2,27,-3,71,67,0,2039,30,0,0,0,-21,21,13,20,20,20,0.0,0,0,0,0,0,1325,20,1346,2,0,0.0,0.0,0,0
2370,47422,3683,506,0,-39,0,-60,39,21,1347,1346,5,0,221,5,7,1,16,-1.4000000000000001,14,-10,66,71,6,2041,1,0,0,0,-21,21,14,21,21,21,0.0,0,0,0,0,0,1326,21,1347,2,0,0.0,0.0,0,0
2371,47442,3685,505,1,-36,0,-60,36,24,1351,1347,5,0,221,5,7,1,16,-1.4000000000000001,14,-10,66,71,6,2041,21,0,0,0,-24,24,15,22,22,22,0.0,0,0,0,0,0,1327,22,1351,2,0,0.0,0.0,0,0
2372,47462,3687,503,3,-35,0,-60,35,25,1355,1351,5,0,221,5,7,1,21,-0.9,12,2,68,67,-1,2042,20,0,0,0,-25,25,17,25,25,25,0.0,0,0,0,0,0,1330,25,1355,2,0,0.0,0.0,0,0
2373,47482,3689,502,4,-36,0,-60,36,24,1346,1355,5,0,221,5,7,1,0,-1.1,8,0,69,67,0,2044,1,0,0,0,-24,24,12,17,17,17,0.0,0,0,0,0,0,1322,17,1346,2,0,0.0,0.0,0,0
2374,47502,3690,502,4,-38,0,-60,38,22,1339,1346,5,0,221,5,7,1,0,-1.1,8,0,69,67,0,2044,21,0,0,0,-22,22,8,12,12,12,0.0,0,0,0,0,0,1317,12,1339,2,0,0.0,0.0,0,0
2375,47522,3692,502,4,-39,0,-60,39,21,1344,1339,5,0,221,5,7,1,21,-1.6,12,-1,65,69,1,2045,11,0,0,0,-21,21,12,18,18,18,0.0,0,0,0,0,0,1323,18,1344,2,0,0.0,0.0,0,0
2376,47542,3694,501,5,-38,20,-60,38,2,1326,1344,5,0,221,5,7,1,14,-0.7000000000000001,14,2,69,67,0,2046,11,0,0,0,-2,2,13,19,19,19,0.0,0,0,0,0,0,1324,19,1326,2,0,0.0,0.0,0,0
2377,47562,3695,500,6,-37,24,-60,37,-2,1323,1326,5,0,221,5,7,1,16,-1.1,14,0,67,65,0,2047,11,0,0,0,2,-2,14,20,20,20,0.0,0,0,0,0,0,1325,20,1323,2,0,0.0,0.0,0,0
2378,47582,3697,500,6,-35,24,-60,35,0,1319,1323,5,0,221,5,7,1,0,-1.5,15,0,63,67,0,2048,10,0,0,0,0,0,10,14,14,14,0.0,0,0,0,0,0,1319,14,1319,2,0,0.0,0.0,0,0
2379,47602,3699,499,7,-34,28,-59,34,-3,1318,1319,5,0,221,5,7,1,13,-1.0,17,4,67,65,-3,2049,10,0,0,0,3,-3,11,16,16,16,0.0,0,0,0,0,0,1321,16,1318,2,0,0.0,0.0,0,0
2380,47622,3701,498,8,-35,32,-59,35,-7,1315,1318,5,0,221,5,7,1,13,-1.0,17,4,67,65,-3,2049,30,0,0,0,7,-7,11,17,17,17,0.0,0,0,0,0,0,1322,17,1315,2,0,0.0,0.0,0,0
2381,47642,3702,498,8,-35,32,-59,35,-7,1318,1315,5,0,221,5,7,1,18,-3.0,16,1,71,63,0,2051,1,0,0,0,7,-7,13,20,20,20,0.0,0,0,0,0,0,1325,20,1318,2,0,0.0,0.0,0,0
2382,47662,3704,498,8,-33,32,-59,33,-6,1324,1318,5,0,221,5,7,1,24,-3.0,16,0,65,65,0,2052,2,0,0,0,6,-6,17,25,25,25,0.0,0,0,0,0,0,1330,25,1324,2,0,0.0,0.0,0,0
2383,47682,3706,498,8,-30,32,-59,30,-3,1329,1324,5,0,221,5,7,1,22,-2.4000000000000004,12,6,68,63,-2,2053,1,0,0,0,3,-3,18,27,27,27,0.0,0,0,0,0,0,1332,27,1329,2,0,0.0,0.0,0,0
2384,47702,3708,496,10,-28,40,-58,28,-10,1319,1329,5,0,221,5,7,1,10,-2.3000000000000003,13,0,65,63,0,2054,1,0,0,0,10,-10,16,24,24,24,0.0,0,0,0,0,0,1329,24,1319,2,0,0.0,0.0,0,0
2385,47722,3709,496,10,-28,40,-58,28,-9,1317,1319,5,0,221,5,7,1,10,-2.3000000000000003,13,0,65,63,0,2054,21,0,0,0,9,-9,14,21,21,21,0.0,0,0,0,0,0,1326,21,1317,2,0,0.0,0.0,0,0
2386,47742,3711,496,10,-27,40,-58,27,-9,1319,1317,5,0,221,5,7,1,19,-1.4000000000000001,11,0,62,64,0,2055,11,0,0,0,9,-9,15,23,23,23,0.0,0,0,0,0,0,1328,23,1319,2,0,0.0,0.0,0,0
2387,47762,3713,495,11,-28,44,-58,28,-14,1316,1319,5,0,221,5,7,1,19,-0.9,10,-3,64,65,1,2056,11,0,0,0,14,-14,17,25,25,25,0.0,0,0,0,0,0,1330,25,1316,2,0,0.0,0.0,0,0
2388,47782,3715,496,10,-25,40,-57,25,-8,1322,1316,5,0,221,5,7,1,16,-0.5,10,-1,60,61,1,2057,11,0,0,0,8,-8,16,25,25,25,0.0,0,0,0,0,0,1330,25,1322,2,0,0.0,0.0,0,0
2389,47802,3716,495,11,-24,44,-57,24,-11,1311,1322,5,0,221,5,7,1,0,-0.30000000000000004,14,0,62,64,0,2058,10,0,0,0,11,-11,11,17,17,17,0.0,0,0,0,0,0,1322,17,1311,2,0,0.0,0.0,0,0
2390,47822,3718,494,12,-22,48,-57,22,-13,1308,1311,5,0,221,5,7,1,8,-0.2,14,0,61,62,0,2059,10,0,0,0,13,-13,10,16,16,16,0.0,0,0,0,0,0,1321,16,1308,2,0,0.0,0.0,0,0
2391,47842,3720,494,12,-22,48,-57,22,-13,1307,1308,5,0,221,5,7,1,8,-0.2,14,0,61,62,0,2059,30,0,0,0,13,-13,10,15,15,15,0.0,0,0,0,0,0,1320,15,1307,2,0,0.0,0.0,0,0
2392,47862,3722,494,12,-21,48,-56,21,-12,1314,1307,5,0,221,5,7,1,23,-1.2000000000000002,15,-1,61,61,0,2061,1,0,0,0,12,-12,14,21,21,21,0.0,0,0,0,0,0,1326,21,1314,2,0,0.0,0.0,0,0
2393,47882,3723,493,13,-20,52,-56,20,-16,1303,1314,5,0,221,5,7,1,0,-1.4000000000000001,18,-2,60,59,1,2062,1,0,0,0,16,-16,10,14,14,14,0.0,0,0,0,0,0,1319,14,1303,2,0,0.0,0.0,0,0
2394,47902,3725,492,14,-21,56,-56,21,-21,1294,1303,5,0,221,5,7,1,0,-1.4000000000000001,14,1,60,61,0,2063,2,0,0,0,21,-21,7,10,10,10,0.0,0,0,0,0,0,1315,10,1294,2,0,0.0,0.0,0,0
2395,47922,3727,492,14,-22,56,-55,22,-22,1290,1294,5,0,221,5,7,1,0,-1.1,11,0,62,61,0,2064,1,0,0,0,22,-22,5,7,7,7,0.0,0,0,0,0,0,1312,7,1290,2,0,0.0,0.0,0,0
2396,47942,3729,492,14,-22,56,-55,22,-23,1287,1290,5,0,221,5,7,1,0,-1.1,11,0,62,61,0,2064,21,0,0,0,23,-23,3,5,5,5,0.0,0,0,0,0,0,1310,5,1287,2,0,0.0,0.0,0,0
2397,47962,3730,492,14,-22,56,-55,22,-23,1289,1287,5,0,221,5,7,1,8,-1.3,13,3,61,60,0,2065,12,0,0,0,23,-23,5,7,7,7,0.0,0,0,0,0,0,1312,7,1289,2,0,0.0,0.0,0,0
2398,47982,3732,491,15,-20,60,-54,20,-26,1284,1289,5,0,221,5,7,1,0,-1.5,14,-3,59,58,0,2066,12,0,0,0,26,-26,3,5,5,5,0.0,0,0,0,0,0,1310,5,1284,2,0,0.0,0.0,0,0
2399,48002,3734,491,15,-18,60,-54,18,-25,1283,1284,5,0,221,5,7,1,0,-1.2000000000000002,13,0,60,57,0,2067,12,0,0,0,25,-25,2,3,3,3,0.0,0,0,0,0,0,1308,3,1283,2,0,0.0,0.0,0,0
2400,48022,3736,490,16,-19,64,-53,19,-29,1278,1283,5,0,221,5,7,1,0,-1.4000000000000001,12,1,58,59,0,2068,12,0,0,0,29,-29,2,2,2,2,0.0,0,0,0,0,0,1307,2,1278,2,0,0.0,0.0,0,0
2401,48042,3737,493,13,-16,52,-53,16,-15,1297,1278,5,0,221,5,7,1,11,-0.6000000000000001,15,-4,59,56,1,2069,12,0,0,0,15,-15,4,7,7,7,0.0,0,0,0,0,0,1312,7,1297,2,0,0.0,0.0,0,0
2402,48062,3739,491,15,-13,60,-53,13,-20,1290,1297,5,0,221,5,7,1,0,-0.4,13,2,54,56,0,2070,1,0,0,0,20,-20,3,5,5,5,0.0,0,0,0,0,0,1310,5,1290,2,0,0.0,0.0,0,0
2403,48082,3741,490,16,-12,64,-52,12,-23,1285,1290,5,0,221,5,7,1,0,0.0,11,0,54,58,0,2071,1,0,0,0,23,-23,2,3,3,3,0.0,0,0,0,0,0,1308,3,1285,2,0,0.0,0.0,0,0
2404,48102,3743,489,17,-13,68,-52,13,-29,1278,1285,5,0,221,5,7,1,0,-0.2,9,1,60,57,0,2072,1,0,0,0,29,-29,2,2,2,2,0.0,0,0,0,0,0,1307,2,1278,2,0,0.0,0.0,0,0
